14911,0,2011/2/1,8:31,22374,4.25,4
14911,0,2011/2/1,8:31,22371,4.25,4
14911,0,2011/2/1,8:31,20654,1.25,12
14911,0,2011/2/1,8:31,20658,1.25,12
14911,0,2011/2/1,8:31,85039A,1.65,12
14911,0,2011/2/1,8:31,85040A,1.65,12
14911,0,2011/2/1,8:31,48129,7.95,2
14911,0,2011/2/1,8:31,48116,7.95,2
14911,0,2011/2/1,8:31,48194,7.95,2
14911,0,2011/2/1,8:31,22431,1.95,6
14911,0,2011/2/1,8:31,22433,1.95,6
14911,0,2011/2/1,8:31,21257,7.95,2
14911,0,2011/2/1,8:31,21259,5.95,2
14911,0,2011/2/1,8:31,21181,2.1,12
14911,0,2011/2/1,8:31,21166,1.95,12
14911,0,2011/2/1,8:31,22413,2.95,6
14911,0,2011/2/1,8:31,21411,4.25,3
14911,0,2011/2/1,8:31,22508,3.75,4
14911,0,2011/2/1,8:31,84683,0.65,48
14911,0,2011/2/1,8:31,21733,2.95,12
14911,0,2011/2/1,8:31,22136,1.65,12
14911,0,2011/2/1,8:31,22137,2.95,6
14911,0,2011/2/1,8:31,85184C,2.95,6
14911,0,2011/2/1,8:31,85123A,2.95,6
14911,0,2011/2/1,8:31,22132,0.85,12
14911,0,2011/2/1,8:31,21470,3.75,6
14911,0,2011/2/1,8:31,22625,8.5,2
14911,0,2011/2/1,8:31,21232,1.25,24
14911,0,2011/2/1,8:31,85099B,1.95,10
14911,0,2011/2/1,8:31,20985,1.25,12
14911,0,2011/2/1,8:31,22208,1.65,12
14911,0,2011/2/1,8:31,22211,1.65,12
14911,0,2011/2/1,8:31,21635,3.75,6
14911,0,2011/2/1,8:31,84536A,0.42,16
14911,0,2011/2/1,8:31,22045,0.42,25
14911,0,2011/2/1,8:31,16156S,0.42,25
14911,0,2011/2/1,8:31,22382,1.65,10
14911,0,2011/2/1,8:31,20725,1.65,10
14911,0,2011/2/1,8:31,21559,2.55,6
14911,0,2011/2/1,8:31,21915,1.25,12
14911,0,2011/2/1,8:31,22487,8.5,4
14911,0,2011/2/1,8:31,22417,0.55,24
14911,0,2011/2/1,8:31,84992,0.55,24
14911,0,2011/2/1,8:31,22497,4.25,4
14911,0,2011/2/1,8:31,22624,8.5,2
14496,0,2011/2/1,9:01,21471,3.75,6
14496,0,2011/2/1,9:01,22771,1.25,12
14496,0,2011/2/1,9:01,21672,1.25,12
14496,0,2011/2/1,9:01,84879,1.69,8
14496,0,2011/2/1,9:01,22139,4.95,3
14496,0,2011/2/1,9:01,21485,4.95,3
14496,0,2011/2/1,9:01,22835,4.65,4
14496,0,2011/2/1,9:01,22113,3.75,4
14496,0,2011/2/1,9:01,21257,7.95,2
14496,0,2011/2/1,9:01,22180,9.95,1
14496,0,2011/2/1,9:01,22423,12.75,3
14496,0,2011/2/1,9:01,84945,0.85,12
14496,0,2011/2/1,9:01,48188,7.95,2
14496,0,2011/2/1,9:01,21781,14.95,1
15039,0,2011/2/1,10:47,22692,7.95,2
15039,0,2011/2/1,10:47,22366,7.95,1
15039,0,2011/2/1,10:47,22365,7.95,1
15039,0,2011/2/1,10:47,47566B,4.65,3
15039,0,2011/2/1,10:47,84508A,2.55,1
15039,0,2011/2/1,10:47,21055,8.95,2
15039,0,2011/2/1,10:47,84313B,4.25,3
15039,0,2011/2/1,10:47,85099C,1.95,10
15039,0,2011/2/1,10:47,22385,1.95,10
15039,0,2011/2/1,10:47,22411,1.95,10
15039,0,2011/2/1,10:47,22624,7.65,12
15039,0,2011/2/1,10:47,22775,1.25,12
15039,0,2011/2/1,10:47,22064,1.65,2
15039,0,2011/2/1,10:47,85099B,1.95,20
15039,0,2011/2/1,10:47,22374,4.25,1
15039,0,2011/2/1,10:47,22219,0.85,4
15039,0,2011/2/1,10:47,22079,1.65,5
15039,0,2011/2/1,10:47,85049E,1.25,1
15039,0,2011/2/1,10:47,85049G,1.25,1
15039,0,2011/2/1,10:47,85049C,1.25,1
15039,0,2011/2/1,10:47,22435,1.25,10
15039,0,2011/2/1,10:47,22470,2.95,2
15039,0,2011/2/1,10:47,21535,2.55,1
15039,0,2011/2/1,10:47,22469,1.65,4
15039,0,2011/2/1,10:47,22667,2.95,1
15039,0,2011/2/1,10:47,22665,2.95,1
15039,0,2011/2/1,10:47,21755,5.95,2
15039,0,2011/2/1,10:47,22553,1.65,1
15039,0,2011/2/1,10:47,21313,0.85,5
15039,0,2011/2/1,10:47,21232,1.25,1
15039,0,2011/2/1,10:47,22021,1.65,7
15039,0,2011/2/1,10:47,85206A,1.65,4
15039,0,2011/2/1,10:47,21231,1.25,1
15039,0,2011/2/1,10:47,84988,1.45,9
15039,0,2011/2/1,10:47,22382,1.65,2
15039,0,2011/2/1,10:47,22720,4.95,2
15039,0,2011/2/1,10:47,84406B,3.25,3
15039,0,2011/2/1,10:47,82484,6.45,1
15039,0,2011/2/1,10:47,71053,3.75,5
17035,0,2011/2/1,12:27,22296,1.65,24
17035,0,2011/2/1,12:27,22424,12.75,1
17035,0,2011/2/1,12:27,22723,3.95,4
17035,0,2011/2/1,12:27,82484,6.45,3
17035,0,2011/2/1,12:27,82494L,2.95,6
17035,0,2011/2/1,12:27,22767,9.95,2
17035,0,2011/2/1,12:27,84510A,1.25,10
17035,0,2011/2/1,12:27,84510C,1.25,10
17035,0,2011/2/1,12:27,85232D,4.95,3
17035,0,2011/2/1,12:27,79191C,0.85,12
17035,0,2011/2/1,12:27,79191D,0.85,12
17035,0,2011/2/1,12:27,84879,1.69,8
17035,0,2011/2/1,12:27,21244,1.69,8
17035,0,2011/2/1,12:27,21242,1.69,8
17035,0,2011/2/1,12:27,20675,1.25,8
17035,0,2011/2/1,12:27,20676,1.25,8
17035,0,2011/2/1,12:27,21240,0.85,8
17035,0,2011/2/1,12:27,21238,0.85,8
16011,0,2011/2/1,14:43,22457,2.95,12
16011,0,2011/2/1,14:43,21326,0.65,24
16011,0,2011/2/1,14:43,21670,1.25,12
16011,0,2011/2/1,14:43,21672,1.25,12
16011,0,2011/2/1,14:43,21673,1.25,24
16011,0,2011/2/1,14:43,21671,1.25,18
16011,0,2011/2/1,14:43,21668,1.25,18
16011,0,2011/2/1,14:43,22771,1.25,24
16011,0,2011/2/1,14:43,22773,1.25,24
16011,0,2011/2/1,14:43,84946,1.25,12
15971,0,2011/2/1,16:47,22379,2.1,130
15971,0,2011/2/1,16:47,22378,2.1,70
15971,0,2011/2/1,16:47,22377,2.1,70
15971,0,2011/2/1,16:47,85099B,1.95,100
15270,0,2011/2/2,13:25,22822,5.95,4
15270,0,2011/2/2,13:25,22457,2.95,18
15270,0,2011/2/2,13:25,75049L,0.85,96
15270,0,2011/2/2,13:25,82001S,3.75,8
15270,0,2011/2/2,13:25,85123A,2.95,24
15270,0,2011/2/2,13:25,21733,2.95,12
15270,0,2011/2/2,13:25,21735,12.75,2
15270,0,2011/2/2,13:25,22470,2.95,12
15270,0,2011/2/2,13:25,22469,1.65,12
17912,0,2011/2/2,14:25,22423,12.75,1
17912,0,2011/2/2,14:25,22697,2.95,3
15270,0,2011/2/2,14:38,75049L,0.85,96
15270,0,2011/2/2,14:38,21735,12.75,2
15270,0,2011/2/2,14:38,22855,1.25,12
15270,0,2011/2/2,14:38,22469,1.65,12
15270,0,2011/2/2,14:38,22470,2.95,12
15270,0,2011/2/2,14:38,22822,5.95,4
15270,0,2011/2/2,14:38,22457,2.95,12
15270,0,2011/2/2,14:38,21733,2.95,12
15270,0,2011/2/2,14:38,85123A,2.95,12
14798,0,2011/2/2,15:26,21677,0.85,12
14798,0,2011/2/2,15:26,21114,1.25,10
14798,0,2011/2/2,15:26,22196,0.85,12
14798,0,2011/2/2,15:26,22151,0.42,24
14798,0,2011/2/2,15:26,85123A,2.95,6
14798,0,2011/2/2,15:26,22178,1.25,12
17223,0,2011/2/2,15:57,22423,12.75,2
17223,0,2011/2/2,15:57,21174,1.95,1
17223,0,2011/2/2,15:57,21166,1.95,2
17223,0,2011/2/2,15:57,21907,2.1,1
17223,0,2011/2/2,15:57,22697,2.95,2
17223,0,2011/2/2,15:57,22699,2.95,2
17223,0,2011/2/2,15:57,21563,2.95,2
17223,0,2011/2/2,15:57,22914,4.95,2
17223,0,2011/2/2,15:57,22913,4.95,2
17223,0,2011/2/2,15:57,85184C,2.95,2
17223,0,2011/2/2,15:57,21716,2.55,6
17223,0,2011/2/2,15:57,72821,1.65,2
17223,0,2011/2/2,15:57,22139,4.95,2
17223,0,2011/2/2,15:57,22139,4.95,2
17223,0,2011/2/2,15:57,22133,0.85,6
17223,0,2011/2/2,15:57,22132,0.85,6
17223,0,2011/2/2,15:57,46000R,1.45,2
17223,0,2011/2/2,15:57,46000U,1.25,2
17223,0,2011/2/2,15:57,46000M,1.55,2
13842,0,2011/2/3,13:31,82483,5.95,4
13842,0,2011/2/3,13:31,21506,0.42,12
13842,0,2011/2/3,13:31,22983,0.42,12
13842,0,2011/2/3,13:31,22030,0.42,12
13842,0,2011/2/3,13:31,22815,0.42,12
13842,0,2011/2/3,13:31,84580,3.75,4
13842,0,2011/2/3,13:31,22464,1.65,12
13842,0,2011/2/3,13:31,22149,2.1,6
13842,0,2011/2/3,13:31,22077,1.65,12
13842,0,2011/2/3,13:31,22595,0.85,12
13842,0,2011/2/3,13:31,72760B,9.95,5
13842,0,2011/2/3,13:31,21843,10.95,1
13842,0,2011/2/3,13:31,22508,3.75,4
13842,0,2011/2/3,13:31,22667,2.95,6
13842,0,2011/2/3,13:31,22797,16.95,3
13842,0,2011/2/3,13:31,22795,6.75,2
13842,0,2011/2/3,13:31,21116,4.95,3
13819,0,2011/2/3,14:01,22326,2.95,6
13819,0,2011/2/3,14:01,21041,2.95,6
13819,0,2011/2/3,14:01,21035,2.95,6
13819,0,2011/2/3,14:01,21864,2.1,12
13819,0,2011/2/3,14:01,22411,1.95,10
13819,0,2011/2/3,14:01,21930,1.95,20
13819,0,2011/2/3,14:01,21929,1.95,20
13819,0,2011/2/3,14:01,21977,0.55,24
13819,0,2011/2/3,14:01,20726,1.65,20
13819,0,2011/2/3,14:01,20719,0.85,40
13819,0,2011/2/3,14:01,20724,0.85,60
13871,0,2011/2/4,9:30,22720,4.95,3
13871,0,2011/2/4,9:30,21756,5.95,3
13871,0,2011/2/4,9:30,22501,9.95,2
13871,0,2011/2/4,9:30,22427,5.95,3
13871,0,2011/2/4,9:30,84946,1.25,24
13871,0,2011/2/4,9:30,22178,1.25,24
13871,0,2011/2/4,9:30,22217,1.25,12
13871,0,2011/2/4,9:30,22969,1.45,12
13871,0,2011/2/4,9:30,22960,4.25,6
13871,0,2011/2/4,9:30,21533,4.95,3
13871,0,2011/2/4,9:30,20725,1.65,10
13871,0,2011/2/4,9:30,22507,4.95,8
13871,0,2011/2/4,9:30,21155,2.1,6
13871,0,2011/2/4,9:30,21314,2.1,24
13871,0,2011/2/4,9:30,21430,3.75,4
13871,0,2011/2/4,9:30,21428,4.25,4
13871,0,2011/2/4,9:30,21485,4.95,3
13871,0,2011/2/4,9:30,22139,4.95,3
13871,0,2011/2/4,9:30,21452,2.95,6
13871,0,2011/2/4,9:30,35004C,5.45,3
13871,0,2011/2/4,9:30,84030E,4.25,4
13871,0,2011/2/4,9:30,16161P,0.42,25
13871,0,2011/2/4,9:30,23231,0.42,25
16938,0,2011/2/4,9:34,21790,0.85,12
16938,0,2011/2/4,9:34,21791,1.25,12
16938,0,2011/2/4,9:34,15056N,5.95,3
16938,0,2011/2/4,9:34,15056BL,5.95,3
16938,0,2011/2/4,9:34,21561,2.55,6
16938,0,2011/2/4,9:34,21559,2.55,12
16938,0,2011/2/4,9:34,84997C,3.75,6
16938,0,2011/2/4,9:34,84997D,3.75,6
16938,0,2011/2/4,9:34,22666,2.95,6
16938,0,2011/2/4,9:34,85049C,1.25,12
16938,0,2011/2/4,9:34,22077,1.65,12
16938,0,2011/2/4,9:34,22962,0.85,12
16938,0,2011/2/4,9:34,85123A,2.95,12
16938,0,2011/2/4,9:34,22085,2.95,6
14911,0,2011/2/4,10:31,84625A,2.95,6
14911,0,2011/2/4,10:31,84678,2.55,6
14911,0,2011/2/4,10:31,85116,2.1,6
14911,0,2011/2/4,10:31,85066,12.75,2
14911,0,2011/2/4,10:31,22797,16.95,1
14911,0,2011/2/4,10:31,22139,4.95,3
14911,0,2011/2/4,10:31,22620,1.25,12
14911,0,2011/2/4,10:31,84843,5.95,2
14911,0,2011/2/4,10:31,22150,1.95,6
14911,0,2011/2/4,10:31,22271,2.95,6
14911,0,2011/2/4,10:31,22587,0.85,12
14911,0,2011/2/4,10:31,22595,0.85,12
14911,0,2011/2/4,10:31,C2,50,1
17517,0,2011/2/4,11:48,22432,1.95,6
17517,0,2011/2/4,11:48,22247,0.85,16
17517,0,2011/2/4,11:48,22228,0.85,12
17517,0,2011/2/4,11:48,22233,1.65,12
17517,0,2011/2/4,11:48,21452,2.95,6
17517,0,2011/2/4,11:48,22236,12.75,2
17517,0,2011/2/4,11:48,21508,0.42,12
17517,0,2011/2/4,11:48,22859,1.65,6
17517,0,2011/2/4,11:48,22957,2.95,6
17517,0,2011/2/4,11:48,21383,0.65,12
17517,0,2011/2/4,11:48,22256,1.25,12
13137,0,2011/2/4,11:54,85071A,2.95,1
13137,0,2011/2/4,11:54,22621,1.45,2
13137,0,2011/2/4,11:54,84378,1.25,5
13137,0,2011/2/4,11:54,21121,1.25,3
13137,0,2011/2/4,11:54,21124,1.25,3
13137,0,2011/2/4,11:54,21122,1.25,3
13137,0,2011/2/4,11:54,21976,0.55,2
13137,0,2011/2/4,11:54,21975,0.55,3
13137,0,2011/2/4,11:54,22951,0.55,3
13137,0,2011/2/4,11:54,22417,0.55,3
13137,0,2011/2/4,11:54,21213,0.55,3
13137,0,2011/2/4,11:54,84992,0.55,5
13137,0,2011/2/4,11:54,21212,0.55,3
13137,0,2011/2/4,11:54,22379,2.1,1
13137,0,2011/2/4,11:54,22308,2.55,2
13137,0,2011/2/4,11:54,22309,2.55,2
13137,0,2011/2/4,11:54,21989,0.85,1
13137,0,2011/2/4,11:54,21080,0.85,1
13137,0,2011/2/4,11:54,21985,0.29,12
13137,0,2011/2/4,11:54,84748,3.75,2
13137,0,2011/2/4,11:54,20754,2.1,3
13137,0,2011/2/4,11:54,22241,1.25,4
13137,0,2011/2/4,11:54,21448,1.65,4
13137,0,2011/2/4,11:54,22196,0.85,7
13137,0,2011/2/4,11:54,22270,3.75,4
13137,0,2011/2/4,11:54,22134,0.42,5
13137,0,2011/2/4,11:54,22132,0.85,5
13137,0,2011/2/4,11:54,22133,0.85,5
13137,0,2011/2/4,11:54,22195,1.65,6
13137,0,2011/2/4,11:54,22131,1.95,5
13137,0,2011/2/4,11:54,22549,1.45,3
13137,0,2011/2/4,11:54,20914,2.95,5
13137,0,2011/2/4,11:54,21556,2.55,1
13137,0,2011/2/4,11:54,21533,4.95,6
13137,0,2011/2/4,11:54,22147,1.45,1
13137,0,2011/2/4,11:54,21989,0.85,1
13137,0,2011/2/4,11:54,21080,0.85,1
13137,0,2011/2/4,11:54,22621,1.45,1
13137,0,2011/2/4,11:54,22646,1.45,1
13137,0,2011/2/4,11:54,22645,1.45,2
13137,0,2011/2/4,11:54,21448,1.65,2
13137,0,2011/2/4,11:54,22270,3.75,1
13137,0,2011/2/4,11:54,84748,3.75,2
13137,0,2011/2/4,11:54,22147,1.45,2
13137,0,2011/2/4,11:54,21328,1.65,1
13137,0,2011/2/4,11:54,22111,4.95,1
13137,0,2011/2/4,11:54,22131,1.95,1
13137,0,2011/2/4,11:54,22379,2.1,1
16109,0,2011/2/4,12:37,22957,2.55,48
16109,0,2011/2/4,12:37,22236,10.95,12
16109,0,2011/2/4,12:37,85184C,2.55,24
15199,0,2011/2/4,14:04,47590B,5.45,6
15199,0,2011/2/4,14:04,47590A,5.45,12
15199,0,2011/2/4,14:04,22668,2.55,100
17392,0,2011/2/6,12:48,22384,1.65,1
17392,0,2011/2/6,12:48,21499,0.42,25
17392,0,2011/2/6,12:48,79164,1.65,2
17392,0,2011/2/6,12:48,79163,1.65,4
17392,0,2011/2/6,12:48,22161,0.65,2
17392,0,2011/2/6,12:48,22784,4.95,2
17392,0,2011/2/6,12:48,21500,0.42,25
17392,0,2011/2/6,12:48,84520B,0.85,5
17392,0,2011/2/6,12:48,72351B,2.1,5
17392,0,2011/2/6,12:48,20829,2.1,16
17392,0,2011/2/6,12:48,22222,4.95,1
17392,0,2011/2/6,12:48,71053,3.75,5
17392,0,2011/2/6,12:48,47566,4.95,6
17302,0,2011/2/7,10:14,22900,2.95,6
17302,0,2011/2/7,10:14,22970,2.55,6
17302,0,2011/2/7,10:14,22902,2.1,12
17302,0,2011/2/7,10:14,22720,4.95,3
17302,0,2011/2/7,10:14,22989,3.25,6
17302,0,2011/2/7,10:14,22969,1.45,12
17302,0,2011/2/7,10:14,22219,0.85,12
17302,0,2011/2/7,10:14,84945,0.85,12
17302,0,2011/2/7,10:14,22087,2.95,6
17302,0,2011/2/7,10:14,21871,1.25,12
17302,0,2011/2/7,10:14,22759,1.65,12
18225,0,2011/2/7,14:33,22077,1.65,12
18225,0,2011/2/7,14:33,85049C,1.25,12
18225,0,2011/2/7,14:33,85049E,1.25,12
18225,0,2011/2/7,14:33,16161P,0.42,25
18225,0,2011/2/7,14:33,21592,1.25,24
18225,0,2011/2/7,14:33,22804,2.95,6
18225,0,2011/2/7,14:33,85123A,2.95,12
18225,0,2011/2/7,14:33,21257,7.95,2
18225,0,2011/2/7,14:33,21259,5.95,4
18225,0,2011/2/7,14:33,21165,1.69,12
18225,0,2011/2/7,14:33,21181,2.1,12
18225,0,2011/2/7,14:33,20725,1.65,10
18225,0,2011/2/7,14:33,85099F,1.95,10
18225,0,2011/2/7,14:33,21929,1.95,10
18225,0,2011/2/7,14:33,21928,1.95,10
18225,0,2011/2/7,14:33,22385,1.95,10
18225,0,2011/2/7,14:33,22386,1.95,10
18225,0,2011/2/7,14:33,22411,1.95,10
18225,0,2011/2/7,14:33,22663,1.95,10
18225,0,2011/2/7,14:33,85099B,1.95,20
18225,0,2011/2/7,14:33,21977,0.55,24
18225,0,2011/2/7,14:33,22035,0.42,12
17881,0,2011/2/8,17:16,84406B,4.15,8
17881,0,2011/2/8,17:16,84927D,2.1,5
17881,0,2011/2/8,17:16,22914,4.95,1
17881,0,2011/2/8,17:16,84792,4.65,12
17881,0,2011/2/8,17:16,72800C,2.55,2
17881,0,2011/2/8,17:16,22927,5.95,1
17881,0,2011/2/8,17:16,22926,5.95,2
17881,0,2011/2/8,17:16,22925,5.95,1
15039,0,2011/2/9,10:49,21937,2.95,1
15039,0,2011/2/9,10:49,20725,1.65,4
15039,0,2011/2/9,10:49,21054,8.95,1
15039,0,2011/2/9,10:49,21754,5.95,1
15039,0,2011/2/9,10:49,71053,3.75,10
15039,0,2011/2/9,10:49,22772,1.25,12
15039,0,2011/2/9,10:49,22775,1.25,12
15039,0,2011/2/9,10:49,22343,0.85,6
15039,0,2011/2/9,10:49,21462,6.75,1
15039,0,2011/2/9,10:49,21931,1.95,20
15039,0,2011/2/9,10:49,22386,1.95,10
15039,0,2011/2/9,10:49,22411,1.95,10
15039,0,2011/2/9,10:49,22435,1.25,20
15039,0,2011/2/9,10:49,21929,1.95,10
15039,0,2011/2/9,10:49,22252,1.25,2
15039,0,2011/2/9,10:49,22773,1.25,4
15039,0,2011/2/9,10:49,22775,1.25,2
15039,0,2011/2/9,10:49,21428,4.25,4
15039,0,2011/2/9,10:49,21213,0.55,2
15039,0,2011/2/9,10:49,22670,1.25,4
15039,0,2011/2/9,10:49,22722,3.45,24
15039,0,2011/2/9,10:49,47585A,3.75,1
15039,0,2011/2/9,10:49,21239,0.85,8
15039,0,2011/2/9,10:49,22692,7.95,2
15039,0,2011/2/9,10:49,22273,2.95,1
17537,0,2011/2/9,13:37,22927,5.95,1
17537,0,2011/2/9,13:37,82551,1.45,1
17537,0,2011/2/9,13:37,90202B,2.95,1
17537,0,2011/2/9,13:37,90202C,2.95,1
17537,0,2011/2/9,13:37,82582,2.1,1
17537,0,2011/2/9,13:37,22863,2.95,1
17537,0,2011/2/9,13:37,85214,1.65,1
17537,0,2011/2/9,13:37,22968,9.95,1
17537,0,2011/2/9,13:37,22476,4.95,1
17537,0,2011/2/9,13:37,90174,2.55,1
17537,0,2011/2/9,13:37,21124,1.25,2
17537,0,2011/2/9,13:37,22113,3.75,1
17537,0,2011/2/9,13:37,18007,0.18,1
17537,0,2011/2/9,13:37,21126,1.25,1
17537,0,2011/2/9,13:37,84596F,1.25,1
17537,0,2011/2/9,13:37,84596G,1.25,1
17537,0,2011/2/9,13:37,22968,9.95,1
17537,0,2011/2/9,13:37,22926,5.95,2
17537,0,2011/2/9,13:37,16008,0.25,20
17537,0,2011/2/9,13:37,22064,1.65,1
17537,0,2011/2/9,13:37,51020A,1.25,12
17537,0,2011/2/9,13:37,22741,0.85,48
17537,0,2011/2/9,13:37,22969,1.45,24
17537,0,2011/2/9,13:37,21459,1.95,4
17537,0,2011/2/9,13:37,37448,1.49,12
17537,0,2011/2/9,13:37,84380,1.25,12
17537,0,2011/2/9,13:37,22759,1.65,24
17537,0,2011/2/9,13:37,20751,2.1,12
17537,0,2011/2/9,13:37,37447,1.49,16
17537,0,2011/2/9,13:37,22665,2.95,6
17537,0,2011/2/9,13:37,22667,2.95,6
17537,0,2011/2/9,13:37,84535B,0.65,12
17537,0,2011/2/9,13:37,21108,2.55,12
17537,0,2011/2/9,13:37,22895,2.95,12
17537,0,2011/2/9,13:37,84659A,2.55,12
17537,0,2011/2/9,13:37,22469,1.65,12
17537,0,2011/2/9,13:37,85062,1.65,12
17537,0,2011/2/9,13:37,84755,0.65,12
17537,0,2011/2/9,13:37,21713,2.1,8
17537,0,2011/2/9,13:37,72741,1.45,9
17537,0,2011/2/9,13:37,85040B,1.65,4
17537,0,2011/2/9,13:37,85039B,1.65,4
17537,0,2011/2/9,13:37,85040A,1.65,4
17537,0,2011/2/9,13:37,84536B,0.42,20
17537,0,2011/2/9,13:37,90200B,4.25,1
17537,0,2011/2/9,13:37,90039C,3.75,1
17537,0,2011/2/9,13:37,90161D,4.95,1
17537,0,2011/2/9,13:37,90161A,4.95,1
17537,0,2011/2/9,13:37,90161C,4.95,1
17537,0,2011/2/9,13:37,90161B,4.95,1
17537,0,2011/2/9,13:37,90198A,4.25,1
17537,0,2011/2/9,13:37,90200D,4.25,1
17537,0,2011/2/9,13:37,90200C,4.25,2
17537,0,2011/2/9,13:37,90200A,4.25,2
17537,0,2011/2/9,13:37,90120C,4.25,1
17537,0,2011/2/9,13:37,90120B,4.25,1
17537,0,2011/2/9,13:37,90122C,4.95,1
17537,0,2011/2/9,13:37,90122B,4.95,1
17537,0,2011/2/9,13:37,90122A,4.95,1
17537,0,2011/2/9,13:37,90120D,4.25,1
17537,0,2011/2/9,13:37,90198B,4.25,2
16607,0,2011/2/9,15:25,22722,3.95,16
16607,0,2011/2/9,15:25,23231,0.42,25
16607,0,2011/2/9,15:25,23233,0.42,25
16607,0,2011/2/9,15:25,22964,2.1,6
16607,0,2011/2/9,15:25,22046,0.42,25
16607,0,2011/2/9,15:25,22052,0.42,25
16607,0,2011/2/9,15:25,22706,0.42,25
16607,0,2011/2/9,15:25,22710,0.42,25
16607,0,2011/2/9,15:25,22616,0.29,24
16607,0,2011/2/9,15:25,22960,4.25,6
16607,0,2011/2/9,15:25,22822,5.95,2
16607,0,2011/2/9,15:25,22498,5.95,3
16607,0,2011/2/9,15:25,84692,0.42,25
16607,0,2011/2/9,15:25,22264,0.85,24
17358,0,2011/2/9,16:57,22977,1.25,12
17358,0,2011/2/9,16:57,22988,1.25,12
17358,0,2011/2/9,16:57,22188,3.95,1
17358,0,2011/2/9,16:57,21624,5.95,1
17358,0,2011/2/9,16:57,84356,6.95,1
17358,0,2011/2/9,16:57,17107D,2.55,1
17358,0,2011/2/9,16:57,35004C,5.45,1
17358,0,2011/2/9,16:57,20970,3.75,1
17358,0,2011/2/9,16:57,20967,3.75,1
17358,0,2011/2/9,16:57,85123A,2.95,2
17358,0,2011/2/9,16:57,75049L,1.25,1
17358,0,2011/2/9,16:57,22139,4.95,3
17358,0,2011/2/9,16:57,20828,2.55,2
17358,0,2011/2/9,16:57,21784,9.95,1
17358,0,2011/2/9,16:57,22926,5.95,2
17358,0,2011/2/9,16:57,45013,2.95,2
17358,0,2011/2/9,16:57,21929,1.95,1
12601,0,2011/2/10,9:43,82494L,2.95,12
12601,0,2011/2/10,9:43,21314,2.1,8
12601,0,2011/2/10,9:43,22567,1.25,12
12601,0,2011/2/10,9:43,20897,2.95,6
12601,0,2011/2/10,9:43,84832,0.85,12
12601,0,2011/2/10,9:43,POST,18,1
15809,0,2011/2/10,11:16,23231,0.42,25
15809,0,2011/2/10,11:16,23233,0.42,25
15809,0,2011/2/10,11:16,84946,1.25,12
15809,0,2011/2/10,11:16,21717,2.55,8
15809,0,2011/2/10,11:16,22619,3.75,4
15809,0,2011/2/10,11:16,22957,2.95,6
15809,0,2011/2/10,11:16,22090,2.95,6
15809,0,2011/2/10,11:16,22467,2.55,6
15809,0,2011/2/10,11:16,22842,6.75,2
15809,0,2011/2/10,11:16,22840,7.95,2
15809,0,2011/2/10,11:16,22625,8.5,2
15809,0,2011/2/10,11:16,22781,7.65,2
15809,0,2011/2/10,11:16,21397,1.25,12
16558,0,2011/2/10,13:54,22990,4.95,4
16558,0,2011/2/10,13:54,22966,1.25,12
16558,0,2011/2/10,13:54,22241,1.25,12
16558,0,2011/2/10,13:54,22281,5.95,2
16558,0,2011/2/10,13:54,22322,0.85,12
16558,0,2011/2/10,13:54,22808,2.95,6
16558,0,2011/2/10,13:54,22957,2.95,6
16558,0,2011/2/10,13:54,85203,0.42,24
16558,0,2011/2/10,13:54,22960,4.25,6
16558,0,2011/2/10,13:54,72741,1.45,9
16558,0,2011/2/10,13:54,22366,7.95,2
16558,0,2011/2/10,13:54,84970S,0.85,12
16558,0,2011/2/10,13:54,22189,3.95,4
16558,0,2011/2/10,13:54,22188,3.95,4
16558,0,2011/2/10,13:54,22321,0.85,12
16558,0,2011/2/10,13:54,22859,1.65,6
16558,0,2011/2/10,13:54,22861,1.65,6
16558,0,2011/2/10,13:54,21717,2.55,8
17790,0,2011/2/10,19:44,22457,2.95,4
17790,0,2011/2/10,19:44,22219,0.85,6
17790,0,2011/2/10,19:44,22156,0.85,5
17790,0,2011/2/10,19:44,22297,1.25,6
17790,0,2011/2/10,19:44,22296,1.65,6
17790,0,2011/2/10,19:44,85066,12.75,2
17790,0,2011/2/10,19:44,85123A,2.95,5
17790,0,2011/2/10,19:44,22470,2.95,6
17790,0,2011/2/10,19:44,21034,0.95,2
17790,0,2011/2/10,19:44,84836,1.25,8
17790,0,2011/2/10,19:44,85038,2.1,4
13819,0,2011/2/11,10:38,20711,1.95,10
13819,0,2011/2/11,10:38,21931,1.95,10
13819,0,2011/2/11,10:38,22411,1.95,10
13819,0,2011/2/11,10:38,22111,4.95,3
13819,0,2011/2/11,10:38,84029G,3.75,4
13819,0,2011/2/11,10:38,84997B,4.15,12
13819,0,2011/2/11,10:38,21731,1.65,30
13819,0,2011/2/11,10:38,21212,0.42,120
13819,0,2011/2/11,10:38,20727,1.65,20
13819,0,2011/2/11,10:38,20725,1.65,40
13819,0,2011/2/11,10:38,20723,0.85,30
13819,0,2011/2/11,10:38,20718,1.25,50
15270,0,2011/2/11,11:36,22156,0.85,48
15270,0,2011/2/11,11:36,22828,145,2
13672,0,2011/2/11,13:53,79323B,6.75,8
13672,0,2011/2/11,13:53,85232B,4.95,6
13672,0,2011/2/11,13:53,21655,1.69,24
18159,0,2011/2/11,14:26,22423,10.95,16
18159,0,2011/2/11,14:26,22698,2.95,6
18159,0,2011/2/11,14:26,22697,2.95,6
18159,0,2011/2/11,14:26,22699,2.95,6
18159,0,2011/2/11,14:26,22692,7.95,2
18159,0,2011/2/11,14:26,22846,16.95,1
18159,0,2011/2/11,14:26,22193,8.5,2
18159,0,2011/2/11,14:26,22191,8.5,2
18159,0,2011/2/11,14:26,21922,7.95,2
18159,0,2011/2/11,14:26,22878,2.1,6
18159,0,2011/2/11,14:26,22868,1.95,8
18159,0,2011/2/11,14:26,22877,1.95,8
18159,0,2011/2/11,14:26,22876,1.95,8
18159,0,2011/2/11,14:26,22875,1.95,8
18159,0,2011/2/11,14:26,22874,1.95,8
18159,0,2011/2/11,14:26,22873,1.95,8
18159,0,2011/2/11,14:26,22872,1.95,8
18159,0,2011/2/11,14:26,22871,1.95,8
18159,0,2011/2/11,14:26,22870,1.95,8
18159,0,2011/2/11,14:26,22869,1.95,8
18159,0,2011/2/11,14:26,22839,14.95,1
18159,0,2011/2/11,14:26,22084,2.95,6
18159,0,2011/2/11,14:26,22499,5.95,3
15061,0,2011/2/11,17:06,22467,2.1,1
15061,0,2011/2/11,17:06,22543,0.32,1
12867,0,2011/2/14,15:37,22985,0.42,25
12867,0,2011/2/14,15:37,22045,0.42,25
12867,0,2011/2/14,15:37,23233,0.42,25
12867,0,2011/2/14,15:37,23232,0.42,25
12867,0,2011/2/14,15:37,23231,0.42,25
12867,0,2011/2/14,15:37,85175,0.42,32
12867,0,2011/2/14,15:37,22382,1.65,2
12867,0,2011/2/14,15:37,20727,1.65,2
12867,0,2011/2/14,15:37,20726,1.65,3
12867,0,2011/2/14,15:37,22383,1.65,3
12867,0,2011/2/14,15:37,20725,1.65,3
12867,0,2011/2/14,15:37,22662,1.65,3
12867,0,2011/2/14,15:37,21876,1.25,6
12867,0,2011/2/14,15:37,22411,1.95,2
12867,0,2011/2/14,15:37,84879,1.69,16
12867,0,2011/2/14,15:37,21977,0.55,6
12867,0,2011/2/14,15:37,84992,0.55,6
12867,0,2011/2/14,15:37,22348,0.85,10
12867,0,2011/2/14,15:37,22961,1.45,10
12867,0,2011/2/14,15:37,82482,2.55,6
12867,0,2011/2/14,15:37,22029,0.42,24
12867,0,2011/2/14,15:37,22030,0.42,12
12867,0,2011/2/14,15:37,22037,0.42,12
12867,0,2011/2/14,15:37,22983,0.42,12
12867,0,2011/2/14,15:37,22815,0.42,24
12867,0,2011/2/14,15:37,21250,2.95,1
12867,0,2011/2/14,15:37,20969,3.75,4
12867,0,2011/2/14,15:37,20718,1.25,6
12867,0,2011/2/14,15:37,20719,0.85,6
12867,0,2011/2/14,15:37,22355,0.85,6
12867,0,2011/2/14,15:37,22661,0.85,6
12867,0,2011/2/14,15:37,20724,0.85,6
12867,0,2011/2/14,15:37,21219,1.25,2
12867,0,2011/2/14,15:37,21220,1.25,3
12867,0,2011/2/14,15:37,21222,1.25,2
12867,0,2011/2/14,15:37,22356,0.85,3
12867,0,2011/2/14,15:37,22139,4.95,3
12867,0,2011/2/14,15:37,22650,1.45,4
12867,0,2011/2/14,15:37,22230,0.85,10
12867,0,2011/2/14,15:37,21070,1.25,6
12867,0,2011/2/14,15:37,21071,1.25,6
12867,0,2011/2/14,15:37,22951,0.55,2
12867,0,2011/2/14,15:37,21213,0.55,3
12867,0,2011/2/14,15:37,21976,0.55,3
12867,0,2011/2/14,15:37,84991,0.55,3
12867,0,2011/2/14,15:37,21212,0.55,6
12867,0,2011/2/14,15:37,22417,0.55,3
12867,0,2011/2/14,15:37,17021,0.3,18
12867,0,2011/2/14,15:37,22274,2.95,2
12867,0,2011/2/14,15:37,22271,2.95,2
12867,0,2011/2/14,15:37,22272,2.95,2
12867,0,2011/2/14,15:37,22934,2.95,3
12867,0,2011/2/14,15:37,22933,2.95,2
12867,0,2011/2/14,15:37,20972,1.25,3
12867,0,2011/2/14,15:37,20971,1.25,3
12867,0,2011/2/14,15:37,22147,1.45,5
12867,0,2011/2/14,15:37,22148,1.95,3
12867,0,2011/2/14,15:37,22149,2.1,2
12867,0,2011/2/14,15:37,22149,2.1,8
12867,0,2011/2/14,15:37,22960,4.25,3
12867,0,2011/2/14,15:37,22231,1.45,6
16738,0,2011/2/15,9:46,46000U,1.25,3
17612,0,2011/2/15,10:40,22411,1.95,10
17612,0,2011/2/15,10:40,20725,1.65,10
17612,0,2011/2/15,10:40,22384,1.65,10
17612,0,2011/2/15,10:40,20727,1.65,10
17612,0,2011/2/15,10:40,21670,1.25,12
17612,0,2011/2/15,10:40,21673,1.25,12
17612,0,2011/2/15,10:40,21671,1.25,12
17612,0,2011/2/15,10:40,21485,4.95,3
17612,0,2011/2/15,10:40,22961,1.45,12
17612,0,2011/2/15,10:40,22960,4.25,6
17612,0,2011/2/15,10:40,48116,7.95,2
17612,0,2011/2/15,10:40,21986,0.29,24
17612,0,2011/2/15,10:40,84663A,5.95,3
17612,0,2011/2/15,10:40,21931,1.95,10
17612,0,2011/2/15,10:40,22385,1.95,10
17612,0,2011/2/15,10:40,85099B,1.95,10
17612,0,2011/2/15,10:40,22386,1.95,10
17612,0,2011/2/15,10:40,21669,1.25,12
14744,0,2011/2/15,11:33,22215,8.5,1
14744,0,2011/2/15,11:33,48188,6.75,20
14744,0,2011/2/15,11:33,20685,6.75,10
17730,0,2011/2/15,11:50,84406B,4.15,8
17730,0,2011/2/15,11:50,22667,2.95,6
17730,0,2011/2/15,11:50,21870,1.25,12
17730,0,2011/2/15,11:50,21874,1.25,12
17730,0,2011/2/15,11:50,21872,1.25,12
17730,0,2011/2/15,11:50,21527,7.95,2
17730,0,2011/2/15,11:50,21216,4.25,24
17730,0,2011/2/15,11:50,21218,3.75,6
17730,0,2011/2/15,11:50,20972,1.25,12
17730,0,2011/2/15,11:50,22179,6.75,4
17730,0,2011/2/15,11:50,22077,1.65,24
17730,0,2011/2/15,11:50,20914,2.95,6
17730,0,2011/2/15,11:50,22505,4.95,4
17730,0,2011/2/15,11:50,84247G,0.42,12
17730,0,2011/2/15,11:50,22984,0.42,12
17730,0,2011/2/15,11:50,21519,0.42,12
17730,0,2011/2/15,11:50,22819,0.42,12
13941,0,2011/2/15,12:12,22807,2.95,12
13941,0,2011/2/15,12:12,22780,3.75,48
13941,0,2011/2/15,12:12,85180A,3.81,24
13941,0,2011/2/15,12:12,20931,2.95,24
13941,0,2011/2/15,12:12,22179,6.75,6
13941,0,2011/2/15,12:12,22468,6.75,6
13941,0,2011/2/15,12:12,79321,4.95,72
13941,0,2011/2/15,12:12,21731,1.45,144
14346,0,2011/2/15,13:52,62096A,1.25,6
14346,0,2011/2/15,13:52,22384,1.65,10
14346,0,2011/2/15,13:52,20728,1.65,10
14346,0,2011/2/15,13:52,20726,1.65,10
14346,0,2011/2/15,13:52,48187,7.95,4
14346,0,2011/2/15,13:52,48185,7.95,2
14346,0,2011/2/15,13:52,48194,7.95,2
14346,0,2011/2/15,13:52,15036,0.75,12
14346,0,2011/2/15,13:52,15056N,5.95,3
14346,0,2011/2/15,13:52,15060B,3.75,4
14346,0,2011/2/15,13:52,85014B,5.95,3
14346,0,2011/2/15,13:52,21703,0.42,12
14346,0,2011/2/15,13:52,21889,1.25,12
14346,0,2011/2/15,13:52,21922,7.95,2
14346,0,2011/2/15,13:52,47591D,1.95,8
14346,0,2011/2/15,13:52,47567B,5.95,3
14346,0,2011/2/15,13:52,22424,12.75,1
16431,0,2011/2/15,14:02,22907,0.85,8
16431,0,2011/2/15,14:02,22771,1.25,12
16431,0,2011/2/15,14:02,22773,1.25,12
16431,0,2011/2/15,14:02,22772,1.25,12
16431,0,2011/2/15,14:02,85035A,4.25,6
16431,0,2011/2/15,14:02,20767,2.55,3
16431,0,2011/2/15,14:02,20762,3.75,3
16431,0,2011/2/15,14:02,20768,2.55,3
16431,0,2011/2/15,14:02,20761,3.75,3
16431,0,2011/2/15,14:02,20764,3.75,3
16431,0,2011/2/15,14:02,20756,0.85,3
16431,0,2011/2/15,14:02,20758,0.85,3
16431,0,2011/2/15,14:02,20755,0.85,3
16431,0,2011/2/15,14:02,20770,2.55,3
16431,0,2011/2/15,14:02,85036A,4.25,6
16431,0,2011/2/15,14:02,79000,0.85,24
16431,0,2011/2/15,14:02,22697,2.95,8
16431,0,2011/2/15,14:02,22698,2.95,8
16431,0,2011/2/15,14:02,84879,1.69,16
16431,0,2011/2/15,14:02,85099C,1.95,4
16431,0,2011/2/15,14:08,21245,1.69,2
16431,0,2011/2/15,14:08,22851,0.85,2
16431,0,2011/2/15,14:08,22383,1.65,2
16431,0,2011/2/15,14:08,21239,0.85,2
16431,0,2011/2/15,14:08,21240,0.85,1
16431,0,2011/2/15,14:08,22197,0.85,2
16431,0,2011/2/15,14:08,20675,1.25,2
16431,0,2011/2/15,14:08,20677,1.25,2
16431,0,2011/2/15,14:08,20674,1.25,2
16431,0,2011/2/15,14:08,84879,1.69,3
16431,0,2011/2/15,14:08,21244,1.69,1
16431,0,2011/2/15,14:08,21242,1.69,1
16431,0,2011/2/15,14:08,21245,1.69,2
16431,0,2011/2/15,14:08,22851,0.85,2
16431,0,2011/2/15,14:08,84520B,0.85,4
16431,0,2011/2/15,14:08,22383,1.65,1
16431,0,2011/2/15,14:08,21908,2.1,1
16431,0,2011/2/15,14:08,20677,1.25,1
16431,0,2011/2/15,14:08,20676,1.25,1
16431,0,2011/2/15,14:08,20674,1.25,1
16431,0,2011/2/15,14:08,20675,1.25,1
16431,0,2011/2/15,14:08,22773,1.25,2
16431,0,2011/2/15,14:08,22771,1.25,12
16431,0,2011/2/15,14:08,22197,0.85,2
16431,0,2011/2/15,14:08,21240,0.85,1
16431,0,2011/2/15,14:08,21238,0.85,1
16431,0,2011/2/15,14:08,21239,0.85,2
16431,0,2011/2/15,14:08,21136,1.69,1
16431,0,2011/2/15,14:08,84879,1.69,1
16431,0,2011/2/15,14:08,79000,0.85,3
17567,0,2011/2/16,10:38,21671,1.25,12
17567,0,2011/2/16,10:38,22696,1.95,12
17567,0,2011/2/16,10:38,22110,2.55,6
17567,0,2011/2/16,10:38,22113,3.75,8
17567,0,2011/2/16,10:38,22469,1.65,12
17567,0,2011/2/16,10:38,22457,2.95,6
17567,0,2011/2/16,10:38,22386,1.95,10
17567,0,2011/2/16,10:38,22381,2.1,5
17567,0,2011/2/16,10:38,21114,1.25,10
17567,0,2011/2/16,10:38,22073,3.75,4
17567,0,2011/2/16,10:38,22203,3.75,4
17567,0,2011/2/16,10:38,22378,2.1,5
17567,0,2011/2/16,10:38,22379,2.1,10
17567,0,2011/2/16,10:38,22377,2.1,5
17567,0,2011/2/16,10:38,85099B,1.95,10
17567,0,2011/2/16,10:38,20750,7.95,4
17567,0,2011/2/16,10:38,21844,2.95,6
17567,0,2011/2/16,10:38,22720,4.95,3
17567,0,2011/2/16,10:38,21231,1.25,12
17567,0,2011/2/16,10:38,22775,1.25,12
17567,0,2011/2/16,10:38,22772,1.25,12
17567,0,2011/2/16,10:38,22774,1.25,12
17567,0,2011/2/16,10:38,21531,2.55,6
17567,0,2011/2/16,10:38,21669,1.25,24
15039,0,2011/2/16,11:37,20685,7.95,1
15039,0,2011/2/16,11:37,48188,7.95,1
15039,0,2011/2/16,11:37,21055,8.95,1
15039,0,2011/2/16,11:37,21313,0.85,12
15039,0,2011/2/16,11:37,22064,1.65,2
15039,0,2011/2/16,11:37,22067,1.65,2
15039,0,2011/2/16,11:37,22067,1.65,2
15039,0,2011/2/16,11:37,21232,1.25,4
15039,0,2011/2/16,11:37,21231,1.25,4
15039,0,2011/2/16,11:37,22064,1.65,2
15039,0,2011/2/16,11:37,21240,0.85,8
15039,0,2011/2/16,11:37,21332,12.75,1
15039,0,2011/2/16,11:37,22171,7.65,12
15039,0,2011/2/16,11:37,21243,1.69,12
15039,0,2011/2/16,11:37,20677,1.25,12
15039,0,2011/2/16,11:37,20712,1.95,10
15039,0,2011/2/16,11:37,21928,1.95,10
15039,0,2011/2/16,11:37,20713,1.95,10
15039,0,2011/2/16,11:37,85099F,1.95,10
15039,0,2011/2/16,11:37,21930,1.95,10
15039,0,2011/2/16,11:37,21755,5.95,2
15039,0,2011/2/16,11:37,22900,2.95,1
15039,0,2011/2/16,11:37,22723,3.95,1
15039,0,2011/2/16,11:37,22470,2.95,4
15039,0,2011/2/16,11:37,22469,1.65,4
15039,0,2011/2/16,11:37,21210,1.45,8
15039,0,2011/2/16,11:37,22219,0.85,6
15039,0,2011/2/16,11:37,22198,1.65,2
15039,0,2011/2/16,11:37,22668,2.95,5
15039,0,2011/2/16,11:37,22644,1.45,1
15356,0,2011/2/16,12:11,20886,1.95,2
15356,0,2011/2/16,12:11,47594A,1.95,1
15356,0,2011/2/16,12:11,22488,1.65,2
15356,0,2011/2/16,12:11,47566,4.95,1
15356,0,2011/2/16,12:11,47594B,1.95,1
15356,0,2011/2/16,12:11,47566B,4.95,1
15356,0,2011/2/16,12:11,47590B,5.45,1
15356,0,2011/2/16,12:11,47590A,5.45,1
15356,0,2011/2/16,12:11,85150,2.55,1
15356,0,2011/2/16,12:11,85152,2.1,2
15356,0,2011/2/16,12:11,82600,2.1,2
15356,0,2011/2/16,12:11,82552,1.45,2
15356,0,2011/2/16,12:11,21175,2.55,2
15356,0,2011/2/16,12:11,82552,1.45,2
15356,0,2011/2/16,12:11,21169,1.69,2
15356,0,2011/2/16,12:11,21166,2.08,2
15356,0,2011/2/16,12:11,21907,2.1,1
15356,0,2011/2/16,12:11,21908,2.1,2
15356,0,2011/2/16,12:11,21181,2.1,2
15356,0,2011/2/16,12:11,22804,2.95,1
15356,0,2011/2/16,12:11,21733,2.95,2
15356,0,2011/2/16,12:11,85123A,2.95,5
15356,0,2011/2/16,12:11,22730,3.75,1
15356,0,2011/2/16,12:11,22726,3.75,1
15356,0,2011/2/16,12:11,22727,3.75,2
15356,0,2011/2/16,12:11,22470,2.95,12
15356,0,2011/2/16,12:11,22120,9.95,1
15356,0,2011/2/16,12:11,21754,5.95,2
15356,0,2011/2/16,12:11,21755,5.95,1
15356,0,2011/2/16,12:11,22469,1.65,14
15356,0,2011/2/16,12:11,21934,1.65,2
15356,0,2011/2/16,12:11,20717,1.25,1
15356,0,2011/2/16,12:11,21937,2.95,1
15356,0,2011/2/16,12:11,22662,1.65,1
15356,0,2011/2/16,12:11,20723,0.85,7
15356,0,2011/2/16,12:11,22382,1.65,3
15356,0,2011/2/16,12:11,20727,1.65,2
15356,0,2011/2/16,12:11,22383,1.65,10
15356,0,2011/2/16,12:11,21935,1.65,2
15356,0,2011/2/16,12:11,22661,0.85,3
15356,0,2011/2/16,12:11,22662,1.65,2
15356,0,2011/2/16,12:11,22355,0.85,10
12352,0,2011/2/16,12:33,21380,2.95,6
12352,0,2011/2/16,12:33,22064,1.65,12
12352,0,2011/2/16,12:33,21232,1.25,12
12352,0,2011/2/16,12:33,22646,1.45,12
12352,0,2011/2/16,12:33,22779,4.25,4
12352,0,2011/2/16,12:33,22423,12.75,3
12352,0,2011/2/16,12:33,22654,5.95,3
12352,0,2011/2/16,12:33,22120,9.95,3
12352,0,2011/2/16,12:33,21755,5.95,3
12352,0,2011/2/16,12:33,21756,5.95,3
12352,0,2011/2/16,12:33,21754,5.95,3
12352,0,2011/2/16,12:33,22853,3.25,6
12352,0,2011/2/16,12:33,21700,0.85,12
12352,0,2011/2/16,12:33,22630,1.95,12
12352,0,2011/2/16,12:33,22780,4.25,4
12431,0,2011/2/17,8:23,22382,1.65,10
12431,0,2011/2/17,8:23,22326,2.95,6
12431,0,2011/2/17,8:23,21080,0.85,12
12431,0,2011/2/17,8:23,22131,1.95,6
12431,0,2011/2/17,8:23,21527,7.95,2
12431,0,2011/2/17,8:23,21537,4.25,4
12431,0,2011/2/17,8:23,22328,2.95,6
12431,0,2011/2/17,8:23,22329,1.65,12
12431,0,2011/2/17,8:23,22352,2.55,6
12431,0,2011/2/17,8:23,22951,0.55,24
12431,0,2011/2/17,8:23,21240,0.85,8
12431,0,2011/2/17,8:23,21524,7.95,2
12431,0,2011/2/17,8:23,22204,3.75,4
12431,0,2011/2/17,8:23,21217,9.95,1
12431,0,2011/2/17,8:23,85232D,4.95,3
12431,0,2011/2/17,8:23,85232A,4.95,3
12431,0,2011/2/17,8:23,21428,4.25,4
12431,0,2011/2/17,8:23,85184C,2.95,6
12431,0,2011/2/17,8:23,22354,3.75,5
12431,0,2011/2/17,8:23,21533,4.95,6
12431,0,2011/2/17,8:23,21239,0.85,8
12431,0,2011/2/17,8:23,20677,1.25,8
12431,0,2011/2/17,8:23,20675,1.25,8
12431,0,2011/2/17,8:23,22975,1.25,12
12431,0,2011/2/17,8:23,22976,1.25,12
12431,0,2011/2/17,8:23,22977,1.25,12
12431,0,2011/2/17,8:23,22988,1.25,12
12431,0,2011/2/17,8:23,47504K,1.95,12
12431,0,2011/2/17,8:23,22846,16.95,1
12431,0,2011/2/17,8:23,22971,2.55,6
12431,0,2011/2/17,8:23,22629,1.95,12
12431,0,2011/2/17,8:23,22631,1.95,12
12431,0,2011/2/17,8:23,22356,0.85,10
12431,0,2011/2/17,8:23,20724,0.85,10
12431,0,2011/2/17,8:23,21000,4.25,6
12431,0,2011/2/17,8:23,21001,5.95,3
12431,0,2011/2/17,8:23,POST,15,5
14911,0,2011/2/17,11:01,22469,1.65,12
14911,0,2011/2/17,11:01,22470,2.95,6
14911,0,2011/2/17,11:01,21755,5.95,3
14911,0,2011/2/17,11:01,22429,4.25,8
14911,0,2011/2/17,11:01,22430,4.95,4
14911,0,2011/2/17,11:01,85053,2.1,6
14911,0,2011/2/17,11:01,22427,5.95,3
14911,0,2011/2/17,11:01,22804,2.95,6
14911,0,2011/2/17,11:01,85123A,2.95,6
14911,0,2011/2/17,11:01,84978,1.25,12
14911,0,2011/2/17,11:01,22457,2.95,6
14911,0,2011/2/17,11:01,21136,1.69,8
14911,0,2011/2/17,11:01,84949,1.65,6
14911,0,2011/2/17,11:01,C2,50,1
13718,0,2011/2/17,11:58,35004G,6.35,2
13718,0,2011/2/17,11:58,35004B,5.45,6
13718,0,2011/2/17,11:58,22774,1.25,12
13718,0,2011/2/17,11:58,22423,12.75,1
13718,0,2011/2/17,11:58,48138,7.95,2
13718,0,2011/2/17,11:58,17038,0.1,100
13718,0,2011/2/17,11:58,22771,1.25,12
15382,0,2011/2/17,12:01,22535,0.42,24
15382,0,2011/2/17,12:01,22529,0.42,24
15382,0,2011/2/17,12:01,22530,0.42,24
15382,0,2011/2/17,12:01,22973,1.65,12
15382,0,2011/2/17,12:01,22623,4.95,3
15382,0,2011/2/17,12:01,85176,0.85,12
15382,0,2011/2/17,12:01,22088,2.95,6
15382,0,2011/2/17,12:01,22966,1.25,12
15382,0,2011/2/17,12:01,22980,1.65,12
15382,0,2011/2/17,12:01,22083,2.95,6
15382,0,2011/2/17,12:01,22090,2.95,6
15382,0,2011/2/17,12:01,22991,1.95,12
15382,0,2011/2/17,12:01,22992,1.95,12
15382,0,2011/2/17,12:01,22955,2.1,6
15382,0,2011/2/17,12:01,22084,2.95,6
15382,0,2011/2/17,12:01,21201,2.55,12
15382,0,2011/2/17,12:01,21206,1.65,12
15382,0,2011/2/17,12:01,10002,0.85,12
15382,0,2011/2/17,12:01,21508,0.42,12
15382,0,2011/2/17,12:01,21509,0.42,12
15382,0,2011/2/17,12:01,21507,0.42,12
15382,0,2011/2/17,12:01,22207,4.25,4
15382,0,2011/2/17,12:01,22109,3.75,8
15382,0,2011/2/17,12:01,22107,3.75,8
15382,0,2011/2/17,12:01,22431,1.95,6
15382,0,2011/2/17,12:01,22526,12.75,1
15382,0,2011/2/17,12:01,79321,5.75,4
15382,0,2011/2/17,12:01,22366,7.95,2
15382,0,2011/2/17,12:01,21137,3.75,4
15382,0,2011/2/17,12:01,22967,2.95,6
15382,0,2011/2/17,12:01,22752,8.5,4
15382,0,2011/2/17,12:01,15036,0.75,24
15382,0,2011/2/17,12:01,17003,0.29,36
15382,0,2011/2/17,12:01,22749,3.75,4
15382,0,2011/2/17,12:01,22383,1.65,10
15382,0,2011/2/17,12:01,22149,2.1,6
15382,0,2011/2/17,12:01,22652,1.65,10
15382,0,2011/2/17,12:01,21930,1.95,10
15382,0,2011/2/17,12:01,20727,1.65,10
15382,0,2011/2/17,12:01,22629,1.95,12
15382,0,2011/2/17,12:01,22630,1.95,12
15382,0,2011/2/17,12:01,22964,2.1,6
15382,0,2011/2/17,12:01,22972,1.65,12
15382,0,2011/2/17,12:01,22614,0.29,24
15382,0,2011/2/17,12:01,22417,0.55,24
15382,0,2011/2/17,12:01,22745,2.1,6
15382,0,2011/2/17,12:01,21967,0.29,24
15382,0,2011/2/17,12:01,21975,0.55,24
15382,0,2011/2/17,12:01,21731,1.65,12
15382,0,2011/2/17,12:01,21439,1.25,12
15382,0,2011/2/17,12:01,22615,0.29,24
15382,0,2011/2/17,12:01,22616,0.29,24
15382,0,2011/2/17,12:01,21981,0.29,24
15382,0,2011/2/17,12:01,21982,0.29,24
15382,0,2011/2/17,12:01,84991,0.55,24
15382,0,2011/2/17,12:01,21212,0.55,24
15382,0,2011/2/17,12:01,21976,0.55,24
15382,0,2011/2/17,12:01,22467,2.55,6
15382,0,2011/2/17,12:01,22659,1.95,12
15382,0,2011/2/17,12:01,22988,1.25,12
15382,0,2011/2/17,12:01,84077,0.29,96
15382,0,2011/2/17,12:01,21746,1.25,12
15382,0,2011/2/17,12:01,20914,2.95,6
15382,0,2011/2/17,12:01,22558,1.49,12
15382,0,2011/2/17,12:01,22419,0.42,12
13178,0,2011/2/17,12:55,20681,3.25,6
13178,0,2011/2/17,12:55,20682,3.25,6
13178,0,2011/2/17,12:55,84997A,4.15,4
13178,0,2011/2/17,12:55,84997B,4.15,4
13178,0,2011/2/17,12:55,84997D,4.15,4
13178,0,2011/2/17,12:55,21495,0.42,25
13178,0,2011/2/17,12:55,22090,2.95,6
13178,0,2011/2/17,12:55,22089,2.95,6
13178,0,2011/2/17,12:55,20726,1.65,10
13178,0,2011/2/17,12:55,20727,1.65,10
13178,0,2011/2/17,12:55,22382,1.65,10
13178,0,2011/2/17,12:55,22383,1.65,20
13178,0,2011/2/17,12:55,20725,1.65,10
13178,0,2011/2/17,12:55,20728,1.65,10
13178,0,2011/2/17,12:55,22384,1.65,10
13178,0,2011/2/17,12:55,21500,0.42,25
13178,0,2011/2/17,12:55,21499,0.42,25
13178,0,2011/2/17,12:55,21498,0.42,25
13178,0,2011/2/17,12:55,20718,1.25,20
13178,0,2011/2/17,12:55,20717,1.25,10
13178,0,2011/2/17,12:55,22328,2.95,6
13178,0,2011/2/17,12:55,22329,1.65,12
13178,0,2011/2/17,12:55,22706,0.42,25
13178,0,2011/2/17,12:55,16161P,0.42,25
13178,0,2011/2/17,12:55,22243,1.65,12
18125,0,2011/2/17,13:47,72802C,4.25,1
18125,0,2011/2/17,13:47,72802B,4.25,1
18125,0,2011/2/17,13:47,72802A,4.25,1
18125,0,2011/2/17,13:47,85034C,4.25,1
18125,0,2011/2/17,13:47,21452,2.95,2
18125,0,2011/2/17,13:47,22068,1.65,2
18125,0,2011/2/17,13:47,82494L,2.95,1
18125,0,2011/2/17,13:47,82482,2.55,1
18125,0,2011/2/17,13:47,21175,2.55,2
18125,0,2011/2/17,13:47,21169,1.69,2
18125,0,2011/2/17,13:47,21166,2.08,2
18125,0,2011/2/17,13:47,22413,2.95,2
18125,0,2011/2/17,13:47,85152,2.1,2
18125,0,2011/2/17,13:47,21181,2.1,2
18125,0,2011/2/17,13:47,82583,2.1,2
18125,0,2011/2/17,13:47,22356,0.85,3
18125,0,2011/2/17,13:47,20719,0.85,3
18125,0,2011/2/17,13:47,20723,0.85,3
18125,0,2011/2/17,13:47,22355,0.85,3
18125,0,2011/2/17,13:47,21891,1.25,2
18125,0,2011/2/17,13:47,21363,4.95,2
18125,0,2011/2/17,13:47,72351A,2.1,2
18125,0,2011/2/17,13:47,85040A,1.65,2
18125,0,2011/2/17,13:47,72349B,2.1,2
18125,0,2011/2/17,13:47,22993,1.25,3
18125,0,2011/2/17,13:47,22207,4.25,1
18125,0,2011/2/17,13:47,23000,0.42,2
18125,0,2011/2/17,13:47,22998,0.42,2
18125,0,2011/2/17,13:47,22997,0.42,2
18125,0,2011/2/17,13:47,23005,0.42,2
18125,0,2011/2/17,13:47,22996,0.42,2
18125,0,2011/2/17,13:47,21914,1.25,2
18125,0,2011/2/17,13:47,21915,1.25,2
18125,0,2011/2/17,13:47,22197,0.85,18
18125,0,2011/2/17,13:47,22198,1.65,6
18125,0,2011/2/17,13:47,20751,2.1,3
18125,0,2011/2/17,13:47,20752,2.1,1
18125,0,2011/2/17,13:47,21479,3.75,2
18125,0,2011/2/17,13:47,22420,0.42,6
18125,0,2011/2/17,13:47,22419,0.42,6
18125,0,2011/2/17,13:47,22421,0.42,6
18125,0,2011/2/17,13:47,21258,12.75,1
13085,0,2011/2/17,13:57,22299,1.25,48
13085,0,2011/2/17,13:57,22147,1.45,12
13085,0,2011/2/17,13:57,22271,2.95,12
13085,0,2011/2/17,13:57,22418,0.85,48
13085,0,2011/2/17,13:57,22617,4.95,3
13085,0,2011/2/17,13:57,20750,7.95,2
13085,0,2011/2/17,13:57,22138,4.95,3
13085,0,2011/2/17,13:57,20749,7.95,2
13085,0,2011/2/17,13:57,21791,1.25,12
13085,0,2011/2/17,13:57,21790,0.85,12
13085,0,2011/2/17,13:57,22745,2.1,6
13085,0,2011/2/17,13:57,22746,2.1,6
13085,0,2011/2/17,13:57,22748,2.1,6
15785,0,2011/2/17,14:17,79000,0.85,24
15785,0,2011/2/17,14:17,22197,0.72,100
15785,0,2011/2/17,14:17,21094,0.85,12
15785,0,2011/2/17,14:17,21080,0.85,12
15785,0,2011/2/17,14:17,22383,1.65,10
15785,0,2011/2/17,14:17,20725,1.65,10
15785,0,2011/2/17,14:17,84755,0.65,16
15785,0,2011/2/17,14:17,21700,0.85,12
15785,0,2011/2/17,14:17,21210,1.45,12
15785,0,2011/2/17,14:17,21231,1.25,12
15785,0,2011/2/17,14:17,84992,0.55,24
15785,0,2011/2/17,14:17,21213,0.55,24
15785,0,2011/2/17,14:17,21977,0.55,24
15785,0,2011/2/17,14:17,21975,0.55,24
15785,0,2011/2/17,14:17,84692,0.42,25
15785,0,2011/2/17,14:17,22934,2.95,6
15785,0,2011/2/17,14:17,22933,2.95,6
15785,0,2011/2/17,14:17,21916,0.42,24
15785,0,2011/2/17,14:17,21217,9.95,3
15785,0,2011/2/17,14:17,22776,8.5,12
15785,0,2011/2/17,14:17,21843,10.95,4
15785,0,2011/2/17,14:17,22423,10.95,16
15785,0,2011/2/17,14:17,22055,1.65,8
15785,0,2011/2/17,14:17,37446,1.45,8
15785,0,2011/2/17,14:17,22220,9.95,4
15785,0,2011/2/17,14:17,22417,0.55,24
15785,0,2011/2/17,14:17,22955,1.85,48
15785,0,2011/2/17,14:17,22956,1.85,48
15785,0,2011/2/17,14:17,22668,2.95,5
14099,0,2011/2/17,14:36,21870,1.25,6
14099,0,2011/2/17,14:36,22483,2.95,2
14099,0,2011/2/17,14:36,84508B,2.55,2
14099,0,2011/2/17,14:36,84508C,2.55,2
14099,0,2011/2/17,14:36,22616,0.29,12
14099,0,2011/2/17,14:36,21166,2.08,12
14099,0,2011/2/17,14:36,82600,2.1,12
14099,0,2011/2/17,14:36,82583,2.1,21
14099,0,2011/2/17,14:36,85150,2.55,1
14099,0,2011/2/17,14:36,23005,0.42,24
14099,0,2011/2/17,14:36,22998,0.42,24
14099,0,2011/2/17,14:36,22999,0.42,24
14099,0,2011/2/17,14:36,22995,0.42,24
14099,0,2011/2/17,14:36,22997,0.42,24
14099,0,2011/2/17,14:36,22908,0.85,2
14099,0,2011/2/17,14:36,79062D,0.65,12
14099,0,2011/2/17,14:36,72351A,2.1,8
17288,0,2011/2/17,16:43,21914,1.25,12
17288,0,2011/2/17,16:43,21915,1.25,12
17288,0,2011/2/17,16:43,22492,0.65,36
17576,0,2011/2/17,16:59,85175,0.42,16
17576,0,2011/2/17,16:59,85172,0.42,16
17576,0,2011/2/17,16:59,21181,2.1,12
17576,0,2011/2/17,16:59,21901,0.65,1
17576,0,2011/2/17,16:59,17003,0.29,1
17576,0,2011/2/17,16:59,84510A,1.25,5
17576,0,2011/2/17,16:59,22241,1.25,5
17576,0,2011/2/17,16:59,21976,0.55,3
17576,0,2011/2/17,16:59,21977,0.55,6
17576,0,2011/2/17,16:59,22951,0.55,3
17576,0,2011/2/17,16:59,84992,0.55,4
17576,0,2011/2/17,16:59,84991,0.55,2
17576,0,2011/2/17,16:59,22267,1.25,12
17576,0,2011/2/17,16:59,22625,8.5,1
17576,0,2011/2/17,16:59,22624,8.5,1
17576,0,2011/2/17,16:59,22665,2.95,2
17576,0,2011/2/17,16:59,72741,1.45,4
17576,0,2011/2/17,16:59,20914,2.95,3
17576,0,2011/2/17,16:59,22269,1.25,16
17576,0,2011/2/17,16:59,22666,2.95,2
17576,0,2011/2/17,16:59,21407,4.25,1
17576,0,2011/2/17,16:59,35095B,0.42,6
14057,0,2011/2/18,11:27,22570,3.75,1
14057,0,2011/2/18,11:27,22900,2.95,1
14057,0,2011/2/18,11:27,22992,1.95,1
14057,0,2011/2/18,11:27,85199L,0.65,1
14057,0,2011/2/18,11:27,21563,2.95,1
14057,0,2011/2/18,11:27,22252,1.25,1
14057,0,2011/2/18,11:27,21731,1.65,12
14057,0,2011/2/18,11:27,85227,0.85,8
14057,0,2011/2/18,11:27,22437,0.85,10
14057,0,2011/2/18,11:27,22435,1.25,10
14057,0,2011/2/18,11:27,22525,1.25,10
14057,0,2011/2/18,11:27,22520,0.85,6
14057,0,2011/2/18,11:27,22522,0.85,6
14057,0,2011/2/18,11:27,22521,0.85,6
14057,0,2011/2/18,11:27,22523,0.85,6
14057,0,2011/2/18,11:27,22385,1.95,1
14057,0,2011/2/18,11:27,22716,0.42,24
14057,0,2011/2/18,11:27,23230,0.42,50
14057,0,2011/2/18,11:27,22745,2.1,3
14057,0,2011/2/18,11:27,22746,2.1,3
14057,0,2011/2/18,11:27,22748,2.1,3
14057,0,2011/2/18,11:27,22747,2.1,3
14057,0,2011/2/18,11:27,22980,1.65,7
14057,0,2011/2/18,11:27,84199,0.21,8
14057,0,2011/2/18,11:27,22332,1.65,6
14057,0,2011/2/18,11:27,21725,0.85,6
14057,0,2011/2/18,11:27,21724,0.85,6
14057,0,2011/2/18,11:27,21720,0.85,6
14057,0,2011/2/18,11:27,21723,0.85,6
14057,0,2011/2/18,11:27,84559B,0.85,8
14057,0,2011/2/18,11:27,84559A,0.85,8
14057,0,2011/2/18,11:27,22524,1.25,10
14057,0,2011/2/18,11:27,22971,2.55,6
14057,0,2011/2/18,11:27,22988,1.25,12
14057,0,2011/2/18,11:27,22659,1.95,4
14057,0,2011/2/18,11:27,22526,12.75,3
14057,0,2011/2/18,11:27,22693,1.25,48
14057,0,2011/2/18,11:27,84077,0.29,48
14057,0,2011/2/18,11:27,22519,2.1,3
14057,0,2011/2/18,11:27,22517,2.1,3
14057,0,2011/2/18,11:27,22517,2.1,3
14057,0,2011/2/18,11:27,22515,2.1,3
14057,0,2011/2/18,11:27,22514,2.1,3
14057,0,2011/2/18,11:27,22432,1.95,3
14057,0,2011/2/18,11:27,22433,1.95,6
14057,0,2011/2/18,11:27,22431,1.95,6
14057,0,2011/2/18,11:27,22967,2.95,6
14057,0,2011/2/18,11:27,22148,1.95,6
14057,0,2011/2/18,11:27,22631,1.95,6
14057,0,2011/2/18,11:27,22502,5.95,2
14057,0,2011/2/18,11:27,21832,1.65,10
14057,0,2011/2/18,11:27,21746,1.25,10
14057,0,2011/2/18,11:27,20749,7.95,3
14057,0,2011/2/18,11:27,20750,7.95,3
14057,0,2011/2/18,11:27,21749,2.1,6
14057,0,2011/2/18,11:27,22264,0.85,48
14057,0,2011/2/18,11:27,20712,1.95,2
14057,0,2011/2/18,11:27,85099B,1.95,2
14911,0,2011/2/18,11:36,82484,7.95,2
14911,0,2011/2/18,11:36,22192,8.5,2
14911,0,2011/2/18,11:36,85206A,1.65,6
14911,0,2011/2/18,11:36,21460,1.95,6
14911,0,2011/2/18,11:36,21459,1.95,6
14911,0,2011/2/18,11:36,22228,0.85,12
14911,0,2011/2/18,11:36,22229,0.85,12
14911,0,2011/2/18,11:36,21389,0.85,12
14911,0,2011/2/18,11:36,22283,7.95,2
14911,0,2011/2/18,11:36,C2,50,1
15755,0,2011/2/18,11:53,22251,1.25,12
15755,0,2011/2/18,11:53,22831,2.95,6
15755,0,2011/2/18,11:53,35241,4.95,3
15755,0,2011/2/18,11:53,85099B,1.95,10
15755,0,2011/2/18,11:53,22249,0.85,16
15755,0,2011/2/18,11:53,85053,2.1,6
15755,0,2011/2/18,11:53,22507,4.95,4
15755,0,2011/2/18,11:53,21259,5.95,2
15755,0,2011/2/18,11:53,22607,9.95,2
15755,0,2011/2/18,11:53,35095B,0.42,24
15755,0,2011/2/18,11:53,22961,1.45,12
15755,0,2011/2/18,11:53,22969,1.45,12
15755,0,2011/2/18,11:53,22720,4.95,3
15755,0,2011/2/18,11:53,22241,1.25,12
15755,0,2011/2/18,11:53,85194L,0.85,12
15755,0,2011/2/18,11:53,22843,6.75,2
15755,0,2011/2/18,11:53,21212,0.55,24
15755,0,2011/2/18,11:53,22148,1.95,12
15755,0,2011/2/18,11:53,22292,1.45,24
14101,0,2011/2/18,12:31,22659,1.65,128
14101,0,2011/2/18,12:31,22616,0.25,504
14101,0,2011/2/18,12:31,22560,1.06,48
14101,0,2011/2/18,12:31,22190,1.85,48
14101,0,2011/2/18,12:31,22109,3.39,64
14101,0,2011/2/18,12:31,22082,1.65,50
14101,0,2011/2/18,12:31,21918,0.42,60
14101,0,2011/2/18,12:31,21136,1.69,62
14101,0,2011/2/18,12:31,85178,1.25,60
14101,0,2011/2/18,12:31,84879,1.69,64
14101,0,2011/2/18,12:31,22078,2.1,1
14101,0,2011/2/18,12:31,85177,0.85,1
16401,0,2011/2/18,12:56,22197,0.85,36
16401,0,2011/2/18,12:56,21559,2.55,6
16401,0,2011/2/18,12:56,22383,1.65,30
16401,0,2011/2/18,12:56,20727,1.65,30
16401,0,2011/2/18,12:56,20726,1.65,20
16726,0,2011/2/18,13:26,22111,4.95,1
16726,0,2011/2/18,13:26,21479,3.75,1
16726,0,2011/2/18,13:26,21484,3.45,1
16726,0,2011/2/18,13:26,22837,4.65,1
16726,0,2011/2/18,13:26,47504K,1.95,12
16726,0,2011/2/18,13:26,84378,1.25,2
16726,0,2011/2/18,13:26,21894,1.25,3
16726,0,2011/2/18,13:26,22919,0.65,5
16726,0,2011/2/18,13:26,22916,0.65,5
16726,0,2011/2/18,13:26,22966,1.25,3
16726,0,2011/2/18,13:26,22834,2.1,1
16726,0,2011/2/18,13:26,22457,2.95,5
16726,0,2011/2/18,13:26,22450,3.35,2
16726,0,2011/2/18,13:26,22449,3.35,2
16726,0,2011/2/18,13:26,84378,1.25,3
16726,0,2011/2/18,13:26,21896,2.1,1
16726,0,2011/2/18,13:26,18097C,2.55,2
16726,0,2011/2/18,13:26,22834,2.1,3
16726,0,2011/2/18,13:26,22616,0.29,6
16726,0,2011/2/18,13:26,22212,2.1,9
16726,0,2011/2/18,13:26,17003,0.29,36
16726,0,2011/2/18,13:26,21896,2.1,3
16726,0,2011/2/18,13:26,22037,0.42,12
16726,0,2011/2/18,13:26,21955,7.95,2
16726,0,2011/2/18,13:26,48111,7.95,3
16726,0,2011/2/18,13:26,84380,1.25,5
16726,0,2011/2/18,13:26,21876,1.25,4
16726,0,2011/2/18,13:26,84926E,1.25,8
16726,0,2011/2/18,13:26,22905,2.95,5
16726,0,2011/2/18,13:26,22966,1.25,2
16726,0,2011/2/18,13:26,22616,0.29,1
16726,0,2011/2/18,13:26,21894,1.25,3
16726,0,2011/2/18,13:26,22537,0.42,11
16726,0,2011/2/18,13:26,22037,0.42,12
16726,0,2011/2/18,13:26,22713,0.42,12
16726,0,2011/2/18,13:26,22713,0.42,12
16726,0,2011/2/18,13:26,21669,1.25,6
16726,0,2011/2/18,13:26,22477,1.25,10
16726,0,2011/2/18,13:26,22479,1.25,10
16726,0,2011/2/18,13:26,79191C,0.85,6
16726,0,2011/2/18,13:26,22900,2.95,2
16726,0,2011/2/18,13:26,22900,2.95,5
16726,0,2011/2/18,13:26,20767,2.55,2
16726,0,2011/2/18,13:26,21471,3.75,1
16726,0,2011/2/18,13:26,21465,3.75,1
16726,0,2011/2/18,13:26,21470,3.75,1
16726,0,2011/2/18,13:26,21469,3.75,1
16726,0,2011/2/18,13:26,22917,0.65,5
16726,0,2011/2/18,13:26,22918,0.65,5
16726,0,2011/2/18,13:26,22920,0.65,5
16726,0,2011/2/18,13:26,22964,2.1,1
16726,0,2011/2/18,13:26,22534,0.42,10
16726,0,2011/2/18,13:26,21683,2.95,2
16726,0,2011/2/18,13:26,21896,2.1,1
16726,0,2011/2/18,13:26,22585,1.25,1
16726,0,2011/2/18,13:26,22548,1.25,1
16726,0,2011/2/18,13:26,22537,0.42,1
16726,0,2011/2/18,13:26,22585,1.25,22
16726,0,2011/2/18,13:26,22548,1.25,3
16726,0,2011/2/18,13:26,22549,1.45,4
16726,0,2011/2/18,13:26,22691,7.95,1
16726,0,2011/2/18,13:26,48188,7.95,1
16726,0,2011/2/18,13:26,22964,2.1,3
16726,0,2011/2/18,13:29,22051,0.42,25
16726,0,2011/2/18,13:29,22704,0.42,25
16726,0,2011/2/18,13:29,22710,0.42,25
16726,0,2011/2/18,13:29,22038,0.42,25
16726,0,2011/2/18,13:29,22696,1.95,2
16726,0,2011/2/18,13:29,22694,2.1,1
16726,0,2011/2/18,13:29,22470,2.95,1
16726,0,2011/2/18,13:29,22694,2.1,1
16726,0,2011/2/18,13:29,48194,7.95,1
14667,0,2011/2/20,13:46,22385,1.95,10
14667,0,2011/2/20,13:46,21931,1.95,10
14667,0,2011/2/20,13:46,20713,1.95,10
14667,0,2011/2/20,13:46,20711,1.95,10
14667,0,2011/2/20,13:46,21930,1.95,18
14667,0,2011/2/20,13:46,21929,1.95,10
14667,0,2011/2/20,13:46,85099B,1.95,30
14667,0,2011/2/20,13:46,22386,1.95,10
14667,0,2011/2/20,13:46,22663,1.95,10
14667,0,2011/2/20,13:46,85099F,1.95,20
14667,0,2011/2/20,13:46,20712,1.95,20
14667,0,2011/2/20,13:46,21735,12.75,2
16931,0,2011/2/20,14:01,16237,0.21,30
16931,0,2011/2/20,14:01,10120,0.21,30
16931,0,2011/2/20,14:01,85146,5.95,1
16931,0,2011/2/20,14:01,21383,0.65,6
16931,0,2011/2/20,14:01,21135,1.69,1
16931,0,2011/2/20,14:01,21385,0.85,7
16931,0,2011/2/20,14:01,21272,1.25,3
16931,0,2011/2/20,14:01,22265,0.65,3
16931,0,2011/2/20,14:01,85038,2.1,3
16931,0,2011/2/20,14:01,22219,0.85,5
16931,0,2011/2/20,14:01,22521,0.85,1
16931,0,2011/2/20,14:01,22523,0.85,1
16931,0,2011/2/20,14:01,22520,0.85,1
16931,0,2011/2/20,14:01,22522,0.85,1
16931,0,2011/2/20,14:01,22524,1.25,1
16931,0,2011/2/20,14:01,22519,2.1,1
16931,0,2011/2/20,14:01,21122,1.25,3
16931,0,2011/2/20,14:01,21124,1.25,3
16931,0,2011/2/20,14:01,21121,1.25,3
16931,0,2011/2/20,14:01,22834,2.1,5
16931,0,2011/2/20,14:01,22621,1.45,4
16931,0,2011/2/20,14:01,22804,2.95,3
16931,0,2011/2/20,14:01,22568,3.75,2
16931,0,2011/2/20,14:01,22570,3.75,2
16931,0,2011/2/20,14:01,22569,3.75,1
16931,0,2011/2/20,14:01,22438,1.95,3
16931,0,2011/2/20,14:01,22148,1.95,2
16931,0,2011/2/20,14:01,22147,1.45,3
16931,0,2011/2/20,14:01,22554,1.65,3
16931,0,2011/2/20,14:01,22551,1.65,3
16931,0,2011/2/20,14:01,22746,2.1,2
16931,0,2011/2/20,14:01,22747,2.1,2
16931,0,2011/2/20,14:01,22748,2.1,2
16931,0,2011/2/20,14:01,22745,2.1,2
16931,0,2011/2/20,14:01,84199,0.21,3
16931,0,2011/2/20,14:01,22334,1.65,6
16931,0,2011/2/20,14:01,22274,2.95,1
16931,0,2011/2/20,14:01,22272,2.95,1
16931,0,2011/2/20,14:01,22273,2.95,1
16931,0,2011/2/20,14:01,22271,2.95,1
16931,0,2011/2/20,14:01,22469,1.65,3
16931,0,2011/2/20,14:01,22470,2.95,3
16931,0,2011/2/20,14:01,22548,1.25,3
16931,0,2011/2/20,14:01,22175,2.95,1
16931,0,2011/2/20,14:01,22176,2.95,1
16931,0,2011/2/20,14:01,21621,8.5,2
16931,0,2011/2/20,14:01,84520B,0.85,3
16931,0,2011/2/20,14:01,21080,0.85,3
16931,0,2011/2/20,14:01,22613,0.85,3
16931,0,2011/2/20,14:01,22991,1.95,6
16931,0,2011/2/20,14:01,85066,12.75,1
16931,0,2011/2/20,14:01,84828,1.25,3
16931,0,2011/2/20,14:01,21705,1.65,3
16931,0,2011/2/20,14:01,22559,1.25,3
16931,0,2011/2/20,14:01,22631,1.95,1
16931,0,2011/2/20,14:01,22659,1.95,1
16931,0,2011/2/20,14:01,85127,4.95,1
16931,0,2011/2/20,14:01,21875,1.25,3
16931,0,2011/2/20,14:01,21871,1.25,6
16931,0,2011/2/20,14:01,22624,8.5,1
16931,0,2011/2/20,14:01,21868,1.25,3
16931,0,2011/2/20,14:01,21069,1.25,3
16931,0,2011/2/20,14:01,22664,2.1,1
16931,0,2011/2/20,14:01,21931,1.95,1
16931,0,2011/2/20,14:01,20711,1.95,1
16931,0,2011/2/20,14:01,22386,1.95,1
16931,0,2011/2/20,14:01,20713,1.95,1
13168,0,2011/2/20,15:06,85049G,1.25,1
13168,0,2011/2/20,15:06,17107D,2.55,6
13168,0,2011/2/20,15:06,35638A,5.95,1
13168,0,2011/2/20,15:06,17091J,1.25,6
13168,0,2011/2/20,15:06,22720,4.95,3
13168,0,2011/2/20,15:06,85049G,1.25,1
13168,0,2011/2/20,15:06,85071B,2.95,1
13168,0,2011/2/20,15:06,20829,2.1,1
13168,0,2011/2/20,15:06,82582,2.1,1
13168,0,2011/2/20,15:06,22937,2.55,1
13168,0,2011/2/20,15:06,22077,1.65,2
13168,0,2011/2/20,15:06,22967,2.95,4
13168,0,2011/2/20,15:06,84947,1.25,6
13168,0,2011/2/20,15:06,22932,2.55,1
13168,0,2011/2/20,15:06,22268,0.85,12
13168,0,2011/2/20,15:06,85123A,2.95,16
13168,0,2011/2/20,15:06,21163,1.45,1
13168,0,2011/2/20,15:06,23231,0.42,25
13168,0,2011/2/20,15:06,21498,0.42,25
13168,0,2011/2/20,15:06,21497,0.42,25
13168,0,2011/2/20,15:06,17091A,1.25,3
13168,0,2011/2/20,15:06,22624,8.5,1
13168,0,2011/2/20,15:06,22626,8.5,1
13168,0,2011/2/20,15:06,22625,8.5,1
13168,0,2011/2/20,15:06,22624,8.5,1
14502,0,2011/2/20,15:51,22487,9.95,1
14502,0,2011/2/20,15:51,35241,4.95,2
14502,0,2011/2/20,15:51,22168,8.5,1
14502,0,2011/2/20,15:51,21430,3.75,1
14502,0,2011/2/20,15:51,85206A,1.65,1
14502,0,2011/2/20,15:51,21717,2.55,1
14502,0,2011/2/20,15:51,22957,2.95,1
14502,0,2011/2/20,15:51,22720,4.95,2
14502,0,2011/2/20,15:51,22558,1.49,2
14502,0,2011/2/20,15:51,22077,1.65,3
14502,0,2011/2/20,15:51,85232A,4.95,1
14502,0,2011/2/20,15:51,22362,2.95,1
14502,0,2011/2/20,15:51,22361,2.95,1
14502,0,2011/2/20,15:51,21212,0.55,1
14502,0,2011/2/20,15:51,21533,4.95,1
14502,0,2011/2/20,15:51,20914,2.95,1
14502,0,2011/2/20,15:51,22993,1.25,1
14502,0,2011/2/20,15:51,22625,8.5,1
14502,0,2011/2/20,15:51,22200,4.25,2
14502,0,2011/2/20,15:51,22203,3.75,1
14502,0,2011/2/20,15:51,22202,3.75,1
14502,0,2011/2/20,15:51,21531,2.55,1
14502,0,2011/2/20,15:51,21539,4.95,1
14502,0,2011/2/20,15:51,21316,2.95,1
14502,0,2011/2/20,15:51,22980,1.65,1
14502,0,2011/2/20,15:51,35809A,2.1,1
14502,0,2011/2/20,15:51,21272,1.25,3
14502,0,2011/2/20,15:51,71038,5.45,2
14502,0,2011/2/20,15:51,22722,3.95,1
14502,0,2011/2/20,15:51,22978,3.75,1
14502,0,2011/2/20,15:51,35810A,2.1,1
14502,0,2011/2/20,15:51,22425,4.95,1
14502,0,2011/2/20,15:51,21658,3.95,1
14502,0,2011/2/20,15:51,22429,4.25,1
14502,0,2011/2/20,15:51,21654,1.45,1
14502,0,2011/2/20,15:51,21316,2.95,1
14502,0,2011/2/20,15:51,22777,8.5,1
14502,0,2011/2/20,15:51,85061W,0.85,1
14502,0,2011/2/20,15:51,85169D,1.25,1
14502,0,2011/2/20,15:51,22424,12.75,1
14502,0,2011/2/20,15:51,22778,3.95,1
14502,0,2011/2/20,15:51,21314,2.1,1
14502,0,2011/2/20,15:51,85062,1.65,2
14502,0,2011/2/20,15:51,85131A,1.25,1
14502,0,2011/2/20,15:51,22178,1.25,2
14502,0,2011/2/20,15:51,21391,2.1,1
14502,0,2011/2/20,15:51,21391,2.1,1
14502,0,2011/2/20,15:51,21272,1.25,2
14502,0,2011/2/20,15:51,22217,1.25,1
14502,0,2011/2/20,15:51,85130C,1.65,1
14502,0,2011/2/20,15:51,22078,2.1,2
14502,0,2011/2/20,15:51,85169A,1.25,1
14502,0,2011/2/20,15:51,21422,0.85,8
14502,0,2011/2/20,15:51,21421,1.25,6
14502,0,2011/2/20,15:51,21755,5.95,1
14502,0,2011/2/20,15:51,22464,1.65,1
14502,0,2011/2/20,15:51,21535,2.55,1
14502,0,2011/2/20,15:51,22161,0.65,1
14502,0,2011/2/20,15:51,22156,0.85,2
14502,0,2011/2/20,15:51,21390,1.25,2
14502,0,2011/2/20,15:51,22335,0.65,2
14502,0,2011/2/20,15:51,22294,1.25,1
14502,0,2011/2/20,15:51,22297,1.25,2
14502,0,2011/2/20,15:51,21385,0.85,4
14502,0,2011/2/20,15:51,21259,5.95,1
14502,0,2011/2/20,15:51,72780,0.85,2
14502,0,2011/2/20,15:51,82483,6.95,1
14502,0,2011/2/20,15:51,22224,2.95,1
14502,0,2011/2/20,15:51,22784,4.95,1
14502,0,2011/2/20,15:51,22427,5.95,1
14502,0,2011/2/20,15:51,22799,8.5,1
14502,0,2011/2/20,15:51,22776,9.95,1
14502,0,2011/2/20,15:51,22789,1.95,2
14229,0,2011/2/21,9:45,22456,4.25,18
14229,0,2011/2/21,9:45,22488,1.45,48
14229,0,2011/2/21,9:45,22424,12.75,3
14229,0,2011/2/21,9:45,84879,1.69,24
14229,0,2011/2/21,9:45,22425,4.95,3
14229,0,2011/2/21,9:45,22427,5.45,12
18155,0,2011/2/21,10:36,84970S,0.85,12
18155,0,2011/2/21,10:36,84978,1.25,12
18155,0,2011/2/21,10:36,21658,3.95,4
18155,0,2011/2/21,10:36,22151,0.42,24
18155,0,2011/2/21,10:36,22156,0.85,12
18155,0,2011/2/21,10:36,22855,1.25,12
18155,0,2011/2/21,10:36,22469,1.65,12
18155,0,2011/2/21,10:36,22427,5.95,3
15321,0,2011/2/21,11:10,22518,2.1,12
15321,0,2011/2/21,11:10,22519,2.1,12
15321,0,2011/2/21,11:10,22379,1.85,50
15321,0,2011/2/21,11:10,22381,1.85,50
15321,0,2011/2/21,11:10,22750,3.75,8
15321,0,2011/2/21,11:10,22749,3.75,8
15321,0,2011/2/21,11:10,22751,3.75,8
15321,0,2011/2/21,11:10,20970,3.75,8
15321,0,2011/2/21,11:10,22272,2.95,6
15321,0,2011/2/21,11:10,22271,2.95,6
15321,0,2011/2/21,11:10,22274,2.95,6
15321,0,2011/2/21,11:10,22273,2.95,6
15321,0,2011/2/21,11:10,20972,1.25,12
15321,0,2011/2/21,11:10,22740,0.85,48
15321,0,2011/2/21,11:10,22741,0.85,48
15321,0,2011/2/21,11:10,20725,1.65,10
15321,0,2011/2/21,11:10,22384,1.65,10
15321,0,2011/2/21,11:10,20685,7.95,6
15321,0,2011/2/21,11:10,85152,2.1,12
15321,0,2011/2/21,11:10,21907,2.1,12
15321,0,2011/2/21,11:10,82582,2.1,12
15321,0,2011/2/21,11:10,82599,2.1,12
15321,0,2011/2/21,11:10,21166,2.08,12
15321,0,2011/2/21,11:10,21174,2.08,12
15321,0,2011/2/21,11:10,82600,2.1,12
15321,0,2011/2/21,11:10,21903,2.1,12
15321,0,2011/2/21,11:10,21164,2.95,6
15321,0,2011/2/21,11:10,82551,1.45,12
15321,0,2011/2/21,11:10,82552,1.45,12
15321,0,2011/2/21,11:10,22896,2.55,6
15321,0,2011/2/21,11:10,21588,2.55,12
15321,0,2011/2/21,11:10,21584,1.65,20
15321,0,2011/2/21,11:10,21592,1.25,24
15321,0,2011/2/21,11:10,21749,2.1,24
15321,0,2011/2/21,11:10,22666,2.95,6
15321,0,2011/2/21,11:10,22846,14.95,4
15321,0,2011/2/21,11:10,22120,9.95,3
15321,0,2011/2/21,11:10,21754,5.95,6
15065,0,2011/2/21,12:54,22619,3.75,4
15065,0,2011/2/21,12:54,84997C,4.15,4
15065,0,2011/2/21,12:54,23233,0.42,25
15065,0,2011/2/21,12:54,22964,2.1,6
15065,0,2011/2/21,12:54,22606,15.95,1
15065,0,2011/2/21,12:54,21843,10.95,1
15065,0,2011/2/21,12:54,22635,9.95,2
15065,0,2011/2/21,12:54,22367,1.95,8
15065,0,2011/2/21,12:54,22617,4.95,3
15065,0,2011/2/21,12:54,21878,0.85,12
15065,0,2011/2/21,12:54,84836,1.25,12
15065,0,2011/2/21,12:54,22423,12.75,2
15065,0,2011/2/21,12:54,22961,1.45,12
15065,0,2011/2/21,12:54,22416,1.45,12
15065,0,2011/2/21,12:54,22418,0.85,24
15065,0,2011/2/21,12:54,22045,0.42,25
15065,0,2011/2/21,12:54,22937,2.55,6
15065,0,2011/2/21,12:54,20682,3.25,6
15065,0,2011/2/21,12:54,21212,0.55,24
15065,0,2011/2/21,12:54,21080,0.85,12
15065,0,2011/2/21,12:54,22139,4.95,3
15065,0,2011/2/21,12:54,22138,4.95,6
15065,0,2011/2/21,12:54,22667,2.95,6
15065,0,2011/2/21,12:54,22493,1.65,12
15065,0,2011/2/21,12:54,10135,1.25,10
15065,0,2011/2/21,12:54,21790,0.85,12
15065,0,2011/2/21,12:54,21121,1.25,24
15065,0,2011/2/21,12:54,22492,0.65,36
15065,0,2011/2/21,12:54,22296,1.65,12
15065,0,2011/2/21,12:54,85066,12.75,2
15065,0,2011/2/21,12:54,22962,0.85,12
15065,0,2011/2/21,12:54,84988,1.45,12
15065,0,2011/2/21,12:54,21918,0.42,24
15065,0,2011/2/21,12:54,22382,1.65,10
15065,0,2011/2/21,12:54,22417,0.55,24
15065,0,2011/2/21,12:54,22634,9.95,2
15065,0,2011/2/21,12:54,21917,0.42,24
15065,0,2011/2/21,12:54,22623,4.95,3
15065,0,2011/2/21,12:54,21735,12.75,2
15065,0,2011/2/21,12:54,20775,1.65,6
15065,0,2011/2/21,12:54,22720,4.95,3
15065,0,2011/2/21,12:54,22613,0.85,12
15065,0,2011/2/21,12:54,22551,1.65,12
15065,0,2011/2/21,12:54,22629,1.95,12
15065,0,2011/2/21,12:54,21498,0.42,25
15065,0,2011/2/21,12:54,23230,0.42,25
15065,0,2011/2/21,12:54,84997D,4.15,4
15065,0,2011/2/21,12:54,22963,0.85,12
15146,0,2011/2/21,13:07,22077,1.65,12
15146,0,2011/2/21,13:07,85177,0.85,12
15146,0,2011/2/21,13:07,22722,3.95,4
15146,0,2011/2/21,13:07,22844,8.5,2
15146,0,2011/2/21,13:07,85175,0.42,16
15146,0,2011/2/21,13:07,22807,2.95,6
15146,0,2011/2/21,13:07,22808,2.95,6
15146,0,2011/2/21,13:07,72351B,2.1,12
15146,0,2011/2/21,13:07,72351A,2.1,12
15146,0,2011/2/21,13:07,79000,0.85,12
15146,0,2011/2/21,13:07,22417,0.55,24
15146,0,2011/2/21,13:07,22951,0.55,24
15146,0,2011/2/21,13:07,22972,1.65,12
15146,0,2011/2/21,13:07,22974,1.65,12
15146,0,2011/2/21,13:07,22418,0.85,24
15146,0,2011/2/21,13:07,22969,1.45,12
15146,0,2011/2/21,13:07,22989,3.25,6
15146,0,2011/2/21,13:07,22084,2.95,6
15146,0,2011/2/21,13:07,22614,0.29,24
15146,0,2011/2/21,13:07,21983,0.29,24
15146,0,2011/2/21,13:07,21981,0.29,24
15146,0,2011/2/21,13:07,21967,0.29,24
15146,0,2011/2/21,13:07,21982,0.29,24
15146,0,2011/2/21,13:07,21985,0.29,24
15146,0,2011/2/21,13:07,21980,0.29,24
15146,0,2011/2/21,13:07,22615,0.29,24
15146,0,2011/2/21,13:07,21986,0.29,24
15146,0,2011/2/21,13:07,22149,2.1,6
15146,0,2011/2/21,13:07,22150,1.95,6
15146,0,2011/2/21,13:07,22148,1.95,12
15146,0,2011/2/21,13:07,22438,1.95,10
15146,0,2011/2/21,13:07,22745,2.1,6
15146,0,2011/2/21,13:07,22748,2.1,6
15146,0,2011/2/21,13:07,21912,3.75,4
15146,0,2011/2/21,13:07,22550,3.75,4
15146,0,2011/2/21,13:07,21747,1.25,12
15146,0,2011/2/21,13:07,21746,1.25,12
15146,0,2011/2/21,13:07,22520,0.85,12
15146,0,2011/2/21,13:07,22522,0.85,12
15146,0,2011/2/21,13:07,22523,0.85,12
15146,0,2011/2/21,13:07,22521,0.85,12
15146,0,2011/2/21,13:07,22857,0.85,12
15146,0,2011/2/21,13:07,22250,0.85,16
15146,0,2011/2/21,13:07,22248,0.85,16
15146,0,2011/2/21,13:07,22249,0.85,16
15146,0,2011/2/21,13:07,22129,0.85,12
15146,0,2011/2/21,13:07,22621,1.45,12
15146,0,2011/2/21,13:07,22619,3.75,4
15146,0,2011/2/21,13:07,22547,0.42,24
15146,0,2011/2/21,13:07,22541,0.42,24
15146,0,2011/2/21,13:07,22543,0.42,24
15146,0,2011/2/21,13:07,22538,0.42,24
15146,0,2011/2/21,13:07,22531,0.42,24
15146,0,2011/2/21,13:07,22536,0.42,24
15146,0,2011/2/21,13:07,22534,0.42,24
15146,0,2011/2/21,13:07,22530,0.42,24
15146,0,2011/2/21,13:07,21354,1.25,12
15146,0,2011/2/21,13:07,21071,1.25,12
15146,0,2011/2/21,13:07,21069,1.25,12
15146,0,2011/2/21,13:07,20886,1.95,6
15146,0,2011/2/21,13:07,85172,0.42,16
15146,0,2011/2/21,13:07,20829,2.1,8
15146,0,2011/2/21,13:07,22961,1.45,12
16349,0,2011/2/22,12:40,22371,4.25,1
16349,0,2011/2/22,12:40,21903,2.1,1
16349,0,2011/2/22,12:40,21174,2.08,1
16349,0,2011/2/22,12:40,22489,0.42,1
16349,0,2011/2/22,12:40,22458,2.55,1
16349,0,2011/2/22,12:40,22477,1.25,1
16349,0,2011/2/22,12:40,22606,15.95,1
16349,0,2011/2/22,12:40,22605,14.95,1
16349,0,2011/2/22,12:40,22607,9.95,1
16011,0,2011/2/22,15:59,22683,1.25,5
16011,0,2011/2/22,15:59,22680,1.25,5
16011,0,2011/2/22,15:59,22679,1.25,5
16011,0,2011/2/22,15:59,22677,1.25,5
16011,0,2011/2/22,15:59,22676,1.25,5
16011,0,2011/2/22,15:59,21672,1.25,12
16011,0,2011/2/22,15:59,21669,1.25,12
16011,0,2011/2/22,15:59,22773,1.25,12
16011,0,2011/2/22,15:59,22771,1.25,12
16011,0,2011/2/22,15:59,21916,0.42,12
16011,0,2011/2/22,15:59,22077,1.65,12
17171,0,2011/2/23,16:37,22421,0.42,12
17171,0,2011/2/23,16:37,22419,0.42,12
17171,0,2011/2/23,16:37,22420,0.42,12
17171,0,2011/2/23,16:37,22077,1.65,12
17171,0,2011/2/23,16:37,22087,2.95,6
17171,0,2011/2/23,16:37,21340,12.75,2
17171,0,2011/2/23,16:37,22469,1.65,24
17171,0,2011/2/23,16:37,22219,0.85,12
17171,0,2011/2/23,16:37,22398,1.25,12
17171,0,2011/2/23,16:37,22915,0.42,12
17171,0,2011/2/23,16:37,22908,0.85,12
17171,0,2011/2/23,16:37,22499,5.95,3
17171,0,2011/2/23,16:37,22335,0.65,24
17171,0,2011/2/23,16:37,20903,6.35,2
17171,0,2011/2/23,16:37,22576,0.85,12
17171,0,2011/2/23,16:37,84755,0.65,16
12565,0,2011/2/24,10:34,22915,0.42,12
12565,0,2011/2/24,10:34,22363,2.95,6
12565,0,2011/2/24,10:34,22362,2.95,6
12565,0,2011/2/24,10:34,22361,2.95,6
12565,0,2011/2/24,10:34,22553,1.65,12
12565,0,2011/2/24,10:34,22555,1.65,12
12565,0,2011/2/24,10:34,22556,1.65,12
12565,0,2011/2/24,10:34,20781,5.49,2
12565,0,2011/2/24,10:34,22969,1.45,12
12582,0,2011/2/24,11:42,21238,0.85,16
12582,0,2011/2/24,11:42,21239,0.85,16
12582,0,2011/2/24,11:42,21240,0.85,16
12582,0,2011/2/24,11:42,21242,1.69,8
12582,0,2011/2/24,11:42,21243,1.69,8
12582,0,2011/2/24,11:42,21244,1.69,8
12582,0,2011/2/24,11:42,20675,1.25,8
12582,0,2011/2/24,11:42,20676,1.25,8
12582,0,2011/2/24,11:42,20677,1.25,16
12582,0,2011/2/24,11:42,21212,0.55,24
12582,0,2011/2/24,11:42,22467,2.55,12
12582,0,2011/2/24,11:42,POST,40,1
17364,0,2011/2/24,11:54,20970,3.75,3
17364,0,2011/2/24,11:54,22570,3.75,4
17364,0,2011/2/24,11:54,22750,3.75,4
17364,0,2011/2/24,11:54,22274,2.95,4
17364,0,2011/2/24,11:54,22751,3.75,3
17364,0,2011/2/24,11:54,22983,0.42,12
17364,0,2011/2/24,11:54,21508,0.42,12
17364,0,2011/2/24,11:54,21509,0.42,12
17364,0,2011/2/24,11:54,90094,2.55,1
17364,0,2011/2/24,11:54,90100,2.55,1
17364,0,2011/2/24,11:54,90096,2.55,2
17364,0,2011/2/24,11:54,22693,1.25,24
17364,0,2011/2/24,11:54,72802C,4.25,6
17364,0,2011/2/24,11:54,15036,0.75,24
17364,0,2011/2/24,11:54,21217,9.95,1
17364,0,2011/2/24,11:54,21705,1.65,2
17364,0,2011/2/24,11:54,21703,0.42,4
17364,0,2011/2/24,11:54,22435,1.25,3
17364,0,2011/2/24,11:54,22434,1.95,2
17364,0,2011/2/24,11:54,22439,0.65,3
17364,0,2011/2/24,11:54,21721,0.85,4
17364,0,2011/2/24,11:54,21719,0.85,1
17364,0,2011/2/24,11:54,21724,0.85,6
17364,0,2011/2/24,11:54,21723,0.85,6
17364,0,2011/2/24,11:54,21722,0.85,8
17364,0,2011/2/24,11:54,22169,8.5,2
17364,0,2011/2/24,11:54,84558A,2.95,4
17364,0,2011/2/24,11:54,22501,9.95,2
17364,0,2011/2/24,11:54,21326,0.65,12
17364,0,2011/2/24,11:54,22956,2.1,2
17364,0,2011/2/24,11:54,22955,2.1,1
17364,0,2011/2/24,11:54,22934,2.95,3
17364,0,2011/2/24,11:54,21095,0.85,4
17364,0,2011/2/24,11:54,21988,0.85,2
17364,0,2011/2/24,11:54,16216,0.16,5
17364,0,2011/2/24,11:54,16235,0.21,6
17364,0,2011/2/24,11:54,84988,1.45,3
17364,0,2011/2/24,11:54,22993,1.25,4
17364,0,2011/2/24,11:54,85206A,1.65,4
17364,0,2011/2/24,11:54,21294,1.25,10
17364,0,2011/2/24,11:54,21087,0.65,4
17364,0,2011/2/24,11:54,21987,0.65,3
17364,0,2011/2/24,11:54,22075,1.65,4
17364,0,2011/2/24,11:54,22077,1.65,5
17364,0,2011/2/24,11:54,22630,1.95,1
17364,0,2011/2/24,11:54,22631,1.95,2
17364,0,2011/2/24,11:54,22329,1.65,2
17364,0,2011/2/24,11:54,22170,6.75,3
17364,0,2011/2/24,11:54,22492,0.65,36
17364,0,2011/2/24,11:54,22907,0.85,3
17364,0,2011/2/24,11:54,84375,2.1,2
17364,0,2011/2/24,11:54,22966,1.25,6
17364,0,2011/2/24,11:54,22964,2.1,3
17364,0,2011/2/24,11:54,21058,0.85,10
17364,0,2011/2/24,11:54,21062,0.85,4
17364,0,2011/2/24,11:54,21060,0.85,4
17364,0,2011/2/24,11:54,21059,0.85,4
17364,0,2011/2/24,11:54,21063,0.85,5
17364,0,2011/2/24,11:54,22699,2.95,2
17364,0,2011/2/24,11:54,22698,2.95,3
17364,0,2011/2/24,11:54,22697,2.95,1
17364,0,2011/2/24,11:54,22747,2.1,3
17364,0,2011/2/24,11:54,22748,2.1,3
17364,0,2011/2/24,11:54,22745,2.1,3
17364,0,2011/2/24,11:54,22746,2.1,3
17364,0,2011/2/24,11:54,22623,4.95,2
17364,0,2011/2/24,11:54,22622,9.95,2
17117,0,2011/2/24,13:54,22169,8.5,2
17117,0,2011/2/24,13:54,21700,0.85,12
17117,0,2011/2/24,13:54,22969,1.45,12
17117,0,2011/2/24,13:54,48185,7.95,2
17117,0,2011/2/24,13:54,22487,9.95,1
17117,0,2011/2/24,13:54,21411,4.25,3
17117,0,2011/2/24,13:54,22469,1.65,12
17117,0,2011/2/24,13:54,82580,0.55,12
17117,0,2011/2/24,13:54,82578,0.55,12
16838,0,2011/2/24,15:01,84879,1.69,8
16838,0,2011/2/24,15:01,22926,5.95,2
16838,0,2011/2/24,15:01,22832,10.75,2
16838,0,2011/2/24,15:01,84978,1.25,12
16838,0,2011/2/24,15:01,22827,165,1
16838,0,2011/2/24,15:01,84792,4.65,4
16838,0,2011/2/24,15:01,22798,2.95,8
16838,0,2011/2/24,15:01,22791,1.25,12
16838,0,2011/2/24,15:01,22800,3.75,4
16838,0,2011/2/24,15:01,22801,3.75,4
16838,0,2011/2/24,15:01,85014B,5.95,3
16838,0,2011/2/24,15:01,85014A,5.95,3
16838,0,2011/2/24,15:01,75049L,1.25,18
16838,0,2011/2/24,15:01,84949,1.65,12
17090,0,2011/2/24,16:35,22636,7.65,12
17090,0,2011/2/24,16:35,22440,0.42,40
17090,0,2011/2/24,16:35,21891,1.25,24
17090,0,2011/2/24,16:35,21912,3.75,24
17090,0,2011/2/24,16:35,21892,1.25,24
17090,0,2011/2/24,16:35,22548,1.25,12
17090,0,2011/2/24,16:35,21381,1.69,12
17090,0,2011/2/24,16:35,22438,1.95,20
17090,0,2011/2/24,16:35,85172,0.42,16
17090,0,2011/2/24,16:35,22302,2.55,12
17090,0,2011/2/24,16:35,22303,2.55,12
13362,0,2011/2/25,11:33,22469,1.65,12
13362,0,2011/2/25,11:33,22595,0.85,12
13362,0,2011/2/25,11:33,22169,8.5,2
13362,0,2011/2/25,11:33,22170,6.75,4
13362,0,2011/2/25,11:33,21164,2.95,6
13362,0,2011/2/25,11:33,22844,8.5,2
13362,0,2011/2/25,11:33,22845,6.35,2
13362,0,2011/2/25,11:33,21086,0.65,12
13362,0,2011/2/25,11:33,21087,0.65,12
13362,0,2011/2/25,11:33,21094,0.85,12
13362,0,2011/2/25,11:33,21095,0.85,12
13362,0,2011/2/25,11:33,21539,4.95,3
13362,0,2011/2/25,11:33,84509A,3.75,4
13362,0,2011/2/25,11:33,20767,2.55,6
13362,0,2011/2/25,11:33,20769,2.55,6
13362,0,2011/2/25,11:33,20981,0.85,12
13362,0,2011/2/25,11:33,20982,0.85,12
13362,0,2011/2/25,11:33,20983,0.85,12
13362,0,2011/2/25,11:33,21675,0.85,12
13362,0,2011/2/25,11:33,21680,0.85,12
13362,0,2011/2/25,11:33,84592,2.95,6
13362,0,2011/2/25,11:33,21415,2.1,6
13362,0,2011/2/25,11:33,84030E,4.25,4
13362,0,2011/2/25,11:33,22112,4.95,3
13362,0,2011/2/25,11:33,22111,4.95,3
13362,0,2011/2/25,11:33,21417,2.1,6
13362,0,2011/2/25,11:33,21418,2.55,6
13362,0,2011/2/25,11:33,72802A,4.25,6
13362,0,2011/2/25,11:33,72802B,4.25,6
13362,0,2011/2/25,11:33,85035A,4.25,4
13362,0,2011/2/25,11:33,85035C,4.25,4
13362,0,2011/2/25,11:33,22969,1.45,12
13362,0,2011/2/25,11:33,85039A,1.65,12
13362,0,2011/2/25,11:33,85040A,1.65,12
13362,0,2011/2/25,11:33,22637,2.55,4
13362,0,2011/2/25,11:33,22646,1.45,12
13362,0,2011/2/25,11:33,21056,8.95,2
13362,0,2011/2/25,11:33,21055,8.95,2
13362,0,2011/2/25,11:33,22483,2.95,6
13362,0,2011/2/25,11:33,84584,2.55,6
13362,0,2011/2/25,11:33,20685,7.95,2
13362,0,2011/2/25,11:33,21523,7.95,2
13362,0,2011/2/25,11:33,22690,7.95,2
13362,0,2011/2/25,11:33,48184,7.95,2
13362,0,2011/2/25,11:33,48188,7.95,2
13362,0,2011/2/25,11:33,22430,4.95,4
13362,0,2011/2/25,11:33,22271,2.95,6
13362,0,2011/2/25,11:33,22273,2.95,6
13362,0,2011/2/25,11:33,22274,2.95,6
13362,0,2011/2/25,11:33,84819,4.25,3
13362,0,2011/2/25,11:33,22457,2.95,6
13362,0,2011/2/25,11:33,22470,2.95,6
13630,0,2011/2/27,12:49,22148,1.95,12
13630,0,2011/2/27,12:49,22813,1.95,12
13630,0,2011/2/27,12:49,22178,1.25,12
13630,0,2011/2/27,12:49,22568,3.75,4
13630,0,2011/2/27,12:49,20802,1.65,18
13630,0,2011/2/27,12:49,22224,2.95,6
13630,0,2011/2/27,12:49,22938,1.95,12
13630,0,2011/2/27,12:49,22229,0.85,12
13630,0,2011/2/27,12:49,22228,0.85,12
13630,0,2011/2/27,12:49,22089,2.95,6
13630,0,2011/2/27,12:49,22777,8.5,6
13630,0,2011/2/27,12:49,22084,2.95,12
13630,0,2011/2/27,12:49,84879,1.69,16
12431,0,2011/2/27,14:43,22992,1.95,24
12431,0,2011/2/27,14:43,21731,1.45,144
12431,0,2011/2/27,14:43,22505,4.95,4
12431,0,2011/2/27,14:43,21937,2.95,5
12431,0,2011/2/27,14:43,21936,2.95,5
12431,0,2011/2/27,14:43,22785,6.75,4
12431,0,2011/2/27,14:43,22786,5.95,2
12431,0,2011/2/27,14:43,21933,2.95,5
12431,0,2011/2/27,14:43,21555,2.55,12
12431,0,2011/2/27,14:43,22466,1.95,12
16493,0,2011/2/27,15:42,22469,1.65,12
16493,0,2011/2/27,15:42,84970S,0.85,48
16493,0,2011/2/27,15:42,21790,0.85,12
16493,0,2011/2/27,15:42,21212,0.55,24
16493,0,2011/2/27,15:42,22084,2.95,12
16493,0,2011/2/27,15:42,22087,2.95,24
16493,0,2011/2/27,15:42,21791,1.25,12
16493,0,2011/2/27,15:42,84988,1.45,24
12781,0,2011/2/28,8:43,22930,2.55,18
12781,0,2011/2/28,8:43,84755,0.65,48
12781,0,2011/2/28,8:43,22216,0.85,24
12781,0,2011/2/28,8:43,21791,1.25,12
12781,0,2011/2/28,8:43,22231,1.45,36
12781,0,2011/2/28,8:43,22250,0.85,32
12781,0,2011/2/28,8:43,84459A,1.49,24
12781,0,2011/2/28,8:43,20972,1.25,24
12781,0,2011/2/28,8:43,22326,2.95,24
12781,0,2011/2/28,8:43,21428,4.25,12
12781,0,2011/2/28,8:43,22587,0.85,24
12781,0,2011/2/28,8:43,47594B,1.95,24
12781,0,2011/2/28,8:43,85206A,1.65,24
12781,0,2011/2/28,8:43,22244,1.95,12
12781,0,2011/2/28,8:43,22505,4.95,8
15039,0,2011/2/28,11:19,21430,3.39,24
15039,0,2011/2/28,11:19,22723,3.45,24
15039,0,2011/2/28,11:19,84508A,2.55,1
15039,0,2011/2/28,11:19,35961,0.85,12
15039,0,2011/2/28,11:19,22417,0.55,1
15039,0,2011/2/28,11:19,22084,2.95,6
15039,0,2011/2/28,11:19,21977,0.55,1
15039,0,2011/2/28,11:19,21215,0.55,2
15039,0,2011/2/28,11:19,21976,0.55,2
15039,0,2011/2/28,11:19,84991,0.55,1
15039,0,2011/2/28,11:19,84987,1.45,6
15039,0,2011/2/28,11:19,85123A,2.95,1
15039,0,2011/2/28,11:19,22087,2.95,3
15039,0,2011/2/28,11:19,21535,2.55,1
15039,0,2011/2/28,11:19,21242,1.69,8
15039,0,2011/2/28,11:19,22064,1.65,2
15039,0,2011/2/28,11:19,21232,1.25,4
15039,0,2011/2/28,11:19,20676,1.25,8
15039,0,2011/2/28,11:19,22085,2.95,1
15039,0,2011/2/28,11:19,22067,1.65,2
15039,0,2011/2/28,11:19,22993,1.25,1
15039,0,2011/2/28,11:19,20676,1.25,8
15039,0,2011/2/28,11:19,22720,4.95,1
15039,0,2011/2/28,11:19,22067,1.65,2
15039,0,2011/2/28,11:19,22625,8.5,1
15039,0,2011/2/28,11:19,22470,2.95,4
15039,0,2011/2/28,11:19,22625,8.5,1
15039,0,2011/2/28,11:19,22064,1.65,2
15039,0,2011/2/28,11:19,15056P,5.95,1
15039,0,2011/2/28,11:19,21239,0.85,6
15039,0,2011/2/28,11:19,22772,1.25,12
15039,0,2011/2/28,11:19,22775,1.25,12
15039,0,2011/2/28,11:19,22773,1.25,12
15039,0,2011/2/28,11:19,84313B,4.25,1
15039,0,2011/2/28,11:19,22464,1.65,6
15039,0,2011/2/28,11:19,21238,0.85,6
15039,0,2011/2/28,11:19,22316,1.25,1
15039,0,2011/2/28,11:19,22315,1.25,1
15039,0,2011/2/28,11:19,22993,1.25,1
15039,0,2011/2/28,11:19,21557,2.95,2
15039,0,2011/2/28,11:19,22219,0.85,13
15039,0,2011/2/28,11:19,22243,1.65,1
15039,0,2011/2/28,11:19,85123A,2.95,2
15039,0,2011/2/28,11:19,22797,16.95,1
15039,0,2011/2/28,11:19,22216,0.85,13
15039,0,2011/2/28,11:19,22464,1.65,6
15039,0,2011/2/28,11:19,84988,1.45,24
15039,0,2011/2/28,11:19,21390,1.25,24
15039,0,2011/2/28,11:19,71053,3.75,2
15039,0,2011/2/28,11:19,21340,12.75,1
15039,0,2011/2/28,11:19,82484,7.95,1
15039,0,2011/2/28,11:19,47585A,3.75,2
15039,0,2011/2/28,11:19,21755,5.95,1
15039,0,2011/2/28,11:19,22663,1.95,10
15039,0,2011/2/28,11:19,21755,5.95,2
15039,0,2011/2/28,11:19,20711,1.95,10
15039,0,2011/2/28,11:19,20712,1.95,10
15039,0,2011/2/28,11:19,22384,1.65,3
15039,0,2011/2/28,11:19,21931,1.95,10
15039,0,2011/2/28,11:19,85099B,1.95,20
15039,0,2011/2/28,11:19,22411,1.95,20
15039,0,2011/2/28,11:19,22385,1.95,10
15039,0,2011/2/28,11:19,21930,1.95,10
15039,0,2011/2/28,11:19,85099C,1.95,10
15039,0,2011/2/28,11:19,22386,1.95,20
15039,0,2011/2/28,11:19,22414,7.95,1
15039,0,2011/2/28,11:19,22366,7.95,1
15039,0,2011/2/28,11:19,22692,7.95,1
15039,0,2011/2/28,11:19,21523,7.95,1
15039,0,2011/2/28,11:19,20713,1.95,10
15039,0,2011/2/28,11:19,21033,2.95,10
15039,0,2011/2/28,11:19,22499,5.95,3
15039,0,2011/2/28,11:57,22498,5.95,2
16607,0,2011/2/28,13:39,21936,2.95,5
16607,0,2011/2/28,13:39,22383,1.65,20
16607,0,2011/2/28,13:39,22384,1.65,10
16607,0,2011/2/28,13:39,22382,1.65,10
16607,0,2011/2/28,13:39,22662,1.65,10
16607,0,2011/2/28,13:39,22991,1.95,12
16607,0,2011/2/28,13:39,22992,1.95,12
16607,0,2011/2/28,13:39,22860,1.65,6
16607,0,2011/2/28,13:39,22254,1.25,12
16607,0,2011/2/28,13:39,22432,1.95,6
16607,0,2011/2/28,13:39,84569A,1.25,12
16607,0,2011/2/28,13:39,21878,0.85,12
16607,0,2011/2/28,13:39,21700,0.85,12
13292,0,2011/2/28,15:00,22423,12.75,2
13292,0,2011/2/28,15:00,21136,1.69,16
13292,0,2011/2/28,15:00,21917,0.42,24
13292,0,2011/2/28,15:00,22178,1.25,12
13292,0,2011/2/28,15:00,22168,8.5,2
13292,0,2011/2/28,15:00,22763,9.95,2
13292,0,2011/2/28,15:00,22485,12.75,2
13292,0,2011/2/28,15:00,22487,9.95,1
13292,0,2011/2/28,15:00,22077,1.65,12
13292,0,2011/2/28,15:00,85049C,1.25,12
13292,0,2011/2/28,15:00,22076,1.65,12
13292,0,2011/2/28,15:00,85049H,1.25,12
13292,0,2011/2/28,15:00,85049E,1.25,12
13292,0,2011/2/28,15:00,84978,1.25,12
16427,0,2011/2/28,15:18,84949,1.65,12
16427,0,2011/2/28,15:18,84978,1.25,12
16427,0,2011/2/28,15:18,84946,1.25,30
16427,0,2011/2/28,15:18,84947,1.25,30
16518,0,2011/2/28,16:36,22321,0.85,12
16518,0,2011/2/28,16:36,22148,1.95,12
16518,0,2011/2/28,16:36,85206A,1.65,6
16518,0,2011/2/28,16:36,22150,1.95,6
16518,0,2011/2/28,16:36,22147,1.45,12
16518,0,2011/2/28,16:36,22621,1.25,48
16518,0,2011/2/28,16:36,85114B,1.65,6
16518,0,2011/2/28,16:36,21257,7.95,2
16518,0,2011/2/28,16:36,21259,5.95,2
16518,0,2011/2/28,16:36,85032B,2.1,6
16518,0,2011/2/28,16:36,21880,0.65,12
