15039,0,2011/1/4,12:58,22315,1.25,1
15039,0,2011/1/4,12:58,22670,1.25,1
15039,0,2011/1/4,12:58,84997D,3.75,2
15039,0,2011/1/4,12:58,84997C,3.75,2
15039,0,2011/1/4,12:58,84997B,3.75,2
15039,0,2011/1/4,12:58,84997A,3.75,2
15039,0,2011/1/4,12:58,21243,1.69,12
15039,0,2011/1/4,12:58,21244,1.69,12
15039,0,2011/1/4,12:58,21658,3.95,1
15039,0,2011/1/4,12:58,20674,1.25,4
15039,0,2011/1/4,12:58,20676,1.25,3
15039,0,2011/1/4,12:58,21428,4.25,4
15039,0,2011/1/4,12:58,21976,0.55,1
15039,0,2011/1/4,12:58,22862,4.25,1
15039,0,2011/1/4,12:58,21976,0.55,1
15039,0,2011/1/4,12:58,22951,0.55,2
15039,0,2011/1/4,12:58,21977,0.55,2
15039,0,2011/1/4,12:58,47566,3.75,60
15039,0,2011/1/4,12:58,21213,0.55,2
15039,0,2011/1/4,12:58,22171,8.5,2
15039,0,2011/1/4,12:58,22772,1.25,12
15039,0,2011/1/4,12:58,22771,1.25,12
15039,0,2011/1/4,12:58,21430,3.75,4
15039,0,2011/1/4,12:58,22437,0.85,10
15039,0,2011/1/4,12:58,22435,1.25,10
15039,0,2011/1/4,12:58,84406B,3.25,2
15039,0,2011/1/4,12:58,22382,1.65,2
15039,0,2011/1/4,12:58,20726,1.65,1
15039,0,2011/1/4,12:58,85099F,1.95,10
15039,0,2011/1/4,12:58,22198,1.65,2
15039,0,2011/1/4,12:58,22315,1.25,1
15039,0,2011/1/4,12:58,22386,1.95,20
15039,0,2011/1/4,12:58,22670,1.25,1
15039,0,2011/1/4,12:58,84988,1.45,6
15039,0,2011/1/4,12:58,21974,1.45,2
15039,0,2011/1/4,12:58,20675,1.25,8
15039,0,2011/1/4,12:58,21240,0.85,8
15039,0,2011/1/4,12:58,20677,1.25,12
15039,0,2011/1/4,12:58,21239,0.85,13
15039,0,2011/1/4,12:58,22423,12.75,3
15039,0,2011/1/4,12:58,84313B,4.25,1
15039,0,2011/1/4,12:58,21238,0.85,11
15039,0,2011/1/4,12:58,21621,8.5,10
15039,0,2011/1/4,12:58,21930,1.95,10
15039,0,2011/1/4,12:58,21242,1.69,8
15039,0,2011/1/4,12:58,21245,1.69,12
15039,0,2011/1/4,12:58,82486,7.95,2
15039,0,2011/1/4,12:58,22411,1.95,20
15039,0,2011/1/4,13:03,15056N,5.95,4
14732,0,2011/1/4,14:40,22722,3.95,4
14732,0,2011/1/4,14:40,22720,4.95,6
14732,0,2011/1/4,14:40,22507,4.95,4
14732,0,2011/1/4,14:40,22968,9.95,4
14732,0,2011/1/4,14:40,22962,0.85,12
14732,0,2011/1/4,14:40,22723,3.95,4
14732,0,2011/1/4,14:40,22077,1.65,12
14732,0,2011/1/4,14:40,48187,7.95,2
14732,0,2011/1/4,14:40,84792,4.65,4
14732,0,2011/1/4,14:40,22666,2.95,6
14618,0,2011/1/6,11:59,22800,3.75,20
14618,0,2011/1/6,11:59,22792,0.85,24
14618,0,2011/1/6,11:59,21754,5.95,6
14618,0,2011/1/6,11:59,21755,5.95,6
14618,0,2011/1/6,11:59,22791,1.25,36
13368,0,2011/1/6,12:32,22910,2.95,12
13599,0,2011/1/6,15:25,20801,0.75,16
13599,0,2011/1/6,15:25,20803,0.42,36
13599,0,2011/1/6,15:25,21200,0.65,48
13599,0,2011/1/6,15:25,21620,1.25,12
13599,0,2011/1/6,15:25,84819,0.85,16
13599,0,2011/1/6,15:25,84406B,2.75,32
13599,0,2011/1/6,15:25,21755,5.45,18
13599,0,2011/1/6,15:25,22791,1.06,72
13599,0,2011/1/6,15:25,22469,1.65,12
13842,0,2011/1/7,10:27,22907,0.85,12
13842,0,2011/1/7,10:27,22969,1.45,12
13842,0,2011/1/7,10:27,21116,4.95,3
13842,0,2011/1/7,10:27,22722,3.95,4
13842,0,2011/1/7,10:27,22720,4.95,3
13842,0,2011/1/7,10:27,22219,0.85,12
13842,0,2011/1/7,10:27,22469,1.65,12
13842,0,2011/1/7,10:27,22470,2.95,6
13842,0,2011/1/7,10:27,22862,4.25,4
13842,0,2011/1/7,10:27,21277,21.95,1
13842,0,2011/1/7,10:27,21275,16.95,1
13842,0,2011/1/7,10:27,22762,14.95,1
13842,0,2011/1/7,10:27,22763,9.95,2
13842,0,2011/1/7,10:27,22770,14.95,1
13842,0,2011/1/7,10:27,22795,6.75,2
13842,0,2011/1/7,10:27,82494L,2.95,6
13842,0,2011/1/7,10:27,85066,12.75,2
13842,0,2011/1/7,10:27,22507,4.95,4
15194,0,2011/1/7,10:29,47566,4.65,5
15194,0,2011/1/7,10:29,21314,2.1,8
15194,0,2011/1/7,10:29,22457,2.95,6
15194,0,2011/1/7,10:29,22423,12.75,1
15194,0,2011/1/7,10:29,22469,1.65,12
15194,0,2011/1/7,10:29,20711,1.95,10
15194,0,2011/1/7,10:29,21929,1.95,10
15194,0,2011/1/7,10:29,22386,1.95,10
15194,0,2011/1/7,10:29,22720,4.95,3
15194,0,2011/1/7,10:29,22722,3.95,4
15194,0,2011/1/7,10:29,22666,2.95,6
15194,0,2011/1/7,10:29,22907,0.85,12
15194,0,2011/1/7,10:29,22963,0.85,12
15194,0,2011/1/7,10:29,22962,0.85,12
15194,0,2011/1/7,10:29,22969,1.45,12
15194,0,2011/1/7,10:29,22965,2.1,6
15194,0,2011/1/7,10:29,84997C,3.75,6
15194,0,2011/1/7,10:29,22156,0.85,24
15194,0,2011/1/7,10:29,22040,0.42,25
15194,0,2011/1/7,10:29,22834,0.85,24
12829,0,2011/1/7,11:13,84816,39.95,2
12829,0,2011/1/7,11:13,21430,3.75,4
12829,0,2011/1/7,11:13,22797,16.95,3
12829,0,2011/1/7,11:13,84826,0.21,120
12829,0,2011/1/7,11:13,84827,0.19,120
12829,0,2011/1/7,11:13,22795,6.75,2
15607,0,2011/1/7,12:44,21879,0.19,24
15607,0,2011/1/7,12:44,21881,0.19,24
15607,0,2011/1/7,12:44,21882,0.19,24
15607,0,2011/1/7,12:44,21883,0.19,24
15607,0,2011/1/7,12:44,21884,0.19,24
15607,0,2011/1/7,12:44,22511,1.25,8
15607,0,2011/1/7,12:44,22752,8.5,2
15607,0,2011/1/7,12:44,22755,0.85,12
15607,0,2011/1/7,12:44,22754,0.85,12
15607,0,2011/1/7,12:44,22757,1.25,12
15607,0,2011/1/7,12:44,22758,1.25,12
15607,0,2011/1/7,12:44,84251B,0.19,12
15607,0,2011/1/7,12:44,84251G,0.19,12
17707,0,2011/1/7,13:30,84946,1.25,12
17707,0,2011/1/7,13:30,22699,2.95,6
17707,0,2011/1/7,13:30,79000,0.85,60
15649,0,2011/1/7,13:34,79321,4.25,72
16955,0,2011/1/7,15:42,20677,1.25,24
16955,0,2011/1/7,15:42,20675,1.25,16
16955,0,2011/1/7,15:42,20752,2.1,6
16955,0,2011/1/7,15:42,21243,1.69,16
16955,0,2011/1/7,15:42,21244,1.69,16
16955,0,2011/1/7,15:42,22080,1.65,10
16955,0,2011/1/7,15:42,47590A,5.45,3
16955,0,2011/1/7,15:42,47590B,5.45,3
14672,0,2011/1/7,15:48,22906,1.65,1
14672,0,2011/1/7,15:48,21623,9.95,1
14672,0,2011/1/7,15:48,22785,6.75,1
14672,0,2011/1/7,15:48,21621,8.5,1
14672,0,2011/1/7,15:48,21455,0.85,7
14672,0,2011/1/7,15:48,21735,12.75,1
14672,0,2011/1/7,15:48,21784,9.95,1
14672,0,2011/1/7,15:48,47471,0.65,4
14672,0,2011/1/7,15:48,22726,3.75,1
14672,0,2011/1/7,15:48,22727,3.75,1
14672,0,2011/1/7,15:48,22650,1.45,4
14672,0,2011/1/7,15:48,84949,1.65,6
14672,0,2011/1/7,15:48,22499,5.95,3
14672,0,2011/1/7,15:48,22637,2.55,4
14672,0,2011/1/7,15:48,22644,1.45,1
14672,0,2011/1/7,15:48,22645,1.45,1
14672,0,2011/1/7,15:48,22646,1.45,2
14672,0,2011/1/7,15:48,22066,1.45,2
14672,0,2011/1/7,15:48,20886,1.95,6
14672,0,2011/1/7,15:48,21982,0.29,12
14672,0,2011/1/7,15:48,84378,1.25,6
14672,0,2011/1/7,15:48,84947,1.25,6
14672,0,2011/1/7,15:48,84946,1.25,6
14672,0,2011/1/7,15:48,22808,2.95,6
14672,0,2011/1/7,15:48,21695,2.95,6
14672,0,2011/1/7,15:48,21375,5.45,2
14672,0,2011/1/7,15:48,21378,1.65,6
14672,0,2011/1/7,15:48,21376,5.45,2
14672,0,2011/1/7,15:48,22178,1.25,12
14672,0,2011/1/7,15:48,84755,0.65,16
14672,0,2011/1/7,15:48,22759,1.65,4
14672,0,2011/1/7,15:48,22469,1.65,6
14672,0,2011/1/7,15:48,22470,2.95,6
14672,0,2011/1/7,15:48,21034,0.95,3
16923,0,2011/1/9,10:21,21868,1.25,6
16923,0,2011/1/9,10:21,22697,2.95,10
16923,0,2011/1/9,10:21,22604,2.55,4
16923,0,2011/1/9,10:21,22639,2.55,3
16923,0,2011/1/9,10:21,21175,2.1,6
16923,0,2011/1/9,10:21,84978,1.25,6
16923,0,2011/1/9,10:21,22796,9.95,4
16923,0,2011/1/9,10:21,22423,12.75,3
16923,0,2011/1/9,10:21,22699,2.95,10
16923,0,2011/1/9,10:21,21894,1.25,4
16923,0,2011/1/9,10:21,22627,8.5,2
16923,0,2011/1/9,10:21,21080,0.85,1
16923,0,2011/1/9,10:21,22624,8.5,1
16923,0,2011/1/9,10:21,22625,8.5,1
16923,0,2011/1/9,10:21,21259,5.95,4
16923,0,2011/1/9,10:21,21755,5.95,2
16923,0,2011/1/9,10:21,85066,12.75,2
16923,0,2011/1/9,10:21,22356,0.85,5
16923,0,2011/1/9,10:21,21754,5.95,2
16923,0,2011/1/9,10:21,22624,8.5,1
16923,0,2011/1/9,10:21,22626,8.5,2
16923,0,2011/1/9,10:21,22625,8.5,1
16923,0,2011/1/9,10:21,21257,7.95,2
16923,0,2011/1/9,10:21,22148,1.95,8
13162,0,2011/1/9,10:43,22344,0.21,24
13162,0,2011/1/9,10:43,22345,0.21,24
13162,0,2011/1/9,10:43,22346,0.21,24
13162,0,2011/1/9,10:43,22378,0.85,20
13162,0,2011/1/9,10:43,22481,0.42,24
13162,0,2011/1/9,10:43,22782,9.95,4
13162,0,2011/1/9,10:43,37342,0.85,24
13162,0,2011/1/9,10:43,47504K,0.85,48
13162,0,2011/1/9,10:43,82613B,0.42,20
13162,0,2011/1/9,10:43,82613C,0.42,20
13162,0,2011/1/9,10:43,82613D,0.42,20
13162,0,2011/1/9,10:43,84951A,0.85,12
13162,0,2011/1/9,10:43,84951B,0.85,12
13162,0,2011/1/9,10:43,85034B,1.25,24
13162,0,2011/1/9,10:43,85034C,1.25,12
13162,0,2011/1/9,10:43,85035B,1.25,12
13162,0,2011/1/9,10:43,85035C,1.25,12
13162,0,2011/1/9,10:43,85174,1.95,16
13162,0,2011/1/9,10:43,22667,2.95,6
13162,0,2011/1/9,10:43,20724,0.85,40
13162,0,2011/1/9,10:43,20727,1.65,30
13162,0,2011/1/9,10:43,85206A,1.45,54
13162,0,2011/1/9,10:43,22254,1.25,24
13162,0,2011/1/9,10:43,22255,0.85,24
13162,0,2011/1/9,10:43,22961,1.45,12
13162,0,2011/1/9,10:43,10135,0.42,40
13162,0,2011/1/9,10:43,21111,1.25,24
13162,0,2011/1/9,10:43,21112,1.25,24
13162,0,2011/1/9,10:43,21198,0.42,48
13162,0,2011/1/9,10:43,21618,1.25,12
13162,0,2011/1/9,10:43,21616,1.25,12
13162,0,2011/1/9,10:43,21650,0.19,48
13162,0,2011/1/9,10:43,22264,0.19,48
13162,0,2011/1/9,10:43,22257,0.42,48
13162,0,2011/1/9,10:43,22259,0.42,48
13162,0,2011/1/9,10:43,22343,0.21,24
13162,0,2011/1/9,10:43,22342,0.85,24
12651,0,2011/1/9,12:46,21881,0.65,12
12651,0,2011/1/9,12:46,21883,0.65,12
12651,0,2011/1/9,12:46,79191B,0.85,12
12651,0,2011/1/9,12:46,22138,4.95,3
12651,0,2011/1/9,12:46,21080,0.85,12
12651,0,2011/1/9,12:46,22892,1.25,12
12651,0,2011/1/9,12:46,21398,2.1,6
12651,0,2011/1/9,12:46,21035,2.95,6
12651,0,2011/1/9,12:46,15056BL,5.95,3
18260,0,2011/1/9,14:42,21733,2.95,12
18260,0,2011/1/9,14:42,71459,0.85,36
18260,0,2011/1/9,14:42,85123A,2.95,12
18260,0,2011/1/9,14:42,85062,1.65,12
18260,0,2011/1/9,14:42,22148,1.95,12
18260,0,2011/1/9,14:42,84898F,2.1,6
18260,0,2011/1/9,14:42,20971,1.25,12
18260,0,2011/1/9,14:42,22149,2.1,6
18260,0,2011/1/9,14:42,22456,4.95,6
18260,0,2011/1/9,14:42,22488,1.65,12
18260,0,2011/1/9,14:42,84879,1.69,48
18260,0,2011/1/9,14:42,85131A,1.25,12
18260,0,2011/1/9,14:42,22294,1.25,24
18260,0,2011/1/9,14:42,22423,12.75,3
18260,0,2011/1/9,14:42,22151,0.42,24
18260,0,2011/1/9,14:42,21212,0.55,24
18260,0,2011/1/9,14:42,21977,0.55,24
18260,0,2011/1/9,14:42,84991,0.55,24
18260,0,2011/1/9,14:42,84992,0.55,24
18260,0,2011/1/9,14:42,84378,1.25,12
18260,0,2011/1/9,14:42,22558,1.49,12
18260,0,2011/1/9,14:42,21985,0.29,24
18260,0,2011/1/9,14:42,21916,0.42,24
18260,0,2011/1/9,14:42,21080,0.85,12
18260,0,2011/1/9,14:42,22697,2.95,6
18260,0,2011/1/9,14:42,22699,2.95,6
17218,0,2011/1/9,15:10,21877,1.25,2
17218,0,2011/1/9,15:10,21868,1.25,2
17218,0,2011/1/9,15:10,21875,1.25,3
17218,0,2011/1/9,15:10,22443,7.95,3
17218,0,2011/1/9,15:10,22442,7.95,2
17218,0,2011/1/9,15:10,22111,4.95,2
17218,0,2011/1/9,15:10,22551,1.65,2
17218,0,2011/1/9,15:10,22554,1.65,2
17218,0,2011/1/9,15:10,22557,1.65,2
17218,0,2011/1/9,15:10,22555,1.65,2
17218,0,2011/1/9,15:10,22556,1.65,2
17218,0,2011/1/9,15:10,22726,3.75,1
17218,0,2011/1/9,15:10,22729,3.75,1
17218,0,2011/1/9,15:10,22727,3.75,1
17218,0,2011/1/9,15:10,22834,2.1,3
17218,0,2011/1/9,15:10,22431,1.95,2
17218,0,2011/1/9,15:10,22837,4.65,2
17218,0,2011/1/9,15:10,21547,2.95,2
17218,0,2011/1/9,15:10,22970,2.55,6
17218,0,2011/1/9,15:10,22752,8.5,3
17218,0,2011/1/9,15:10,22625,8.5,1
17218,0,2011/1/9,15:10,22624,8.5,1
18032,0,2011/1/9,15:32,21578,2.25,6
18032,0,2011/1/9,15:32,22127,1.25,12
18032,0,2011/1/9,15:32,47599A,2.1,6
18032,0,2011/1/9,15:32,47599B,2.1,6
18032,0,2011/1/9,15:32,22341,1.65,12
14911,0,2011/1/9,16:07,72780,0.85,12
14911,0,2011/1/9,16:07,21617,3.75,6
14911,0,2011/1/9,16:07,72800E,2.55,6
14911,0,2011/1/9,16:07,22102,1.65,6
14911,0,2011/1/9,16:07,18098C,2.95,6
14911,0,2011/1/9,16:07,22481,1.25,12
14911,0,2011/1/9,16:07,21035,2.95,6
14911,0,2011/1/9,16:07,22766,2.95,8
14911,0,2011/1/9,16:07,84818,2.55,6
14911,0,2011/1/9,16:07,22863,2.95,8
14911,0,2011/1/9,16:07,84913B,4.65,4
14911,0,2011/1/9,16:07,84913A,4.65,4
14911,0,2011/1/9,16:07,C2,50,1
15100,0,2011/1/10,10:35,21258,10.95,16
15039,0,2011/1/10,11:22,22413,2.95,1
15039,0,2011/1/10,11:22,22423,10.95,16
15039,0,2011/1/10,11:22,22222,1.95,12
15039,0,2011/1/10,11:22,21430,3.39,24
15039,0,2011/1/10,11:22,84313B,4.25,2
15039,0,2011/1/10,11:22,22171,8.5,2
15039,0,2011/1/10,11:22,21210,1.45,6
15039,0,2011/1/10,11:22,84988,1.45,9
15039,0,2011/1/10,11:22,21355,1.25,1
15039,0,2011/1/10,11:22,84050,1.65,1
15039,0,2011/1/10,11:22,47566B,4.65,1
15039,0,2011/1/10,11:22,22624,8.5,1
15039,0,2011/1/10,11:22,20679,5.95,1
15039,0,2011/1/10,11:22,84792,4.65,2
15039,0,2011/1/10,11:22,22853,3.25,2
15039,0,2011/1/10,11:22,22703,2.1,2
15039,0,2011/1/10,11:22,22804,2.95,1
15039,0,2011/1/10,11:22,22219,0.85,1
15039,0,2011/1/10,11:22,22682,1.25,1
15039,0,2011/1/10,11:22,22676,1.25,2
15039,0,2011/1/10,11:22,21911,1.65,2
15039,0,2011/1/10,11:22,21447,1.25,2
15039,0,2011/1/10,11:22,22151,0.42,24
15039,0,2011/1/10,11:22,22084,2.95,2
15039,0,2011/1/10,11:22,21933,2.95,1
15039,0,2011/1/10,11:22,22087,2.95,8
15039,0,2011/1/10,11:22,22382,1.65,2
15039,0,2011/1/10,11:22,22690,7.95,1
15039,0,2011/1/10,11:22,22414,7.95,1
15039,0,2011/1/10,11:22,22411,1.95,20
15039,0,2011/1/10,11:22,22386,1.95,10
15039,0,2011/1/10,11:22,21931,1.95,20
15039,0,2011/1/10,11:22,85099B,1.95,10
15039,0,2011/1/10,11:22,21930,1.95,10
15039,0,2011/1/10,11:22,21429,1.65,1
15039,0,2011/1/10,11:22,21428,4.25,3
15039,0,2011/1/10,11:22,22649,4.95,1
15039,0,2011/1/10,11:22,22773,1.25,12
15039,0,2011/1/10,11:22,21427,2.1,3
15039,0,2011/1/10,11:22,22789,1.95,4
15039,0,2011/1/10,11:22,21755,5.95,1
15039,0,2011/1/10,11:22,82613D,0.42,20
14229,0,2011/1/10,12:03,22685,1.25,10
14229,0,2011/1/10,12:03,22684,1.25,10
14229,0,2011/1/10,12:03,22683,1.25,10
14229,0,2011/1/10,12:03,22682,1.25,10
14229,0,2011/1/10,12:03,22681,1.25,10
14229,0,2011/1/10,12:03,22680,1.25,10
14229,0,2011/1/10,12:03,22679,1.25,10
14229,0,2011/1/10,12:03,22678,1.25,10
14229,0,2011/1/10,12:03,22677,1.25,10
14229,0,2011/1/10,12:03,22676,1.25,10
14229,0,2011/1/10,12:03,22567,1.25,12
14229,0,2011/1/10,12:03,22674,1.25,12
14229,0,2011/1/10,12:03,22672,1.65,12
14229,0,2011/1/10,12:03,22585,1.25,12
14229,0,2011/1/10,12:03,22423,10.95,16
14229,0,2011/1/10,12:03,48184,7.95,2
14229,0,2011/1/10,12:03,22456,4.95,6
14229,0,2011/1/10,12:03,22427,5.95,3
14229,0,2011/1/10,12:03,22855,1.25,12
14229,0,2011/1/10,12:03,84879,1.69,8
16497,0,2011/1/10,13:20,22111,4.95,3
16497,0,2011/1/10,13:20,22913,4.95,3
16497,0,2011/1/10,13:20,22912,4.95,3
16497,0,2011/1/10,13:20,22914,4.95,3
16497,0,2011/1/10,13:20,48129,7.95,2
16497,0,2011/1/10,13:20,21524,7.95,2
16497,0,2011/1/10,13:20,22841,7.95,2
16497,0,2011/1/10,13:20,22297,1.25,24
16497,0,2011/1/10,13:20,22294,1.25,24
16497,0,2011/1/10,13:20,22831,2.95,6
16497,0,2011/1/10,13:20,22794,7.95,2
16497,0,2011/1/10,13:20,22766,2.95,8
16497,0,2011/1/10,13:20,82486,7.95,2
16497,0,2011/1/10,13:20,82483,5.95,4
16497,0,2011/1/10,13:20,82482,2.55,6
15061,0,2011/1/10,14:58,84952C,1.25,12
15061,0,2011/1/10,14:58,84952B,1.25,12
15061,0,2011/1/10,14:58,71459,0.72,240
15061,0,2011/1/10,14:58,48187,6.75,20
15061,0,2011/1/10,14:58,48184,6.75,10
15061,0,2011/1/10,14:58,22630,1.65,64
15061,0,2011/1/10,14:58,22629,1.65,64
15061,0,2011/1/10,14:58,22558,1.25,24
15061,0,2011/1/10,14:58,22534,0.36,48
15061,0,2011/1/10,14:58,22530,0.36,24
15061,0,2011/1/10,14:58,22492,0.55,72
15061,0,2011/1/10,14:58,22467,2.1,18
15061,0,2011/1/10,14:58,22328,2.55,75
15061,0,2011/1/10,14:58,20719,0.72,20
15061,0,2011/1/10,14:58,16237,0.16,90
15061,0,2011/1/10,14:59,85178,1.25,72
15061,0,2011/1/10,14:59,84692,0.32,25
15061,0,2011/1/10,14:59,22630,1.65,64
15061,0,2011/1/10,14:59,22617,4.25,24
15061,0,2011/1/10,14:59,22558,1.25,48
15061,0,2011/1/10,14:59,22543,0.42,24
15061,0,2011/1/10,14:59,22534,0.36,24
15061,0,2011/1/10,14:59,22492,0.55,36
17739,0,2011/1/10,15:35,84978,1.06,108
17739,0,2011/1/10,15:35,48116,6.75,10
17739,0,2011/1/10,15:35,22835,4.65,12
17739,0,2011/1/10,15:35,21868,1.25,12
17739,0,2011/1/10,15:35,22139,4.95,6
17739,0,2011/1/10,15:35,21363,4.95,3
17739,0,2011/1/10,15:35,21181,2.1,12
16351,0,2011/1/11,10:26,22386,1.95,10
16351,0,2011/1/11,10:26,20726,1.65,10
16351,0,2011/1/11,10:26,20711,1.95,10
16351,0,2011/1/11,10:26,20712,1.95,10
16351,0,2011/1/11,10:26,22383,1.65,10
16351,0,2011/1/11,10:26,20728,1.65,10
16351,0,2011/1/11,10:26,22960,4.25,6
16351,0,2011/1/11,10:26,47504K,0.85,24
12601,0,2011/1/11,10:38,22961,1.45,12
12601,0,2011/1/11,10:38,22652,1.65,10
12601,0,2011/1/11,10:38,85176,0.85,12
12601,0,2011/1/11,10:38,82482,2.55,12
12601,0,2011/1/11,10:38,21135,1.69,8
12601,0,2011/1/11,10:38,22554,1.65,12
12601,0,2011/1/11,10:38,22984,0.42,12
12601,0,2011/1/11,10:38,22331,1.65,8
12601,0,2011/1/11,10:38,POST,18,1
14209,0,2011/1/11,12:56,21733,2.95,6
14209,0,2011/1/11,12:56,22789,1.95,8
14209,0,2011/1/11,12:56,85123A,2.55,32
14209,0,2011/1/11,12:56,82482,2.55,6
14209,0,2011/1/11,12:56,82494L,2.95,6
14209,0,2011/1/11,12:56,22783,19.95,2
14209,0,2011/1/11,12:56,22822,5.95,2
14209,0,2011/1/11,12:56,21340,12.75,1
14209,0,2011/1/11,12:56,82484,6.45,3
14209,0,2011/1/11,12:56,21407,4.25,3
14209,0,2011/1/11,12:56,22855,1.25,12
14209,0,2011/1/11,12:56,22854,4.95,4
14209,0,2011/1/11,12:56,22794,7.95,2
14209,0,2011/1/11,12:56,21428,4.25,4
14209,0,2011/1/11,12:56,21755,5.95,3
14209,0,2011/1/11,12:56,21754,5.95,3
15569,0,2011/1/11,13:26,22473,1.95,80
15569,0,2011/1/11,13:26,85184C,1.25,48
15569,0,2011/1/11,13:26,85035C,1.25,48
15569,0,2011/1/11,13:26,71270,1.25,2
15569,0,2011/1/11,13:26,22771,1.25,2
15569,0,2011/1/11,13:26,22750,3.75,1
15569,0,2011/1/11,13:26,22751,3.75,1
13672,0,2011/1/11,13:54,79323P,6.75,4
13672,0,2011/1/11,13:54,21655,1.69,12
13672,0,2011/1/11,13:54,85232B,4.95,3
16791,0,2011/1/11,15:42,22292,1.45,3
16791,0,2011/1/11,15:42,21984,0.29,12
16791,0,2011/1/11,15:42,21981,0.29,12
16791,0,2011/1/11,15:42,85040B,1.65,1
16791,0,2011/1/11,15:42,85040A,1.65,1
16791,0,2011/1/11,15:42,22808,2.95,2
16791,0,2011/1/11,15:42,72351A,2.1,1
16791,0,2011/1/11,15:42,72351B,2.1,1
16791,0,2011/1/11,15:42,22807,2.95,2
16791,0,2011/1/11,15:42,22241,1.25,3
16791,0,2011/1/11,15:42,22148,1.95,1
16791,0,2011/1/11,15:42,22892,1.25,2
16791,0,2011/1/11,15:42,22269,1.25,4
16791,0,2011/1/11,15:42,22284,1.65,1
16791,0,2011/1/11,15:42,22285,1.65,2
16791,0,2011/1/11,15:42,22284,1.65,1
16791,0,2011/1/11,15:42,22267,1.25,2
16791,0,2011/1/11,15:42,22195,1.65,2
16791,0,2011/1/11,15:42,22804,2.95,2
16791,0,2011/1/11,15:42,85123A,2.95,2
16791,0,2011/1/11,15:42,21123,1.25,1
16791,0,2011/1/11,15:42,21126,1.25,1
16791,0,2011/1/11,15:42,21124,1.25,1
16791,0,2011/1/11,15:42,21121,1.25,2
16791,0,2011/1/11,15:42,21126,1.25,2
16791,0,2011/1/11,15:42,21124,1.25,1
16791,0,2011/1/11,15:42,21123,1.25,1
16791,0,2011/1/11,15:42,21122,1.25,2
16791,0,2011/1/11,15:42,22457,2.95,2
16791,0,2011/1/11,15:42,84879,1.69,8
16791,0,2011/1/11,15:42,21318,1.65,1
16791,0,2011/1/11,15:42,22568,3.75,1
16791,0,2011/1/11,15:42,22961,1.45,6
16791,0,2011/1/11,15:42,22938,1.95,8
16791,0,2011/1/11,15:42,22972,1.65,6
16791,0,2011/1/11,15:42,20914,2.95,1
16791,0,2011/1/11,15:42,22960,4.25,1
16791,0,2011/1/11,15:42,21754,5.95,1
16791,0,2011/1/11,15:42,22699,2.95,1
16791,0,2011/1/11,15:42,21531,2.55,4
16791,0,2011/1/11,15:42,21717,2.55,2
16791,0,2011/1/11,15:42,22971,2.55,2
16791,0,2011/1/11,15:42,22630,1.95,3
16791,0,2011/1/11,15:42,22500,4.95,1
16791,0,2011/1/11,15:42,22960,4.25,1
16791,0,2011/1/11,15:42,22975,1.25,4
16791,0,2011/1/11,15:42,M,12.75,1
16791,0,2011/1/11,15:42,22854,4.95,2
16791,0,2011/1/11,15:42,21533,4.95,2
16791,0,2011/1/11,15:42,22423,12.75,1
16791,0,2011/1/11,15:42,72802A,4.25,1
16791,0,2011/1/11,15:42,72802B,4.25,1
16791,0,2011/1/11,15:42,72802C,4.25,1
15602,0,2011/1/11,16:16,22178,1.25,48
17324,0,2011/1/12,11:21,20674,1.25,16
17324,0,2011/1/12,11:21,21245,1.69,16
17324,0,2011/1/12,11:21,20675,1.25,32
17324,0,2011/1/12,11:21,20677,1.25,32
17324,0,2011/1/12,11:21,21240,0.72,96
17324,0,2011/1/12,11:21,21239,0.72,96
17324,0,2011/1/12,11:21,21244,1.45,96
17324,0,2011/1/12,11:21,21243,1.45,96
17324,0,2011/1/12,11:21,21498,0.42,25
17324,0,2011/1/12,11:21,21499,0.42,25
17324,0,2011/1/12,11:21,21500,0.42,25
15061,0,2011/1/12,12:10,22467,2.1,1
15061,0,2011/1/12,12:10,22543,0.36,1
17364,0,2011/1/12,16:57,22796,9.95,2
17364,0,2011/1/12,16:57,21326,0.65,12
17364,0,2011/1/12,16:57,84949,1.65,6
17364,0,2011/1/12,16:57,22766,2.95,4
17364,0,2011/1/12,16:57,84947,1.25,6
17364,0,2011/1/12,16:57,48194,7.95,1
17364,0,2011/1/12,16:57,22170,6.75,4
17364,0,2011/1/12,16:57,21058,0.85,1
17364,0,2011/1/12,16:57,21058,0.85,6
17364,0,2011/1/12,16:57,21062,0.85,4
17364,0,2011/1/12,16:57,21063,0.85,3
17364,0,2011/1/12,16:57,22907,0.85,5
17364,0,2011/1/12,16:57,22697,2.95,1
17364,0,2011/1/12,16:57,22956,2.1,2
17364,0,2011/1/12,16:57,22697,2.95,1
17364,0,2011/1/12,16:57,22492,0.65,36
17364,0,2011/1/12,16:57,21561,2.55,6
17364,0,2011/1/12,16:57,21217,9.95,1
17364,0,2011/1/12,16:57,22964,2.1,3
17364,0,2011/1/12,16:57,22077,1.65,4
17364,0,2011/1/12,16:57,22078,2.1,5
17364,0,2011/1/12,16:57,22078,2.1,5
17364,0,2011/1/12,16:57,22423,12.75,2
17364,0,2011/1/12,16:57,22169,8.5,1
17364,0,2011/1/12,16:57,22699,2.95,1
17364,0,2011/1/12,16:57,22699,2.95,1
17364,0,2011/1/12,16:57,22613,0.85,3
17364,0,2011/1/12,16:57,84375,2.1,3
17364,0,2011/1/12,16:57,84378,1.25,4
17364,0,2011/1/12,16:57,84380,1.25,3
17364,0,2011/1/12,16:57,84559A,0.85,18
17364,0,2011/1/12,16:57,21327,1.65,3
17364,0,2011/1/12,16:57,21328,1.65,3
17364,0,2011/1/12,16:57,21329,1.65,3
17364,0,2011/1/12,16:57,22907,0.85,1
17364,0,2011/1/12,16:57,18098C,2.95,3
17364,0,2011/1/12,16:57,22955,2.1,1
17364,0,2011/1/12,16:57,84993B,0.42,8
17364,0,2011/1/12,16:57,84992,0.55,6
17364,0,2011/1/12,16:57,21212,0.55,4
17364,0,2011/1/12,16:57,84558A,2.95,5
17364,0,2011/1/12,16:57,22693,1.25,24
17364,0,2011/1/12,16:57,22440,0.42,20
17364,0,2011/1/12,16:57,22437,0.85,20
17364,0,2011/1/12,16:57,21912,3.75,2
17364,0,2011/1/12,16:57,51008,3.45,10
17364,0,2011/1/12,16:57,21508,0.42,12
17364,0,2011/1/12,16:57,22716,0.42,12
17364,0,2011/1/12,16:57,22983,0.42,12
15694,0,2011/1/13,11:54,35004B,4.65,12
15694,0,2011/1/13,11:54,21363,4.95,12
15694,0,2011/1/13,11:54,84792,3.81,24
15694,0,2011/1/13,11:54,22505,4.95,4
15694,0,2011/1/13,11:54,20749,6.35,12
15694,0,2011/1/13,11:54,21462,6.75,2
15694,0,2011/1/13,11:54,22378,0.85,20
15694,0,2011/1/13,11:54,21116,4.95,3
15694,0,2011/1/13,11:54,22727,3.75,8
15694,0,2011/1/13,11:54,22469,1.65,12
14215,0,2011/1/13,14:24,22845,6.35,2
14215,0,2011/1/13,14:24,22703,2.1,6
14215,0,2011/1/13,14:24,22701,2.95,6
14215,0,2011/1/13,14:24,22700,2.95,6
14215,0,2011/1/13,14:24,22702,2.1,6
14215,0,2011/1/13,14:24,20726,1.65,10
14215,0,2011/1/13,14:24,20725,1.65,10
14215,0,2011/1/13,14:24,20728,1.65,10
14215,0,2011/1/13,14:24,22326,2.95,6
14215,0,2011/1/13,14:24,21533,4.95,3
14215,0,2011/1/13,14:24,21534,4.95,3
14215,0,2011/1/13,14:24,22151,0.42,24
14215,0,2011/1/13,14:24,22449,3.35,6
14215,0,2011/1/13,14:24,22450,3.35,6
14215,0,2011/1/13,14:24,20772,2.55,6
14215,0,2011/1/13,14:24,20767,2.55,6
14215,0,2011/1/13,14:24,20768,2.55,6
14215,0,2011/1/13,14:24,22755,0.85,12
14215,0,2011/1/13,14:24,22754,0.85,12
14215,0,2011/1/13,14:24,22757,1.25,12
14215,0,2011/1/13,14:24,22758,1.25,12
14215,0,2011/1/13,14:24,22759,1.65,12
14215,0,2011/1/13,14:24,84497,3.75,6
14215,0,2011/1/13,14:24,20699,2.55,6
14215,0,2011/1/13,14:24,22175,2.95,6
14215,0,2011/1/13,14:24,22176,2.95,6
14215,0,2011/1/13,14:24,22720,4.95,3
14215,0,2011/1/13,14:24,22424,12.75,2
14215,0,2011/1/13,14:24,21212,0.55,24
14215,0,2011/1/13,14:24,20754,2.1,6
14215,0,2011/1/13,14:24,20752,2.1,6
14215,0,2011/1/13,14:24,21035,2.95,6
14215,0,2011/1/13,14:24,21154,1.25,10
14215,0,2011/1/13,14:24,22558,1.49,12
14215,0,2011/1/13,14:24,21155,2.1,6
14215,0,2011/1/13,14:24,21217,9.95,3
14215,0,2011/1/13,14:24,22844,8.5,2
16493,0,2011/1/14,8:16,21791,1.25,12
16493,0,2011/1/14,8:16,21912,3.75,4
16493,0,2011/1/14,8:16,22087,2.95,12
16493,0,2011/1/14,8:16,84378,1.25,12
16493,0,2011/1/14,8:16,21121,1.25,24
16493,0,2011/1/14,8:16,84988,1.45,12
12672,0,2011/1/14,9:20,85099B,1.95,10
12672,0,2011/1/14,9:20,21039,2.55,6
12672,0,2011/1/14,9:20,20679,5.95,3
12672,0,2011/1/14,9:20,21700,0.85,12
12672,0,2011/1/14,9:20,22668,2.95,15
12672,0,2011/1/14,9:20,22588,2.55,6
12672,0,2011/1/14,9:20,20750,7.95,6
12672,0,2011/1/14,9:20,20749,7.95,2
12672,0,2011/1/14,9:20,21218,3.75,6
12672,0,2011/1/14,9:20,22645,1.45,12
12708,0,2011/1/14,9:23,22425,4.95,3
12708,0,2011/1/14,9:23,22199,4.25,4
12708,0,2011/1/14,9:23,22326,2.95,6
12708,0,2011/1/14,9:23,22328,2.95,6
12708,0,2011/1/14,9:23,21668,1.25,12
12708,0,2011/1/14,9:23,21671,1.25,12
12708,0,2011/1/14,9:23,21238,0.85,8
12708,0,2011/1/14,9:23,20674,1.25,8
12708,0,2011/1/14,9:23,22629,1.95,12
12708,0,2011/1/14,9:23,16161P,0.42,25
12708,0,2011/1/14,9:23,22585,1.25,12
12708,0,2011/1/14,9:23,22962,0.85,12
12708,0,2011/1/14,9:23,21242,1.69,8
12708,0,2011/1/14,9:23,22333,1.65,8
12708,0,2011/1/14,9:23,22986,0.42,25
12708,0,2011/1/14,9:23,84968F,12.75,1
12708,0,2011/1/14,9:23,84968D,12.75,1
12708,0,2011/1/14,9:23,84968C,12.75,1
12708,0,2011/1/14,9:23,POST,18,2
15213,0,2011/1/14,11:05,16161P,0.42,25
15213,0,2011/1/14,11:05,21498,0.42,25
15213,0,2011/1/14,11:05,22662,1.65,10
15213,0,2011/1/14,11:05,22663,1.95,10
15213,0,2011/1/14,11:05,22664,2.1,5
15213,0,2011/1/14,11:05,22380,2.1,5
15213,0,2011/1/14,11:05,22382,1.65,10
15213,0,2011/1/14,11:05,22385,1.95,10
15213,0,2011/1/14,11:05,20725,1.65,10
15213,0,2011/1/14,11:05,85099B,1.95,10
15213,0,2011/1/14,11:05,84991,0.55,24
15213,0,2011/1/14,11:05,22667,2.95,6
15213,0,2011/1/14,11:05,21080,0.85,12
15213,0,2011/1/14,11:05,22961,1.45,12
15213,0,2011/1/14,11:05,84378,1.25,12
15213,0,2011/1/14,11:05,21210,1.45,12
15213,0,2011/1/14,11:05,21212,0.55,24
15213,0,2011/1/14,11:05,22132,0.85,12
15213,0,2011/1/14,11:05,22196,0.85,12
15213,0,2011/1/14,11:05,21164,2.95,6
15213,0,2011/1/14,11:05,22377,2.1,5
15213,0,2011/1/14,11:05,22379,2.1,5
14099,0,2011/1/14,14:47,15056BL,5.95,2
14099,0,2011/1/14,14:47,15056N,5.95,2
14099,0,2011/1/14,14:47,20679,5.95,2
14099,0,2011/1/14,14:47,85014B,5.95,3
14099,0,2011/1/14,14:47,85014A,5.95,1
14099,0,2011/1/14,14:47,47590B,5.45,1
14099,0,2011/1/14,14:47,21485,4.95,4
14099,0,2011/1/14,14:47,22837,4.65,1
14099,0,2011/1/14,14:47,22312,2.95,2
14099,0,2011/1/14,14:47,82582,2.1,12
14099,0,2011/1/14,14:47,51014A,0.85,12
14099,0,2011/1/14,14:47,21985,0.29,48
14099,0,2011/1/14,14:47,84050,1.65,13
14099,0,2011/1/14,14:47,21527,7.95,1
14099,0,2011/1/14,14:47,22891,4.25,1
14099,0,2011/1/14,14:47,85180A,1.25,12
14099,0,2011/1/14,14:47,21355,1.25,11
14099,0,2011/1/14,14:47,21947,1.25,12
14099,0,2011/1/14,14:47,85038,2.1,6
16401,0,2011/1/16,10:56,22557,1.65,24
16401,0,2011/1/16,10:56,22554,1.65,24
16401,0,2011/1/16,10:56,21080,0.85,8
16401,0,2011/1/16,10:56,21986,0.29,60
16401,0,2011/1/16,10:56,21354,1.25,1
16401,0,2011/1/16,10:56,22328,2.95,1
16401,0,2011/1/16,10:56,20725,1.65,90
16401,0,2011/1/16,10:56,20676,1.25,36
16401,0,2011/1/16,10:56,21584,1.65,5
16401,0,2011/1/16,10:56,22346,0.21,30
16401,0,2011/1/16,10:56,21592,1.25,5
16401,0,2011/1/16,10:56,21559,2.55,4
16401,0,2011/1/16,10:56,22326,2.95,4
16401,0,2011/1/16,10:56,22197,0.72,200
13782,0,2011/1/16,11:08,84459B,1.49,1
13782,0,2011/1/16,11:08,22269,1.25,2
13782,0,2011/1/16,11:08,21385,0.85,4
13782,0,2011/1/16,11:08,21389,0.85,4
13782,0,2011/1/16,11:08,84879,1.69,4
13782,0,2011/1/16,11:08,22297,1.25,2
13782,0,2011/1/16,11:08,35971,1.25,4
13782,0,2011/1/16,11:08,22296,1.65,2
13782,0,2011/1/16,11:08,22219,0.85,2
13782,0,2011/1/16,11:08,22227,0.65,4
13782,0,2011/1/16,11:08,22336,0.65,2
13782,0,2011/1/16,11:08,21411,4.25,1
13782,0,2011/1/16,11:08,22508,3.75,1
13782,0,2011/1/16,11:08,85184C,2.95,2
13782,0,2011/1/16,11:08,84536A,0.42,32
13782,0,2011/1/16,11:08,84406B,3.25,2
13782,0,2011/1/16,11:08,20866,1.25,2
13782,0,2011/1/16,11:08,20867,1.25,2
13782,0,2011/1/16,11:08,22224,2.95,2
13782,0,2011/1/16,11:08,21175,2.1,4
13782,0,2011/1/16,11:08,85006,2.95,1
13782,0,2011/1/16,11:08,22804,2.95,2
13782,0,2011/1/16,11:08,84884A,3.95,4
13782,0,2011/1/16,11:08,22723,3.95,1
13782,0,2011/1/16,11:08,85123A,2.95,2
13782,0,2011/1/16,11:08,22913,4.95,1
13782,0,2011/1/16,11:08,22914,4.95,1
13782,0,2011/1/16,11:08,22912,4.95,1
13782,0,2011/1/16,11:08,22588,2.55,4
13782,0,2011/1/16,11:08,82494L,2.95,1
13782,0,2011/1/16,11:08,82482,2.55,1
13782,0,2011/1/16,11:08,22822,5.95,2
13782,0,2011/1/16,11:08,22193,8.5,1
13782,0,2011/1/16,11:08,22192,8.5,1
13782,0,2011/1/16,11:08,22252,1.25,4
13782,0,2011/1/16,11:08,21733,2.95,2
14976,0,2011/1/17,11:09,22927,5.95,2
14976,0,2011/1/17,11:09,82551,1.45,1
14976,0,2011/1/17,11:09,82552,1.45,1
14976,0,2011/1/17,11:09,22457,2.95,2
14976,0,2011/1/17,11:09,22721,4.95,1
14976,0,2011/1/17,11:09,84508A,2.55,1
14976,0,2011/1/17,11:09,22360,2.95,2
14976,0,2011/1/17,11:09,22192,8.5,2
14976,0,2011/1/17,11:09,21754,5.95,2
14976,0,2011/1/17,11:09,21906,6.75,1
14976,0,2011/1/17,11:09,20750,7.95,1
14976,0,2011/1/17,11:09,21166,1.95,2
14976,0,2011/1/17,11:09,21908,2.1,2
14976,0,2011/1/17,11:09,82599,2.1,2
14976,0,2011/1/17,11:09,22485,12.75,4
14976,0,2011/1/17,11:09,22762,14.95,1
14101,0,2011/1/17,13:09,22710,0.34,400
14101,0,2011/1/17,13:09,22900,2.55,200
14101,0,2011/1/17,13:09,22659,1.65,64
14667,0,2011/1/17,13:25,22291,1.45,24
14667,0,2011/1/17,13:25,21906,6.75,2
14667,0,2011/1/17,13:25,85040A,1.65,12
14667,0,2011/1/17,13:25,85169B,1.25,6
14667,0,2011/1/17,13:25,21034,0.95,4
14667,0,2011/1/17,13:25,21621,8.5,4
14667,0,2011/1/17,13:25,84879,1.69,9
14667,0,2011/1/17,13:25,22212,2.1,3
14667,0,2011/1/17,13:25,21181,2.1,12
14667,0,2011/1/17,13:25,85152,2.1,12
14667,0,2011/1/17,13:25,21326,0.65,12
14667,0,2011/1/17,13:25,21181,2.1,12
14667,0,2011/1/17,13:25,21080,0.85,4
14667,0,2011/1/17,13:25,22858,1.65,6
14667,0,2011/1/17,13:25,22831,2.95,4
14667,0,2011/1/17,13:25,85040B,1.65,4
14667,0,2011/1/17,13:25,20761,3.75,1
14667,0,2011/1/17,13:25,84874B,1.65,1
14667,0,2011/1/17,13:25,23232,0.42,25
14667,0,2011/1/17,13:25,16161U,0.42,25
14667,0,2011/1/17,13:25,21498,0.42,25
14667,0,2011/1/17,13:25,21868,1.25,6
14667,0,2011/1/17,13:25,20772,2.55,2
14667,0,2011/1/17,13:25,20767,2.55,1
14667,0,2011/1/17,13:25,20765,3.75,1
17288,0,2011/1/17,13:25,21746,1.25,24
17288,0,2011/1/17,13:25,22534,0.42,24
17288,0,2011/1/17,13:25,22537,0.42,24
17288,0,2011/1/17,13:25,22492,0.65,36
17288,0,2011/1/17,13:25,21915,1.25,24
13769,0,2011/1/17,14:18,22112,4.95,3
13769,0,2011/1/17,14:18,22113,3.75,4
13769,0,2011/1/17,14:18,22469,1.65,12
13769,0,2011/1/17,14:18,22470,2.95,6
13769,0,2011/1/17,14:18,84945,0.85,12
13769,0,2011/1/17,14:18,85123A,2.95,6
13769,0,2011/1/17,14:18,85150,2.55,6
13769,0,2011/1/17,14:18,21181,2.1,12
13769,0,2011/1/17,14:18,22835,4.65,4
13769,0,2011/1/17,14:18,85152,2.1,12
13769,0,2011/1/17,14:18,22189,3.95,4
13769,0,2011/1/17,14:18,85172,0.42,16
13769,0,2011/1/17,14:18,21361,12.75,1
13769,0,2011/1/17,14:18,22260,0.85,12
13769,0,2011/1/17,14:18,22261,0.85,12
13769,0,2011/1/17,14:18,22262,0.85,12
13769,0,2011/1/17,14:18,21903,2.1,12
13769,0,2011/1/17,14:18,21166,1.95,12
13769,0,2011/1/17,14:18,22269,1.25,8
17730,0,2011/1/17,14:49,22149,2.1,12
17730,0,2011/1/17,14:49,85178,1.25,12
17730,0,2011/1/17,14:49,22077,1.65,12
17730,0,2011/1/17,14:49,21672,1.25,12
17730,0,2011/1/17,14:49,84406B,3.25,8
17730,0,2011/1/17,14:49,21164,2.95,6
17730,0,2011/1/17,14:49,21216,4.95,4
17730,0,2011/1/17,14:49,22179,6.75,2
17730,0,2011/1/17,14:49,84987,1.45,12
17730,0,2011/1/17,14:49,21877,1.25,24
17730,0,2011/1/17,14:49,16161P,0.42,25
17730,0,2011/1/17,14:49,22986,0.42,25
17730,0,2011/1/17,14:49,21519,0.42,12
17730,0,2011/1/17,14:49,84247G,0.42,12
17730,0,2011/1/17,14:49,21448,1.65,12
17730,0,2011/1/17,14:49,22348,0.85,24
17730,0,2011/1/17,14:49,22741,0.85,48
12356,0,2011/1/18,9:50,22138,4.25,24
12356,0,2011/1/18,9:50,21198,0.42,48
12356,0,2011/1/18,9:50,21114,1.25,40
12356,0,2011/1/18,9:50,21199,0.42,48
12356,0,2011/1/18,9:50,21231,1.06,72
12356,0,2011/1/18,9:50,22060,8.5,12
12356,0,2011/1/18,9:50,22062,2.95,24
12356,0,2011/1/18,9:50,22066,1.45,24
12356,0,2011/1/18,9:50,22132,0.85,48
12356,0,2011/1/18,9:50,22131,1.95,24
12356,0,2011/1/18,9:50,22195,1.65,12
12356,0,2011/1/18,9:50,22435,1.25,60
12356,0,2011/1/18,9:50,22937,2.55,24
12356,0,2011/1/18,9:50,84378,1.25,48
12356,0,2011/1/18,9:50,84569D,1.25,24
12356,0,2011/1/18,9:50,84992,0.42,120
12356,0,2011/1/18,9:50,85184C,1.25,24
12356,0,2011/1/18,9:50,22055,1.45,32
12356,0,2011/1/18,9:50,22059,1.25,48
12356,0,2011/1/18,9:50,22649,4.25,24
12356,0,2011/1/18,9:50,22646,1.45,12
12356,0,2011/1/18,9:50,37448,1.25,48
12356,0,2011/1/18,9:50,37450,2.55,18
12356,0,2011/1/18,9:50,37500,8.49,12
12356,0,2011/1/18,9:50,37501,6.95,12
12356,0,2011/1/18,9:50,84991,0.42,120
12356,0,2011/1/18,9:50,84987,1.45,24
12356,0,2011/1/18,9:50,84535B,0.65,32
12356,0,2011/1/18,9:50,22423,10.95,16
12356,0,2011/1/18,9:50,84375,2.1,36
12356,0,2011/1/18,9:50,84380,1.25,24
12356,0,2011/1/18,9:50,22951,0.55,24
12356,0,2011/1/18,9:50,21213,0.55,24
12356,0,2011/1/18,9:50,21527,6.95,12
12356,0,2011/1/18,9:50,21843,10.95,4
12356,0,2011/1/18,9:50,POST,18,18
14911,0,2011/1/18,10:22,85180A,1.25,24
14911,0,2011/1/18,10:22,84978,1.06,72
14911,0,2011/1/18,10:22,18097C,2.55,12
14911,0,2011/1/18,10:22,85055,2.95,20
14911,0,2011/1/18,10:22,37475,8.49,6
14911,0,2011/1/18,10:22,22561,1.65,24
14911,0,2011/1/18,10:22,22113,3.75,8
14911,0,2011/1/18,10:22,71459,0.72,96
14911,0,2011/1/18,10:22,21355,1.25,24
14911,0,2011/1/18,10:22,C2,50,1
15061,0,2011/1/18,13:34,84692,0.32,25
15061,0,2011/1/18,13:34,71459,0.72,120
15061,0,2011/1/18,13:34,48184,6.75,18
15061,0,2011/1/18,13:34,22752,7.65,28
15061,0,2011/1/18,13:34,22659,1.65,72
15061,0,2011/1/18,13:34,22629,1.65,24
15061,0,2011/1/18,13:34,22617,4.25,6
15061,0,2011/1/18,13:34,22530,0.36,24
15061,0,2011/1/18,13:34,22467,2.1,18
15061,0,2011/1/18,13:34,21212,0.42,72
15061,0,2011/1/18,13:34,20719,0.72,11
15061,0,2011/1/18,13:34,20685,6.75,10
15061,0,2011/1/18,13:34,16237,0.16,90
17576,0,2011/1/18,16:45,22113,3.75,1
17576,0,2011/1/18,16:45,22113,3.75,1
17576,0,2011/1/18,16:45,22261,0.85,1
17576,0,2011/1/18,16:45,22269,1.25,4
17576,0,2011/1/18,16:45,22228,0.85,4
17576,0,2011/1/18,16:45,22256,1.25,4
17576,0,2011/1/18,16:45,22285,1.65,4
17576,0,2011/1/18,16:45,22266,0.65,4
17576,0,2011/1/18,16:45,22284,1.65,4
17576,0,2011/1/18,16:45,85036B,4.25,6
17576,0,2011/1/18,16:45,35095A,0.42,1
17576,0,2011/1/18,16:45,21181,2.1,4
17576,0,2011/1/18,16:45,47566,4.65,4
17576,0,2011/1/18,16:45,21621,8.5,1
17576,0,2011/1/18,16:45,22113,3.75,2
17576,0,2011/1/18,16:45,22588,2.55,4
17576,0,2011/1/18,16:45,22077,1.65,2
17576,0,2011/1/18,16:45,20914,2.95,1
17576,0,2011/1/18,16:45,22720,4.95,1
17576,0,2011/1/18,16:45,21034,0.95,1
17576,0,2011/1/18,16:52,85036B,1.25,12
17708,0,2011/1/19,10:09,22494,1.25,1
17708,0,2011/1/19,10:09,22495,2.95,1
17708,0,2011/1/19,10:09,22374,4.25,1
17708,0,2011/1/19,10:09,22192,8.5,1
17708,0,2011/1/19,10:09,21718,1.25,2
17708,0,2011/1/19,10:09,22467,2.55,2
17708,0,2011/1/19,10:09,21754,5.95,1
17708,0,2011/1/19,10:09,22730,3.75,1
17708,0,2011/1/19,10:09,20675,1.25,1
17708,0,2011/1/19,10:09,20674,1.25,1
17708,0,2011/1/19,10:09,20677,1.25,1
17708,0,2011/1/19,10:09,20676,1.25,1
17708,0,2011/1/19,10:09,22721,4.95,1
17708,0,2011/1/19,10:09,22629,1.95,1
17708,0,2011/1/19,10:09,22723,3.95,1
17708,0,2011/1/19,10:09,21534,4.95,2
17708,0,2011/1/19,10:09,22726,3.75,1
17708,0,2011/1/19,10:09,21528,6.95,3
17708,0,2011/1/19,10:09,22726,3.75,1
17708,0,2011/1/19,10:09,21715,2.55,2
17708,0,2011/1/19,10:09,22700,2.95,1
17708,0,2011/1/19,10:09,22728,3.75,1
17708,0,2011/1/19,10:09,22729,3.75,1
17708,0,2011/1/19,10:09,22665,2.95,1
17708,0,2011/1/19,10:09,37370,1.25,1
17708,0,2011/1/19,10:09,21071,1.25,2
15039,0,2011/1/19,11:15,84212,0.42,480
15039,0,2011/1/19,11:15,22171,7.65,12
15039,0,2011/1/19,11:15,84313B,4.25,1
15039,0,2011/1/19,11:15,21428,4.25,4
15039,0,2011/1/19,11:15,20711,1.95,10
15039,0,2011/1/19,11:15,85099B,1.95,10
15039,0,2011/1/19,11:15,22411,1.95,20
15039,0,2011/1/19,11:15,21930,1.95,10
15039,0,2011/1/19,11:15,84988,1.45,24
15039,0,2011/1/19,11:15,84992,0.55,1
15039,0,2011/1/19,11:15,21975,0.55,1
15039,0,2011/1/19,11:15,85099C,1.95,10
15039,0,2011/1/19,11:15,20712,1.95,11
15039,0,2011/1/19,11:15,84406B,3.25,2
15039,0,2011/1/19,11:15,22414,7.95,1
15039,0,2011/1/19,11:15,22660,7.95,1
15039,0,2011/1/19,11:15,22669,2.95,5
15039,0,2011/1/19,11:15,22670,1.25,2
15039,0,2011/1/19,11:15,22684,1.25,2
15039,0,2011/1/19,11:15,22679,1.25,1
15039,0,2011/1/19,11:15,22683,1.25,3
15039,0,2011/1/19,11:15,22676,1.25,1
15039,0,2011/1/19,11:15,22775,1.25,2
15039,0,2011/1/19,11:15,21975,0.55,1
15039,0,2011/1/19,11:15,22267,1.25,1
15039,0,2011/1/19,11:15,84992,0.55,1
15039,0,2011/1/19,11:15,21717,2.55,1
15039,0,2011/1/19,11:15,20725,1.65,1
15039,0,2011/1/19,11:15,22383,1.65,1
15039,0,2011/1/19,11:15,22835,4.65,2
15039,0,2011/1/19,11:15,85206B,1.65,3
15039,0,2011/1/19,11:15,21557,2.95,2
15039,0,2011/1/19,11:15,22151,0.42,48
15039,0,2011/1/19,11:15,84050,1.65,12
15039,0,2011/1/19,11:15,22624,8.5,5
15039,0,2011/1/19,11:15,21080,0.85,20
15039,0,2011/1/19,11:15,22151,0.42,24
15039,0,2011/1/19,11:15,21355,1.25,4
15039,0,2011/1/19,11:15,21210,1.45,6
15039,0,2011/1/19,11:15,84985A,1.45,5
15039,0,2011/1/19,11:15,15056N,5.95,7
14307,0,2011/1/19,14:43,22931,2.55,6
14307,0,2011/1/19,14:43,22935,3.25,6
14307,0,2011/1/19,14:43,22937,2.55,6
14307,0,2011/1/19,14:43,22964,2.1,6
14307,0,2011/1/19,14:43,22965,2.1,6
14307,0,2011/1/19,14:43,22457,2.95,6
14307,0,2011/1/19,14:43,82484,6.45,3
14307,0,2011/1/19,14:43,22090,2.95,6
14307,0,2011/1/19,14:43,22088,2.95,6
14307,0,2011/1/19,14:43,84879,1.69,8
14307,0,2011/1/19,14:43,21188,2.95,12
14307,0,2011/1/19,14:43,20830,2.1,6
14307,0,2011/1/19,14:43,82494L,2.95,6
14307,0,2011/1/19,14:43,22464,1.65,12
14307,0,2011/1/19,14:43,71459,0.85,12
14307,0,2011/1/19,14:43,85123A,2.95,6
14307,0,2011/1/19,14:43,84378,1.25,12
14307,0,2011/1/19,14:43,22417,0.55,24
14307,0,2011/1/19,14:43,22956,2.1,6
14307,0,2011/1/19,14:43,21155,2.1,6
14307,0,2011/1/19,14:43,22558,1.49,12
14307,0,2011/1/19,14:43,22617,4.95,3
14307,0,2011/1/19,14:43,22138,4.95,3
14307,0,2011/1/19,14:43,21947,1.25,12
14307,0,2011/1/19,14:43,22821,0.65,12
14307,0,2011/1/19,14:43,10135,1.25,10
14307,0,2011/1/19,14:43,22418,0.85,24
14307,0,2011/1/19,14:43,22045,0.42,25
14307,0,2011/1/19,14:43,22435,1.25,12
14307,0,2011/1/19,14:43,21210,1.45,12
14307,0,2011/1/19,14:43,21212,0.55,24
14916,0,2011/1/19,15:30,10135,0.42,20
14916,0,2011/1/19,15:30,10133,0.42,20
14916,0,2011/1/19,15:30,21110,1.95,24
14916,0,2011/1/19,15:30,21111,1.25,24
14916,0,2011/1/19,15:30,84823,7.95,1
14916,0,2011/1/19,15:30,84826,0.21,60
14916,0,2011/1/19,15:30,85184C,1.25,24
14916,0,2011/1/19,15:30,22669,2.95,5
14916,0,2011/1/19,15:30,22488,1.65,12
14916,0,2011/1/19,15:30,22668,2.95,5
14916,0,2011/1/19,15:30,22766,2.95,8
14916,0,2011/1/19,15:30,20713,1.95,10
14916,0,2011/1/19,15:30,20712,1.95,10
14916,0,2011/1/19,15:30,20711,1.95,10
14916,0,2011/1/19,15:30,22386,1.95,10
17602,0,2011/1/19,16:18,20971,1.25,4
17602,0,2011/1/19,16:18,20972,1.25,4
17602,0,2011/1/19,16:18,22268,0.85,10
17602,0,2011/1/19,16:18,21381,1.69,5
17602,0,2011/1/19,16:18,22545,0.42,6
17602,0,2011/1/19,16:18,22547,0.42,5
17602,0,2011/1/19,16:18,22535,0.42,6
17602,0,2011/1/19,16:18,22537,0.42,6
17602,0,2011/1/19,16:18,22274,2.95,1
17602,0,2011/1/19,16:18,22272,2.95,1
17602,0,2011/1/19,16:18,22271,2.95,2
17602,0,2011/1/19,16:18,22435,1.25,10
17602,0,2011/1/19,16:18,21703,0.42,5
17602,0,2011/1/19,16:18,22934,2.95,2
17602,0,2011/1/19,16:18,22748,2.1,1
17602,0,2011/1/19,16:18,22149,2.1,4
17602,0,2011/1/19,16:18,22147,1.45,4
17602,0,2011/1/19,16:18,22469,1.65,4
17602,0,2011/1/19,16:18,22967,2.95,1
17602,0,2011/1/19,16:18,22957,2.95,1
17602,0,2011/1/19,16:18,35920,1.25,10
17602,0,2011/1/19,16:18,22241,1.25,4
17602,0,2011/1/19,16:18,84992,0.55,6
17602,0,2011/1/19,16:18,84378,1.25,4
17602,0,2011/1/19,16:18,85038,2.1,4
17602,0,2011/1/19,16:18,22079,1.65,5
17602,0,2011/1/19,16:18,21985,0.29,24
17602,0,2011/1/19,16:18,85184C,2.95,2
17602,0,2011/1/19,16:18,84988,1.45,4
17602,0,2011/1/19,16:18,22930,2.55,2
17602,0,2011/1/19,16:18,22931,2.55,2
17602,0,2011/1/19,16:18,21259,5.95,2
17602,0,2011/1/19,16:18,21413,1.25,4
17602,0,2011/1/19,16:19,85123A,2.95,5
17602,0,2011/1/19,16:19,22804,2.95,9
17602,0,2011/1/19,16:19,21733,2.95,6
17602,0,2011/1/19,16:19,84535B,0.65,1
17602,0,2011/1/19,16:19,22296,1.65,4
17602,0,2011/1/19,16:19,85216,0.65,6
17602,0,2011/1/19,16:19,22650,1.45,8
17602,0,2011/1/19,16:19,22068,1.65,8
17602,0,2011/1/19,16:19,22647,1.45,8
17602,0,2011/1/19,16:19,22219,0.85,10
17602,0,2011/1/19,16:19,22227,0.65,8
17602,0,2011/1/19,16:19,20974,0.65,5
17602,0,2011/1/19,16:19,20973,0.65,5
17602,0,2011/1/19,16:19,72351A,2.1,2
17602,0,2011/1/19,16:19,72349B,2.1,2
17602,0,2011/1/19,16:19,20669,1.25,3
17602,0,2011/1/19,16:19,35965,2.95,2
17602,0,2011/1/19,16:19,84510A,1.25,2
17602,0,2011/1/19,16:19,84510C,1.25,2
17602,0,2011/1/19,16:19,84510E,1.25,2
17602,0,2011/1/19,16:19,20936,2.95,2
17602,0,2011/1/19,16:19,72132,1.95,2
17602,0,2011/1/19,16:19,72127,1.25,2
17602,0,2011/1/19,16:19,72133,1.25,2
17602,0,2011/1/19,16:19,72128,0.85,2
17602,0,2011/1/19,16:19,22558,1.49,3
17602,0,2011/1/19,16:19,22264,0.19,96
17602,0,2011/1/19,16:19,22258,0.42,96
17602,0,2011/1/19,16:19,22969,1.45,12
17602,0,2011/1/19,16:19,72741,1.45,9
17602,0,2011/1/19,16:19,22807,2.95,6
17602,0,2011/1/19,16:19,22778,3.95,2
17602,0,2011/1/19,16:19,85172,0.42,32
17602,0,2011/1/19,16:19,22808,2.95,12
17602,0,2011/1/19,16:19,21383,0.65,15
17602,0,2011/1/19,16:19,22560,1.25,5
17602,0,2011/1/19,16:19,85187,1.65,2
17602,0,2011/1/19,16:19,72351B,2.1,2
17602,0,2011/1/19,16:19,84536B,0.42,5
17602,0,2011/1/19,16:19,84536A,0.42,5
17602,0,2011/1/19,16:19,21967,0.29,12
17602,0,2011/1/19,16:19,21314,2.1,4
17602,0,2011/1/19,16:19,21231,1.25,8
17602,0,2011/1/19,16:19,21232,1.25,8
17602,0,2011/1/19,16:19,21324,2.95,3
17602,0,2011/1/19,16:19,84535B,0.65,4
17602,0,2011/1/19,16:19,20975,0.65,5
17602,0,2011/1/19,16:19,21975,0.55,2
17602,0,2011/1/19,16:19,21977,0.55,2
17602,0,2011/1/19,16:19,21976,0.55,1
17602,0,2011/1/19,16:19,21213,0.55,4
17602,0,2011/1/19,16:19,84991,0.55,3
17602,0,2011/1/19,16:19,22951,0.55,3
17602,0,2011/1/19,16:19,47503A,0.42,24
17602,0,2011/1/19,16:19,22491,0.85,4
17602,0,2011/1/19,16:19,22489,0.42,4
17602,0,2011/1/19,16:19,21212,0.55,4
17602,0,2011/1/19,16:19,20886,1.95,6
17602,0,2011/1/19,16:19,21980,0.29,12
17602,0,2011/1/19,16:19,21982,0.29,12
17602,0,2011/1/19,16:19,21112,1.25,24
17602,0,2011/1/19,16:19,22784,4.95,2
17602,0,2011/1/19,16:19,21382,2.95,2
17602,0,2011/1/19,16:19,84870C,3.75,1
17602,0,2011/1/19,16:19,84870B,3.75,1
17602,0,2011/1/19,16:19,22746,2.1,2
17602,0,2011/1/19,16:19,22748,2.1,3
17602,0,2011/1/19,16:19,85200,1.25,24
17602,0,2011/1/19,16:19,22259,0.42,48
17602,0,2011/1/19,16:19,82483,5.95,2
15529,0,2011/1/20,12:16,21249,2.95,2
15529,0,2011/1/20,12:16,21251,2.95,2
15529,0,2011/1/20,12:16,22331,1.65,4
15529,0,2011/1/20,12:16,22332,1.65,3
15529,0,2011/1/20,12:16,22334,1.65,3
15529,0,2011/1/20,12:16,84581,3.75,2
15529,0,2011/1/20,12:16,84580,3.75,2
15529,0,2011/1/20,12:16,23230,0.42,25
15529,0,2011/1/20,12:16,23232,0.42,25
15529,0,2011/1/20,12:16,23233,0.42,25
15529,0,2011/1/20,12:16,20713,1.95,1
15529,0,2011/1/20,12:16,20711,1.95,1
15529,0,2011/1/20,12:16,85099F,1.95,1
15529,0,2011/1/20,12:16,22385,1.95,1
15529,0,2011/1/20,12:16,20712,1.95,1
15529,0,2011/1/20,12:16,22411,1.95,2
15529,0,2011/1/20,12:16,85099B,1.95,1
15529,0,2011/1/20,12:16,22376,4.25,1
15529,0,2011/1/20,12:16,22372,4.25,1
15529,0,2011/1/20,12:16,22374,4.25,1
15529,0,2011/1/20,12:16,22371,4.25,1
15529,0,2011/1/20,12:16,21211,1.45,1
15529,0,2011/1/20,12:16,22244,1.95,3
15529,0,2011/1/20,12:16,22243,1.65,2
15529,0,2011/1/20,12:16,20752,2.1,2
15529,0,2011/1/20,12:16,20751,2.1,4
15529,0,2011/1/20,12:16,22197,0.85,7
15529,0,2011/1/20,12:16,20754,2.1,2
15529,0,2011/1/20,12:16,20979,1.25,3
15529,0,2011/1/20,12:16,22252,1.25,2
15529,0,2011/1/20,12:16,20977,1.25,4
15529,0,2011/1/20,12:16,20978,1.25,4
15529,0,2011/1/20,12:16,21988,0.85,1
15529,0,2011/1/20,12:16,22383,1.65,4
15529,0,2011/1/20,12:16,22382,1.65,3
15529,0,2011/1/20,12:16,20726,1.65,3
15529,0,2011/1/20,12:16,20725,1.65,2
15529,0,2011/1/20,12:16,84534B,0.85,1
15529,0,2011/1/20,12:16,84535B,0.65,3
15529,0,2011/1/20,12:16,44235,0.42,1
15529,0,2011/1/20,12:16,44234,0.21,2
15529,0,2011/1/20,12:16,44235,0.42,3
15529,0,2011/1/20,12:16,22754,0.85,3
15529,0,2011/1/20,12:16,22758,1.25,3
15529,0,2011/1/20,12:16,22756,1.25,3
15529,0,2011/1/20,12:16,22757,1.25,3
15529,0,2011/1/20,12:16,22753,0.85,3
15529,0,2011/1/20,12:16,21987,0.65,1
15529,0,2011/1/20,12:16,20767,2.55,2
15529,0,2011/1/20,12:16,47580,2.55,2
15529,0,2011/1/20,12:16,M,2.55,1
15529,0,2011/1/20,12:16,21990,2.95,2
15529,0,2011/1/20,12:16,21985,0.29,12
15529,0,2011/1/20,12:16,85184C,2.95,2
15529,0,2011/1/20,12:16,22435,1.25,3
15529,0,2011/1/20,12:16,21213,0.55,1
15529,0,2011/1/20,12:16,79321,4.95,2
15529,0,2011/1/20,12:16,21464,4.25,1
15529,0,2011/1/20,12:16,21704,0.85,4
14911,0,2011/1/20,12:34,22427,5.45,36
14911,0,2011/1/20,12:34,22424,10.95,8
14911,0,2011/1/20,12:34,22430,4.25,16
14911,0,2011/1/20,12:34,22425,4.25,16
14911,0,2011/1/20,12:34,22426,2.95,16
14911,0,2011/1/20,12:34,22907,0.64,192
14911,0,2011/1/20,12:34,84380,1.06,144
14911,0,2011/1/20,12:34,22666,2.55,48
14911,0,2011/1/20,12:34,22274,2.55,48
14911,0,2011/1/20,12:34,22570,3.39,32
14911,0,2011/1/20,12:34,22138,4.25,24
14911,0,2011/1/20,12:34,22744,2.55,48
14911,0,2011/1/20,12:34,21718,1.25,48
14911,0,2011/1/20,12:34,21715,2.1,32
14911,0,2011/1/20,12:34,22957,2.55,72
14911,0,2011/1/20,12:34,22960,3.75,72
14911,0,2011/1/20,12:34,22720,4.25,48
14911,0,2011/1/20,12:34,22969,1.25,120
14911,0,2011/1/20,12:34,22966,1.06,144
14911,0,2011/1/20,12:34,22722,3.45,24
14911,0,2011/1/20,12:34,22965,1.85,144
12664,0,2011/1/21,11:42,84997C,3.75,48
12664,0,2011/1/21,11:42,84997D,3.39,72
12664,0,2011/1/21,11:42,POST,40,2
12664,0,2011/1/21,11:42,84997B,3.75,6
12664,0,2011/1/21,11:42,84997A,3.75,36
16618,0,2011/1/21,11:55,22423,12.75,2
16618,0,2011/1/21,11:55,22854,4.95,4
16618,0,2011/1/21,11:55,22796,9.95,2
16618,0,2011/1/21,11:55,22296,1.65,24
16618,0,2011/1/21,11:55,84978,1.06,36
16618,0,2011/1/21,11:55,22485,12.75,6
16618,0,2011/1/21,11:55,22197,0.85,36
16618,0,2011/1/21,11:55,22561,1.65,12
16618,0,2011/1/21,11:55,22622,9.95,4
16618,0,2011/1/21,11:55,22553,1.65,12
16618,0,2011/1/21,11:55,22557,1.65,12
16618,0,2011/1/21,11:55,22551,1.65,12
16618,0,2011/1/21,11:55,21985,0.29,24
16618,0,2011/1/21,11:55,21980,0.29,24
16618,0,2011/1/21,11:55,22961,1.45,12
16618,0,2011/1/21,11:55,22849,16.95,1
16618,0,2011/1/21,11:55,22847,16.95,1
16618,0,2011/1/21,11:55,22965,2.1,6
16618,0,2011/1/21,11:55,84378,1.25,12
16618,0,2011/1/21,11:55,84380,1.25,12
16618,0,2011/1/21,11:55,22962,0.85,12
16618,0,2011/1/21,11:55,22963,0.85,12
16618,0,2011/1/21,11:55,22777,8.5,2
16618,0,2011/1/21,11:55,22778,3.95,4
16618,0,2011/1/21,11:55,22805,1.25,12
16618,0,2011/1/21,11:55,22773,1.25,12
16618,0,2011/1/21,11:55,22772,1.25,12
16618,0,2011/1/21,11:55,22771,1.25,12
16618,0,2011/1/21,11:55,21669,1.25,12
16618,0,2011/1/21,11:55,21673,1.25,12
16618,0,2011/1/21,11:55,21670,1.25,12
16618,0,2011/1/21,11:55,22558,1.49,12
16618,0,2011/1/21,11:55,22776,9.95,4
16618,0,2011/1/21,11:55,22699,2.95,6
16618,0,2011/1/21,11:55,22697,2.95,6
14088,0,2011/1/21,13:07,22843,5.95,4
14088,0,2011/1/21,13:07,22842,5.95,6
14088,0,2011/1/21,13:07,22841,6.95,4
14088,0,2011/1/21,13:07,22840,6.95,10
14088,0,2011/1/21,13:07,22839,12.75,8
14088,0,2011/1/21,13:07,22838,12.75,9
14088,0,2011/1/21,13:07,22470,2.55,30
14088,0,2011/1/21,13:07,22469,1.45,48
14088,0,2011/1/21,13:07,22783,7.95,9
14088,0,2011/1/21,13:07,22782,9.95,3
14088,0,2011/1/21,13:07,22341,1.45,48
14088,0,2011/1/21,13:07,22760,10.95,22
14088,0,2011/1/21,13:07,22796,8.5,9
14088,0,2011/1/21,13:07,85066,10.95,30
14088,0,2011/1/21,13:07,22189,3.39,8
14088,0,2011/1/21,13:07,22188,3.39,12
14088,0,2011/1/21,13:07,22823,110,3
14088,0,2011/1/21,13:07,21755,5.45,27
14088,0,2011/1/21,13:07,72760B,8.49,8
14088,0,2011/1/21,13:07,22776,8.5,11
14088,0,2011/1/21,13:07,84880,4.95,12
14088,0,2011/1/21,13:07,22794,6.75,10
14088,0,2011/1/21,13:07,22829,8.5,10
14088,0,2011/1/21,13:07,21735,10.95,24
14088,0,2011/1/21,13:07,82484,5.55,33
14088,0,2011/1/21,13:07,22788,8.5,13
14088,0,2011/1/21,13:07,22797,14.95,4
14088,0,2011/1/21,13:07,22766,2.55,24
14088,0,2011/1/21,13:07,22768,8.5,16
14088,0,2011/1/21,13:07,22767,8.5,6
14088,0,2011/1/21,13:07,21068,1.25,48
14088,0,2011/1/21,13:07,22803,35.75,2
14088,0,2011/1/21,13:07,22802,16.95,5
14088,0,2011/1/21,13:07,22786,4.95,10
14088,0,2011/1/21,13:07,22785,5.95,4
14088,0,2011/1/21,13:07,22781,6.75,10
14088,0,2011/1/21,13:07,22467,2.1,36
14088,0,2011/1/21,13:07,22728,3.39,28
14088,0,2011/1/21,13:07,22727,3.39,36
14088,0,2011/1/21,13:07,22789,1.65,32
14088,0,2011/1/21,13:07,85062,1.45,48
14088,0,2011/1/21,13:07,22804,2.55,6
14088,0,2011/1/21,13:07,85123A,2.55,48
14088,0,2011/1/21,13:07,72807C,3.81,28
14088,0,2011/1/21,13:07,72807B,3.81,16
14088,0,2011/1/21,13:07,72807A,3.81,8
14088,0,2011/1/21,13:07,72802C,3.81,12
14088,0,2011/1/21,13:07,72802B,3.81,6
14088,0,2011/1/21,13:07,72802A,3.81,6
14088,0,2011/1/21,13:07,22847,14.95,6
14088,0,2011/1/21,13:07,22846,14.95,11
14088,0,2011/1/21,13:07,21485,4.25,18
14088,0,2011/1/21,13:07,21484,2.95,16
14088,0,2011/1/21,13:07,84032B,2.55,6
14088,0,2011/1/21,13:07,84032A,2.55,18
14088,0,2011/1/21,13:07,21955,6.75,10
14088,0,2011/1/21,13:07,48138,6.75,20
14088,0,2011/1/21,13:07,22073,3.39,28
14088,0,2011/1/21,13:07,22070,3.39,6
14088,0,2011/1/21,13:07,21156,1.65,32
14088,0,2011/1/21,13:07,21217,8.95,9
14088,0,2011/1/21,13:07,22507,4.25,16
14088,0,2011/1/21,13:07,22509,14.95,5
14088,0,2011/1/21,13:07,22637,2.1,30
14088,0,2011/1/21,13:07,22508,3.39,16
14088,0,2011/1/21,13:07,21535,2.1,36
14088,0,2011/1/21,13:07,21533,4.25,12
14088,0,2011/1/21,13:07,21531,2.1,30
14088,0,2011/1/21,13:07,21527,6.95,12
14088,0,2011/1/21,13:07,20685,6.75,22
14088,0,2011/1/21,13:07,22720,4.25,48
14088,0,2011/1/21,13:07,84378,1.06,72
14088,0,2011/1/21,13:07,22966,1.06,48
14088,0,2011/1/21,13:07,84375,1.85,60
14088,0,2011/1/21,13:07,22964,1.85,36
14088,0,2011/1/21,13:07,22972,1.45,36
14088,0,2011/1/21,13:07,22974,1.45,36
14088,0,2011/1/21,13:07,22973,1.45,36
14088,0,2011/1/21,13:07,22721,4.25,15
14088,0,2011/1/21,13:07,21071,1.06,60
14088,0,2011/1/21,13:07,21069,1.06,48
14088,0,2011/1/21,13:07,22752,7.65,22
14088,0,2011/1/21,13:07,22113,3.39,16
14088,0,2011/1/21,13:07,22111,4.25,27
14088,0,2011/1/21,13:07,22929,57.95,1
14088,0,2011/1/21,13:07,22325,4.25,3
14088,0,2011/1/21,13:07,22318,2.55,12
14088,0,2011/1/21,13:07,22317,2.55,12
14088,0,2011/1/21,13:07,21843,9.95,4
14088,0,2011/1/21,13:07,21561,2.1,36
14088,0,2011/1/21,13:07,21559,2.1,60
14088,0,2011/1/21,13:07,21216,4.25,12
14088,0,2011/1/21,13:07,20682,2.75,18
16931,0,2011/1/23,12:19,22865,2.1,3
16931,0,2011/1/23,12:19,22866,2.1,1
16931,0,2011/1/23,12:19,22834,2.1,2
16931,0,2011/1/23,12:19,20983,0.85,1
16931,0,2011/1/23,12:19,20758,0.85,3
16931,0,2011/1/23,12:19,20778,1.65,1
16931,0,2011/1/23,12:19,20777,1.65,1
16931,0,2011/1/23,12:19,21829,0.21,36
16931,0,2011/1/23,12:19,21733,2.95,3
16931,0,2011/1/23,12:19,22804,2.95,3
16931,0,2011/1/23,12:19,20832,0.85,4
16931,0,2011/1/23,12:19,22555,1.65,2
16931,0,2011/1/23,12:19,22557,1.65,2
16931,0,2011/1/23,12:19,22554,1.65,2
16931,0,2011/1/23,12:19,22398,1.25,3
16931,0,2011/1/23,12:19,72127,1.25,1
16931,0,2011/1/23,12:19,22754,0.85,3
16931,0,2011/1/23,12:19,22190,2.1,1
16931,0,2011/1/23,12:19,20970,3.75,1
16931,0,2011/1/23,12:19,22569,3.75,1
16931,0,2011/1/23,12:19,22568,3.75,1
16931,0,2011/1/23,12:19,85169D,1.25,3
16931,0,2011/1/23,12:19,85049C,1.25,1
16931,0,2011/1/23,12:19,85049E,1.25,1
16931,0,2011/1/23,12:19,22139,4.95,2
16931,0,2011/1/23,12:19,21908,2.1,2
16931,0,2011/1/23,12:19,21166,1.95,2
16931,0,2011/1/23,12:19,21883,0.65,1
16931,0,2011/1/23,12:19,21880,0.65,1
16931,0,2011/1/23,12:19,84032B,2.95,1
16931,0,2011/1/23,12:19,85031A,4.95,1
16931,0,2011/1/23,12:19,22934,2.95,1
16931,0,2011/1/23,12:19,22720,4.95,1
16931,0,2011/1/23,12:19,79066K,0.85,2
16931,0,2011/1/23,12:19,21071,1.25,1
16931,0,2011/1/23,12:19,21872,1.25,1
16931,0,2011/1/23,12:19,21874,1.25,3
16931,0,2011/1/23,12:19,21871,1.25,6
16931,0,2011/1/23,12:19,22089,2.95,3
16931,0,2011/1/23,12:19,21033,2.95,1
16931,0,2011/1/23,12:19,22380,2.1,2
16931,0,2011/1/23,12:19,21485,4.95,3
16931,0,2011/1/23,12:19,21621,8.5,1
16931,0,2011/1/23,12:19,47590B,5.45,1
16931,0,2011/1/23,12:19,47566,4.65,2
16931,0,2011/1/23,12:19,21034,0.95,2
16931,0,2011/1/23,12:19,22175,2.95,4
16931,0,2011/1/23,12:19,22176,2.95,4
15443,0,2011/1/23,13:25,48129,7.95,1
15443,0,2011/1/23,13:25,48111,7.95,1
15443,0,2011/1/23,13:25,20685,7.95,1
15443,0,2011/1/23,13:25,22690,7.95,1
15443,0,2011/1/23,13:25,22717,0.42,8
15443,0,2011/1/23,13:25,22789,1.95,4
15443,0,2011/1/23,13:25,22284,1.65,12
15443,0,2011/1/23,13:25,22858,1.65,6
15443,0,2011/1/23,13:25,22295,1.65,12
15443,0,2011/1/23,13:25,22266,0.65,10
15443,0,2011/1/23,13:25,22285,1.65,12
15443,0,2011/1/23,13:25,21457,1.25,1
15443,0,2011/1/23,13:25,21458,1.25,10
15443,0,2011/1/23,13:25,21584,1.65,3
15443,0,2011/1/23,13:25,21588,2.55,3
15443,0,2011/1/23,13:25,22508,3.75,1
15443,0,2011/1/23,13:25,22720,4.95,2
15443,0,2011/1/23,13:25,22084,2.95,2
15443,0,2011/1/23,13:25,21411,4.25,1
15443,0,2011/1/23,13:25,22759,1.65,4
15443,0,2011/1/23,13:25,21757,4.95,2
15443,0,2011/1/23,13:25,82600,2.1,2
15443,0,2011/1/23,13:25,85150,2.55,2
15443,0,2011/1/23,13:25,82551,1.45,2
15443,0,2011/1/23,13:25,21181,2.1,2
15443,0,2011/1/23,13:25,22412,2.1,2
15443,0,2011/1/23,13:25,21903,2.1,1
15443,0,2011/1/23,13:25,22115,2.95,2
15443,0,2011/1/23,13:25,82583,2.1,2
15443,0,2011/1/23,13:25,21171,1.45,2
15443,0,2011/1/23,13:25,22567,1.25,6
15443,0,2011/1/23,13:25,22767,9.95,2
15443,0,2011/1/23,13:25,22776,9.95,1
15443,0,2011/1/23,13:25,21843,10.95,1
15443,0,2011/1/23,13:25,21212,0.55,6
15443,0,2011/1/23,13:25,22502,5.95,2
15443,0,2011/1/23,13:25,21844,2.95,12
15443,0,2011/1/23,13:25,84884A,3.95,2
15443,0,2011/1/23,13:25,22469,1.65,3
15443,0,2011/1/23,13:25,21533,4.95,2
15443,0,2011/1/23,13:25,21527,7.95,1
15443,0,2011/1/23,13:25,21217,9.95,2
15443,0,2011/1/23,13:25,21039,2.55,2
15443,0,2011/1/23,13:25,21080,0.85,6
15443,0,2011/1/23,13:25,22073,3.75,2
15443,0,2011/1/23,13:25,21535,2.55,3
15443,0,2011/1/23,13:25,21035,2.95,2
15443,0,2011/1/23,13:25,22113,3.75,2
15443,0,2011/1/23,13:25,21485,4.95,2
15443,0,2011/1/23,13:25,22079,1.65,5
15443,0,2011/1/23,13:25,22588,2.55,4
14744,0,2011/1/24,9:28,22318,2.95,1
14744,0,2011/1/24,9:28,22384,1.45,100
14744,0,2011/1/24,9:28,84916,5.95,1
14744,0,2011/1/24,9:28,22078,2.1,1
14744,0,2011/1/24,9:28,37370,1.25,6
15497,0,2011/1/24,10:01,72741,1.25,72
15497,0,2011/1/24,10:01,72819,2.1,24
15497,0,2011/1/24,10:01,82483,4.95,16
15497,0,2011/1/24,10:01,82486,6.95,12
15497,0,2011/1/24,10:01,84879,1.45,160
15497,0,2011/1/24,10:01,82482,2.1,36
15497,0,2011/1/24,10:01,82494L,2.55,24
15497,0,2011/1/24,10:01,84678,1.25,24
15497,0,2011/1/24,10:01,22423,10.95,16
15497,0,2011/1/24,10:01,85016,0.65,144
16558,0,2011/1/24,10:01,22469,1.65,12
16558,0,2011/1/24,10:01,16156S,0.42,25
16558,0,2011/1/24,10:01,16161P,0.42,25
16558,0,2011/1/24,10:01,22040,0.42,25
16558,0,2011/1/24,10:01,22045,0.42,25
16558,0,2011/1/24,10:01,22704,0.42,25
16558,0,2011/1/24,10:01,22708,0.42,25
16558,0,2011/1/24,10:01,20713,1.95,10
16558,0,2011/1/24,10:01,22663,1.95,10
16558,0,2011/1/24,10:01,85099B,1.95,10
16558,0,2011/1/24,10:01,21786,0.42,24
16558,0,2011/1/24,10:01,22502,5.95,4
16558,0,2011/1/24,10:01,22501,9.95,2
16558,0,2011/1/24,10:01,22720,4.95,3
16558,0,2011/1/24,10:01,22969,1.45,12
16558,0,2011/1/24,10:01,22960,4.25,6
16558,0,2011/1/24,10:01,84970S,0.85,12
16558,0,2011/1/24,10:01,47566,4.65,5
16558,0,2011/1/24,10:01,21232,1.25,12
13819,0,2011/1/24,10:38,22355,0.85,20
13819,0,2011/1/24,10:38,20723,0.85,20
13819,0,2011/1/24,10:38,22282,12.75,2
13819,0,2011/1/24,10:38,21213,0.42,120
13819,0,2011/1/24,10:38,20726,1.65,20
13819,0,2011/1/24,10:38,20719,0.85,20
13819,0,2011/1/24,10:38,20727,1.65,20
13819,0,2011/1/24,10:38,21731,1.65,24
13819,0,2011/1/24,10:38,84992,0.42,120
13819,0,2011/1/24,10:38,21212,0.42,120
13819,0,2011/1/24,10:38,20718,1.25,20
13819,0,2011/1/24,10:38,20725,1.65,20
13819,0,2011/1/24,10:38,20724,0.85,20
15039,0,2011/1/24,11:21,22170,5.95,12
15039,0,2011/1/24,11:21,21430,3.39,24
15039,0,2011/1/24,11:21,22666,2.95,1
15039,0,2011/1/24,11:21,22720,4.95,1
15039,0,2011/1/24,11:21,21428,4.25,3
15039,0,2011/1/24,11:21,22624,8.5,4
15039,0,2011/1/24,11:21,15058B,7.95,3
15039,0,2011/1/24,11:21,21557,2.95,1
15039,0,2011/1/24,11:21,22771,1.25,12
15039,0,2011/1/24,11:21,22722,3.95,1
15039,0,2011/1/24,11:21,20726,1.65,2
15039,0,2011/1/24,11:21,22242,1.65,1
15039,0,2011/1/24,11:21,22064,1.65,1
15039,0,2011/1/24,11:21,21239,0.85,9
15039,0,2011/1/24,11:21,21240,0.85,16
15039,0,2011/1/24,11:21,21485,4.95,1
15039,0,2011/1/24,11:21,21313,0.85,11
15039,0,2011/1/24,11:21,22435,1.25,20
15039,0,2011/1/24,11:21,85099C,1.95,20
15039,0,2011/1/24,11:21,20713,1.95,10
15039,0,2011/1/24,11:21,21931,1.95,10
15039,0,2011/1/24,11:21,20713,1.95,10
15039,0,2011/1/24,11:21,21523,7.95,2
15039,0,2011/1/24,11:21,22414,7.95,1
15039,0,2011/1/24,11:21,48188,7.95,1
15039,0,2011/1/24,11:21,20685,7.95,2
15039,0,2011/1/24,11:21,22366,7.95,2
15039,0,2011/1/24,11:31,22171,7.65,12
14911,0,2011/1/24,14:54,22720,4.95,3
14911,0,2011/1/24,14:54,22722,3.95,4
14911,0,2011/1/24,14:54,22847,16.95,2
14911,0,2011/1/24,14:54,22424,12.75,1
14911,0,2011/1/24,14:54,21465,3.75,6
14911,0,2011/1/24,14:54,22795,6.75,2
14911,0,2011/1/24,14:54,85123A,2.95,6
14911,0,2011/1/24,14:54,22842,6.75,2
14911,0,2011/1/24,14:54,22843,6.75,2
14911,0,2011/1/24,14:54,22841,7.95,2
14911,0,2011/1/24,14:54,22840,7.95,2
14911,0,2011/1/24,14:54,20795,2.1,6
14911,0,2011/1/24,14:54,84976,1.69,6
14911,0,2011/1/24,14:54,22501,9.95,2
14911,0,2011/1/24,14:54,C2,50,1
15052,0,2011/1/24,15:52,22588,2.55,2
15052,0,2011/1/24,15:52,22766,2.95,2
15052,0,2011/1/24,15:52,22457,2.95,1
15052,0,2011/1/24,15:52,85123A,2.95,2
15052,0,2011/1/24,15:52,22079,1.65,2
15052,0,2011/1/24,15:52,22801,3.75,2
15052,0,2011/1/24,15:52,22800,3.75,4
15052,0,2011/1/24,15:52,84947,1.25,6
15052,0,2011/1/24,15:52,84946,1.25,2
15052,0,2011/1/24,15:52,22766,2.95,1
15052,0,2011/1/24,15:52,21985,0.29,12
15052,0,2011/1/24,15:52,22659,1.95,2
15052,0,2011/1/24,15:52,22457,2.95,1
15052,0,2011/1/24,15:52,22588,2.55,2
15052,0,2011/1/24,15:52,21576,2.25,4
15052,0,2011/1/24,15:52,21063,0.85,1
15052,0,2011/1/24,15:52,21059,0.85,1
15052,0,2011/1/24,15:52,21062,0.85,1
15052,0,2011/1/24,15:52,21060,0.85,1
15052,0,2011/1/24,15:52,20681,3.25,1
15052,0,2011/1/24,15:52,20684,3.25,1
15052,0,2011/1/24,15:52,20682,3.25,1
15052,0,2011/1/24,15:52,22750,3.75,1
15052,0,2011/1/24,15:52,22749,3.75,1
15052,0,2011/1/24,15:52,22751,3.75,1
15052,0,2011/1/24,15:52,22553,1.65,3
15052,0,2011/1/24,15:52,20979,1.25,6
15052,0,2011/1/24,15:52,20978,1.25,6
15052,0,2011/1/24,15:52,22437,0.85,10
15052,0,2011/1/24,15:52,84078A,39.95,2
15213,0,2011/1/25,12:21,21210,1.45,9
15213,0,2011/1/25,12:21,22380,2.1,1
13168,0,2011/1/25,13:55,22312,2.95,1
13168,0,2011/1/25,13:55,22891,4.25,2
13168,0,2011/1/25,13:55,21972,1.45,2
13168,0,2011/1/25,13:55,21211,1.45,4
13168,0,2011/1/25,13:55,21210,1.45,3
13168,0,2011/1/25,13:55,22286,1.65,12
13168,0,2011/1/25,13:55,21385,0.85,24
13168,0,2011/1/25,13:55,84709B,5.95,2
13168,0,2011/1/25,13:55,22202,3.75,1
13168,0,2011/1/25,13:55,22284,1.65,3
13168,0,2011/1/25,13:55,84459A,1.49,3
13168,0,2011/1/25,13:55,84459B,1.49,6
13168,0,2011/1/25,13:55,20616,2.1,1
13168,0,2011/1/25,13:55,21865,2.1,1
13168,0,2011/1/25,13:55,23233,0.42,25
13168,0,2011/1/25,13:55,22624,8.5,1
13168,0,2011/1/25,13:55,22926,5.95,2
13168,0,2011/1/25,13:55,22776,9.95,1
13168,0,2011/1/25,13:55,22469,1.65,6
13168,0,2011/1/25,13:55,22423,12.75,2
13168,0,2011/1/25,13:55,21327,1.65,3
13168,0,2011/1/25,13:55,22470,2.95,6
13168,0,2011/1/25,13:55,22203,3.75,1
13168,0,2011/1/25,13:55,21975,0.55,4
13168,0,2011/1/25,13:55,21213,0.55,8
13168,0,2011/1/25,13:55,84992,0.55,6
13168,0,2011/1/25,13:55,84991,0.55,6
13168,0,2011/1/25,13:55,22720,4.95,4
13168,0,2011/1/25,13:55,82582,2.1,1
13168,0,2011/1/25,13:55,85152,2.1,1
13168,0,2011/1/25,13:55,85150,2.55,1
13168,0,2011/1/25,13:55,85152,2.1,1
13168,0,2011/1/25,13:55,21163,1.45,1
13168,0,2011/1/25,13:55,85150,2.55,1
13168,0,2011/1/25,13:55,22413,2.95,2
13168,0,2011/1/25,13:55,22412,2.1,3
13168,0,2011/1/25,13:55,82583,2.1,2
13168,0,2011/1/25,13:55,21174,1.95,2
13168,0,2011/1/25,13:55,22115,2.95,2
13168,0,2011/1/25,13:55,21169,1.69,1
13168,0,2011/1/25,13:55,21166,1.95,2
13168,0,2011/1/25,13:55,21169,1.69,2
13168,0,2011/1/25,13:55,21181,2.1,2
13168,0,2011/1/25,13:55,82582,2.1,2
13168,0,2011/1/25,13:55,20982,0.85,6
13168,0,2011/1/25,13:55,23231,0.42,25
13168,0,2011/1/25,13:55,21498,0.42,25
13168,0,2011/1/25,13:55,22986,0.42,25
13168,0,2011/1/25,13:55,84380,1.25,1
13168,0,2011/1/25,13:55,84378,1.25,3
13168,0,2011/1/25,13:55,85184C,2.95,3
13168,0,2011/1/25,13:55,84988,1.45,2
13168,0,2011/1/25,13:55,22804,2.95,6
13168,0,2011/1/25,13:55,21733,2.95,4
13168,0,2011/1/25,13:55,72741,1.45,16
13168,0,2011/1/25,13:55,84755,0.65,8
13168,0,2011/1/25,13:55,84970S,0.85,12
13168,0,2011/1/25,13:55,82483,5.95,2
13168,0,2011/1/25,13:55,82486,7.95,2
13168,0,2011/1/25,13:55,22666,2.95,4
13168,0,2011/1/25,13:55,72807B,4.25,3
13168,0,2011/1/25,13:55,72807A,4.25,2
13168,0,2011/1/25,13:55,72803A,4.25,2
13168,0,2011/1/25,13:55,22863,2.95,1
13168,0,2011/1/25,13:55,22766,2.95,4
13168,0,2011/1/25,13:55,84755,0.65,8
13168,0,2011/1/25,13:55,82494L,2.95,6
13168,0,2011/1/25,13:55,21452,2.95,6
13168,0,2011/1/25,13:55,82482,2.55,6
13168,0,2011/1/25,13:55,84949,1.65,6
13168,0,2011/1/25,13:55,22637,2.55,4
13168,0,2011/1/25,13:55,22365,7.95,1
13168,0,2011/1/25,13:55,48173C,7.95,1
13168,0,2011/1/25,13:55,20685,7.95,2
13168,0,2011/1/25,13:55,48194,7.95,2
13168,0,2011/1/25,13:55,48138,7.95,1
16497,0,2011/1/25,14:47,85016,2.55,6
16497,0,2011/1/25,14:47,22800,3.75,4
16497,0,2011/1/25,14:47,22798,2.95,8
16497,0,2011/1/25,14:47,22907,0.85,12
16497,0,2011/1/25,14:47,22855,1.25,12
16497,0,2011/1/25,14:47,22799,8.5,2
16497,0,2011/1/25,14:47,82583,2.1,12
16497,0,2011/1/25,14:47,21164,2.95,6
16497,0,2011/1/25,14:47,21166,1.95,12
16497,0,2011/1/25,14:47,21165,1.69,12
16497,0,2011/1/25,14:47,21175,2.1,12
16497,0,2011/1/25,14:47,85152,2.1,12
15061,0,2011/1/26,9:23,48194,6.75,10
15061,0,2011/1/26,9:23,48187,6.75,20
15061,0,2011/1/26,9:23,48184,6.75,20
15061,0,2011/1/26,9:23,22558,1.25,48
15061,0,2011/1/26,9:23,20719,0.72,40
15061,0,2011/1/26,9:23,20685,6.75,20
14049,0,2011/1/26,11:27,22929,65,1
14049,0,2011/1/26,11:27,21918,0.42,20
14049,0,2011/1/26,11:27,21830,0.42,24
14049,0,2011/1/26,11:27,20749,7.95,1
14049,0,2011/1/26,11:27,84992,0.55,3
14049,0,2011/1/26,11:27,84378,1.25,3
14049,0,2011/1/26,11:27,22028,0.42,12
14049,0,2011/1/26,11:27,22029,0.42,12
14049,0,2011/1/26,11:27,22714,0.42,12
14049,0,2011/1/26,11:27,22814,0.42,12
14049,0,2011/1/26,11:27,22713,0.42,12
14049,0,2011/1/26,11:27,22983,0.42,12
14049,0,2011/1/26,11:27,22037,0.42,12
14049,0,2011/1/26,11:27,22024,0.42,12
14049,0,2011/1/26,11:27,22025,0.42,12
14049,0,2011/1/26,11:27,22817,0.42,12
14049,0,2011/1/26,11:27,21355,1.25,3
14049,0,2011/1/26,11:27,20970,3.75,2
14049,0,2011/1/26,11:27,22569,3.75,1
14049,0,2011/1/26,11:27,22274,2.95,1
14049,0,2011/1/26,11:27,22749,3.75,2
14049,0,2011/1/26,11:27,22751,3.75,2
14049,0,2011/1/26,11:27,22271,2.95,1
14049,0,2011/1/26,11:27,22750,3.75,2
14049,0,2011/1/26,11:27,22272,2.95,1
14049,0,2011/1/26,11:27,21889,1.25,3
14049,0,2011/1/26,11:27,21888,3.75,2
14049,0,2011/1/26,11:27,22435,1.25,10
14049,0,2011/1/26,11:27,22637,2.55,4
14049,0,2011/1/26,11:27,21890,2.95,6
14049,0,2011/1/26,11:27,22620,1.25,12
14049,0,2011/1/26,11:27,21704,0.85,24
14049,0,2011/1/26,11:27,22623,4.95,10
14049,0,2011/1/26,11:27,84077,0.29,48
14049,0,2011/1/26,11:27,22432,1.95,3
14049,0,2011/1/26,11:27,22127,1.25,12
14049,0,2011/1/26,11:27,22483,2.95,2
14049,0,2011/1/26,11:27,84231,0.65,10
14049,0,2011/1/26,11:27,22021,1.65,6
14049,0,2011/1/26,11:27,85206A,1.65,6
14049,0,2011/1/26,11:27,22957,2.95,6
14049,0,2011/1/26,11:27,22967,2.95,4
14049,0,2011/1/26,11:27,85205B,2.55,6
14049,0,2011/1/26,11:27,22229,0.85,4
14049,0,2011/1/26,11:27,22228,0.85,4
14049,0,2011/1/26,11:27,22231,1.45,4
14049,0,2011/1/26,11:27,22230,0.85,4
14049,0,2011/1/26,11:27,22233,1.65,3
14049,0,2011/1/26,11:27,22267,1.25,3
14049,0,2011/1/26,11:27,35912B,1.25,2
14049,0,2011/1/26,11:27,22261,0.85,6
14049,0,2011/1/26,11:27,22262,0.85,6
14049,0,2011/1/26,11:27,21460,1.95,3
14049,0,2011/1/26,11:27,22913,4.95,1
14049,0,2011/1/26,11:27,22148,1.95,6
14049,0,2011/1/26,11:27,22968,9.95,2
14049,0,2011/1/26,11:27,22963,0.85,2
14049,0,2011/1/26,11:27,21717,2.55,4
14049,0,2011/1/26,11:27,22858,1.65,6
14049,0,2011/1/26,11:27,22859,1.65,6
14049,0,2011/1/26,11:27,84218,1.95,1
14049,0,2011/1/26,11:27,22367,1.95,3
14049,0,2011/1/26,11:27,22898,1.95,2
14049,0,2011/1/26,11:27,22899,2.1,3
14049,0,2011/1/26,11:27,22902,2.1,6
14049,0,2011/1/26,11:27,22132,0.85,3
14049,0,2011/1/26,11:27,22492,0.65,36
14049,0,2011/1/26,11:27,84375,2.1,6
14049,0,2011/1/26,11:27,22964,2.1,1
14049,0,2011/1/26,11:27,84378,1.25,3
14049,0,2011/1/26,11:27,84380,1.25,3
14049,0,2011/1/26,11:27,22966,1.25,6
14049,0,2011/1/26,11:27,35914,2.1,6
14049,0,2011/1/26,11:27,22491,0.85,12
14049,0,2011/1/26,11:27,22964,2.1,5
14049,0,2011/1/26,11:27,22138,4.95,1
14049,0,2011/1/26,11:27,21078,0.85,1
14049,0,2011/1/26,11:27,21244,1.69,2
14049,0,2011/1/26,11:27,21245,1.69,2
14049,0,2011/1/26,11:27,21242,1.69,2
14049,0,2011/1/26,11:27,21833,1.69,6
14049,0,2011/1/26,11:27,22493,1.65,3
14049,0,2011/1/26,11:27,21448,1.65,1
14049,0,2011/1/26,11:27,21561,2.55,3
14049,0,2011/1/26,11:27,22131,1.95,3
14049,0,2011/1/26,11:27,22082,1.65,5
14049,0,2011/1/26,11:27,22133,0.85,3
14049,0,2011/1/26,11:27,21452,2.95,3
14049,0,2011/1/26,11:27,21122,1.25,1
14049,0,2011/1/26,11:27,21915,1.25,12
14049,0,2011/1/26,11:27,20975,0.65,6
14049,0,2011/1/26,11:27,20974,0.65,6
14049,0,2011/1/26,11:27,20973,0.65,6
14049,0,2011/1/26,11:27,22560,1.25,24
14049,0,2011/1/26,11:27,22415,7.95,1
14049,0,2011/1/26,11:27,22630,1.95,6
14049,0,2011/1/26,11:27,22659,1.95,6
14049,0,2011/1/26,11:27,22631,1.95,6
14049,0,2011/1/26,11:27,22629,1.95,6
14049,0,2011/1/26,11:27,21559,2.55,6
14049,0,2011/1/26,11:27,22352,2.55,6
14049,0,2011/1/26,11:27,22139,4.95,6
14049,0,2011/1/26,11:27,22195,1.65,3
14049,0,2011/1/26,11:27,21498,0.42,50
14049,0,2011/1/26,11:27,22662,1.65,10
14049,0,2011/1/26,11:27,20727,1.65,10
14049,0,2011/1/26,11:27,20728,1.65,10
14049,0,2011/1/26,11:27,22383,1.65,10
14049,0,2011/1/26,11:27,22384,1.65,10
14049,0,2011/1/26,11:27,22646,1.45,8
15812,0,2011/1/26,12:12,22087,2.55,40
15812,0,2011/1/26,12:12,15056N,5.95,24
14911,0,2011/1/26,12:29,21355,1.25,12
14911,0,2011/1/26,12:29,84050,1.65,6
14911,0,2011/1/26,12:29,22349,3.75,6
14911,0,2011/1/26,12:29,22350,2.55,6
14911,0,2011/1/26,12:29,22767,9.95,4
14911,0,2011/1/26,12:29,22181,0.85,12
14911,0,2011/1/26,12:29,22766,2.95,8
14911,0,2011/1/26,12:29,22937,2.55,6
14911,0,2011/1/26,12:29,16206B,1.25,5
14911,0,2011/1/26,12:29,22715,0.42,12
14911,0,2011/1/26,12:29,22030,0.42,12
14911,0,2011/1/26,12:29,84247G,0.42,12
14911,0,2011/1/26,12:29,22984,0.42,12
14911,0,2011/1/26,12:29,22983,0.42,12
14911,0,2011/1/26,12:29,22714,0.42,12
14911,0,2011/1/26,12:29,21508,0.42,12
14911,0,2011/1/26,12:29,22027,0.42,12
14911,0,2011/1/26,12:29,22025,0.42,12
14911,0,2011/1/26,12:29,16052,0.42,24
14911,0,2011/1/26,12:29,16235,0.21,60
14911,0,2011/1/26,12:29,22740,0.85,48
14911,0,2011/1/26,12:29,22741,0.85,48
14911,0,2011/1/26,12:29,22422,0.65,12
14911,0,2011/1/26,12:29,22986,0.42,25
14911,0,2011/1/26,12:29,22985,0.42,25
14911,0,2011/1/26,12:29,22045,0.42,25
14911,0,2011/1/26,12:29,16156L,0.42,25
14911,0,2011/1/26,12:29,22759,1.65,12
14911,0,2011/1/26,12:29,22758,1.25,12
14911,0,2011/1/26,12:29,22753,0.85,12
14911,0,2011/1/26,12:29,85232D,4.95,3
14911,0,2011/1/26,12:29,22555,1.65,12
14911,0,2011/1/26,12:29,22554,1.65,12
14911,0,2011/1/26,12:29,22303,2.55,6
14911,0,2011/1/26,12:29,22662,1.65,10
14911,0,2011/1/26,12:29,20726,1.65,10
14911,0,2011/1/26,12:29,84378,1.25,12
14911,0,2011/1/26,12:29,22968,9.95,4
14911,0,2011/1/26,12:29,22509,16.95,2
14911,0,2011/1/26,12:29,20723,0.85,10
14911,0,2011/1/26,12:29,22355,0.85,10
14911,0,2011/1/26,12:29,20966,1.25,10
14911,0,2011/1/26,12:29,21519,0.42,12
14911,0,2011/1/26,12:29,21518,0.42,12
14911,0,2011/1/26,12:29,22167,9.95,2
14911,0,2011/1/26,12:29,84976,1.69,6
14911,0,2011/1/26,12:29,21332,12.75,4
14911,0,2011/1/26,12:29,22908,0.85,12
14911,0,2011/1/26,12:29,21314,2.1,8
14911,0,2011/1/26,12:29,48194,7.95,2
14911,0,2011/1/26,12:29,84978,1.25,24
14911,0,2011/1/26,12:29,22214,2.55,6
17786,0,2011/1/26,14:35,21166,1.95,3
17786,0,2011/1/26,14:35,21181,2.1,2
17786,0,2011/1/26,14:35,85150,2.55,1
17786,0,2011/1/26,14:35,85152,2.1,3
17786,0,2011/1/26,14:35,21908,2.1,1
17786,0,2011/1/26,14:35,22413,2.95,1
17786,0,2011/1/26,14:35,85123A,2.95,2
17786,0,2011/1/26,14:35,22189,3.95,1
17786,0,2011/1/26,14:35,22349,3.75,1
17786,0,2011/1/26,14:35,22627,8.5,1
17786,0,2011/1/26,14:35,22464,1.65,1
17786,0,2011/1/26,14:35,22625,8.5,1
17786,0,2011/1/26,14:35,17164B,0.42,1
17786,0,2011/1/26,14:35,47578A,0.85,1
17786,0,2011/1/26,14:35,21407,4.25,1
17786,0,2011/1/26,14:35,85040B,1.65,1
17786,0,2011/1/26,14:35,21114,1.25,10
17786,0,2011/1/26,14:35,22189,3.95,1
17786,0,2011/1/26,14:35,21166,1.95,1
17786,0,2011/1/26,14:35,21174,1.95,1
17786,0,2011/1/26,14:35,22430,4.95,1
17786,0,2011/1/26,14:35,22464,1.65,1
17786,0,2011/1/26,14:35,20685,7.95,1
17786,0,2011/1/26,14:35,22469,1.65,2
17786,0,2011/1/26,14:35,21985,0.29,12
17786,0,2011/1/26,14:35,22173,2.95,1
17786,0,2011/1/26,14:35,85123A,2.95,2
17786,0,2011/1/26,14:35,21034,0.95,1
13754,0,2011/1/26,14:58,21212,0.55,24
13754,0,2011/1/26,14:58,20754,2.1,6
13754,0,2011/1/26,14:58,22937,2.55,6
13754,0,2011/1/26,14:58,84970S,0.85,12
13754,0,2011/1/26,14:58,22449,3.35,6
13754,0,2011/1/26,14:58,21626,1.95,12
13754,0,2011/1/26,14:58,21843,10.95,4
13754,0,2011/1/26,14:58,21210,1.45,12
14911,0,2011/1/27,10:43,22501,9.95,2
14911,0,2011/1/27,10:43,84692,0.42,25
14911,0,2011/1/27,10:43,22283,7.95,4
14911,0,2011/1/27,10:43,21974,1.45,12
14911,0,2011/1/27,10:43,84279P,3.75,4
14911,0,2011/1/27,10:43,22071,3.75,6
14911,0,2011/1/27,10:43,37501,6.95,6
14911,0,2011/1/27,10:43,22488,1.65,12
14911,0,2011/1/27,10:43,20829,2.1,16
14911,0,2011/1/27,10:43,84792,4.65,8
14911,0,2011/1/27,10:43,22170,6.75,4
14911,0,2011/1/27,10:43,22796,9.95,2
14911,0,2011/1/27,10:43,85035C,4.25,8
14911,0,2011/1/27,10:43,21000,4.25,6
14911,0,2011/1/27,10:43,47594B,1.95,6
14911,0,2011/1/27,10:43,20619,2.1,6
14911,0,2011/1/27,10:43,21794,6.75,12
14911,0,2011/1/27,10:43,22720,4.95,3
14911,0,2011/1/27,10:43,22965,2.1,6
14911,0,2011/1/27,10:43,C2,50,1
14911,0,2011/1/27,10:43,84688,4.25,6
16949,0,2011/1/27,12:11,48194,7.95,2
16949,0,2011/1/27,12:11,20985,1.25,12
16949,0,2011/1/27,12:11,85178,1.25,12
16949,0,2011/1/27,12:11,22178,1.25,12
16949,0,2011/1/27,12:11,21136,1.69,8
17540,0,2011/1/27,14:35,22967,2.95,6
17540,0,2011/1/27,14:35,22957,2.95,6
17540,0,2011/1/27,14:35,21485,4.95,6
17540,0,2011/1/27,14:35,22113,3.75,8
17540,0,2011/1/27,14:35,22111,4.95,12
17540,0,2011/1/27,14:35,22835,4.65,8
17540,0,2011/1/27,14:35,22808,2.95,6
17540,0,2011/1/27,14:35,22112,4.95,12
18125,0,2011/1/27,15:02,21870,1.25,2
18125,0,2011/1/27,15:02,21874,1.25,2
18125,0,2011/1/27,15:02,84991,0.55,1
18125,0,2011/1/27,15:02,84992,0.55,3
18125,0,2011/1/27,15:02,22295,1.65,12
18125,0,2011/1/27,15:02,22139,4.95,1
18125,0,2011/1/27,15:02,10135,1.25,2
18125,0,2011/1/27,15:02,20982,0.85,2
18125,0,2011/1/27,15:02,20984,0.85,2
18125,0,2011/1/27,15:02,21975,0.55,4
18125,0,2011/1/27,15:02,20981,0.85,2
18125,0,2011/1/27,15:02,20983,0.85,2
18125,0,2011/1/27,15:02,21889,1.25,1
18125,0,2011/1/27,15:02,22561,1.65,4
18125,0,2011/1/27,15:02,84509C,3.75,1
18125,0,2011/1/27,15:02,22930,2.55,2
18125,0,2011/1/27,15:02,22931,2.55,2
18125,0,2011/1/27,15:02,20762,3.75,2
18125,0,2011/1/27,15:02,20765,3.75,2
18125,0,2011/1/27,15:02,20761,3.75,2
18125,0,2011/1/27,15:02,35653,2.95,2
18125,0,2011/1/27,15:02,22722,3.95,2
18125,0,2011/1/27,15:02,22723,3.95,2
18125,0,2011/1/27,15:02,22956,2.1,2
18125,0,2011/1/27,15:02,22969,1.45,24
18125,0,2011/1/27,15:02,22296,1.65,12
18125,0,2011/1/27,15:02,22937,2.55,6
18125,0,2011/1/27,15:02,20992,0.85,4
18125,0,2011/1/27,15:02,22740,0.85,48
18125,0,2011/1/27,15:02,84029G,3.75,2
18125,0,2011/1/27,15:02,21485,4.95,2
18125,0,2011/1/27,15:02,22112,4.95,1
18125,0,2011/1/27,15:02,22113,3.75,4
18125,0,2011/1/27,15:02,22111,4.95,1
18125,0,2011/1/27,15:02,22835,4.65,1
18125,0,2011/1/27,15:02,84992,0.55,1
18125,0,2011/1/27,15:02,22417,0.55,4
18125,0,2011/1/27,15:02,84991,0.55,3
18125,0,2011/1/27,15:02,22139,4.95,1
18125,0,2011/1/27,15:02,85184C,2.95,2
18125,0,2011/1/27,15:02,21733,2.95,2
18125,0,2011/1/27,15:02,84558A,2.95,2
18125,0,2011/1/27,15:02,21985,0.29,8
18125,0,2011/1/27,15:02,21733,2.95,1
18125,0,2011/1/27,15:02,21892,1.25,2
18125,0,2011/1/27,15:02,21891,1.25,2
18125,0,2011/1/27,15:02,21890,2.95,2
18125,0,2011/1/27,15:02,72807C,4.25,1
18125,0,2011/1/27,15:02,22693,1.25,24
18125,0,2011/1/27,15:02,84509B,3.75,1
18125,0,2011/1/27,15:02,84509G,3.75,1
18125,0,2011/1/27,15:02,22107,3.75,2
18125,0,2011/1/27,15:02,22423,12.75,1
18125,0,2011/1/27,15:02,22197,0.85,6
18125,0,2011/1/27,15:02,84077,0.29,48
18125,0,2011/1/27,15:02,22622,9.95,2
18125,0,2011/1/27,15:02,22560,1.25,6
18125,0,2011/1/27,15:02,22623,4.95,2
18125,0,2011/1/27,15:02,21889,1.25,5
18125,0,2011/1/27,15:02,85034A,4.25,1
18125,0,2011/1/27,15:02,21181,2.1,2
18125,0,2011/1/27,15:02,21903,2.1,2
18125,0,2011/1/27,15:02,21169,1.69,1
18125,0,2011/1/27,15:02,22413,2.95,2
18125,0,2011/1/27,15:02,21169,1.69,1
18125,0,2011/1/27,15:02,21733,2.95,1
18125,0,2011/1/27,15:02,22804,2.95,2
18125,0,2011/1/27,15:02,85123A,2.95,4
18125,0,2011/1/27,15:02,21830,0.42,24
18125,0,2011/1/27,15:02,21829,0.21,36
18125,0,2011/1/27,15:02,85040A,1.65,2
18125,0,2011/1/27,15:02,85040B,1.65,2
18125,0,2011/1/27,15:02,85039A,1.65,1
18125,0,2011/1/27,15:02,85039B,1.65,1
18125,0,2011/1/27,15:02,72349B,2.1,1
18125,0,2011/1/27,15:02,85038,2.1,2
18125,0,2011/1/27,15:02,85039A,1.65,1
18125,0,2011/1/27,15:02,72351B,2.1,1
18125,0,2011/1/27,15:02,21888,3.75,2
18125,0,2011/1/27,15:02,22550,3.75,2
18125,0,2011/1/27,15:02,21912,3.75,2
18125,0,2011/1/27,15:02,21913,3.75,2
18125,0,2011/1/27,15:02,21034,0.95,4
15057,0,2011/1/28,9:09,22977,1.25,48
15057,0,2011/1/28,9:09,22974,1.65,24
15057,0,2011/1/28,9:09,22951,0.55,48
15057,0,2011/1/28,9:09,22949,1.45,24
15057,0,2011/1/28,9:09,22635,8.5,8
15057,0,2011/1/28,9:09,22634,8.5,8
15057,0,2011/1/28,9:09,22417,0.55,24
15057,0,2011/1/28,9:09,22629,1.95,24
15057,0,2011/1/28,9:09,22630,1.95,24
15057,0,2011/1/28,9:09,22988,1.25,48
15057,0,2011/1/28,9:09,22659,1.95,24
15057,0,2011/1/28,9:09,22900,2.95,12
15057,0,2011/1/28,9:09,22970,2.55,24
15057,0,2011/1/28,9:09,22960,3.75,24
15057,0,2011/1/28,9:09,22148,1.95,24
15057,0,2011/1/28,9:09,22149,2.1,24
15057,0,2011/1/28,9:09,22607,8.5,8
15057,0,2011/1/28,9:09,22692,6.75,10
15057,0,2011/1/28,9:09,48138,6.75,10
15057,0,2011/1/28,9:09,22457,2.95,24
15057,0,2011/1/28,9:09,22046,0.42,75
15057,0,2011/1/28,9:09,22710,0.42,75
12431,0,2011/1/28,14:37,21115,6.75,4
12431,0,2011/1/28,14:37,21524,7.95,2
12431,0,2011/1/28,14:37,22785,6.75,4
12431,0,2011/1/28,14:37,22786,5.95,4
12431,0,2011/1/28,14:37,22192,8.5,4
12431,0,2011/1/28,14:37,22193,8.5,4
12431,0,2011/1/28,14:37,22191,8.5,4
12431,0,2011/1/28,14:37,22726,3.75,4
12431,0,2011/1/28,14:37,22727,3.75,4
12431,0,2011/1/28,14:37,22728,3.75,4
12431,0,2011/1/28,14:37,22729,3.75,4
12431,0,2011/1/28,14:37,22730,3.75,4
12431,0,2011/1/28,14:37,84988,1.45,12
12431,0,2011/1/28,14:37,22194,8.5,2
12431,0,2011/1/28,14:37,21243,1.69,8
12431,0,2011/1/28,14:37,21242,1.69,8
12431,0,2011/1/28,14:37,21245,1.69,8
12431,0,2011/1/28,14:37,21244,1.69,8
12431,0,2011/1/28,14:37,22467,2.55,6
12431,0,2011/1/28,14:37,21094,0.85,12
14215,0,2011/1/28,14:53,22175,2.95,12
14215,0,2011/1/28,14:53,22176,2.95,12
14215,0,2011/1/28,14:53,84378,1.25,12
14215,0,2011/1/28,14:53,84380,1.25,12
14215,0,2011/1/28,14:53,21231,1.25,12
14215,0,2011/1/28,14:53,21539,4.95,3
14215,0,2011/1/28,14:53,21527,7.95,2
14215,0,2011/1/28,14:53,21906,6.75,2
17329,0,2011/1/28,15:29,22688,7.95,1
17329,0,2011/1/28,15:29,48138,7.95,1
17329,0,2011/1/28,15:29,48194,7.95,1
17329,0,2011/1/28,15:29,22366,7.95,1
17329,0,2011/1/28,15:29,20818,3.75,2
17329,0,2011/1/28,15:29,20819,3.75,2
17329,0,2011/1/28,15:29,21864,2.1,3
17329,0,2011/1/28,15:29,21865,2.1,3
17329,0,2011/1/28,15:29,20622,2.1,3
17329,0,2011/1/28,15:29,21592,1.25,4
17329,0,2011/1/28,15:29,21588,2.55,4
17329,0,2011/1/28,15:29,84029G,3.75,2
17329,0,2011/1/28,15:29,84030E,4.25,2
17329,0,2011/1/28,15:29,22837,4.65,2
17329,0,2011/1/28,15:29,72802A,3.81,18
17329,0,2011/1/28,15:29,72802C,3.81,18
16923,0,2011/1/30,11:11,22697,2.95,6
16923,0,2011/1/30,11:11,22699,2.95,5
16923,0,2011/1/30,11:11,21259,5.95,2
16923,0,2011/1/30,11:11,21258,12.75,1
16923,0,2011/1/30,11:11,21210,1.45,2
16923,0,2011/1/30,11:11,22939,4.95,1
16923,0,2011/1/30,11:11,21908,2.1,7
16923,0,2011/1/30,11:11,84978,1.25,12
16923,0,2011/1/30,11:11,85150,2.55,12
16923,0,2011/1/30,11:11,22464,1.65,6
16923,0,2011/1/30,11:11,22251,1.25,4
16923,0,2011/1/30,11:11,85204,0.42,4
16923,0,2011/1/30,11:11,85202,0.42,4
16923,0,2011/1/30,11:11,21390,1.25,1
16923,0,2011/1/30,11:11,35971,1.25,4
16923,0,2011/1/30,11:11,21868,1.25,2
16923,0,2011/1/30,11:11,47567B,5.95,2
16923,0,2011/1/30,11:11,21592,1.25,1
16923,0,2011/1/30,11:11,22224,2.95,2
16923,0,2011/1/30,11:11,85188B,0.85,9
16923,0,2011/1/30,11:11,85188A,0.85,9
16923,0,2011/1/30,11:11,35971,1.25,1
16923,0,2011/1/30,11:11,21390,1.25,8
16923,0,2011/1/30,11:11,35971,1.25,2
16923,0,2011/1/30,11:11,22844,8.5,1
16923,0,2011/1/30,11:11,22776,9.95,2
16923,0,2011/1/30,11:11,22604,2.55,6
16923,0,2011/1/30,11:11,20723,0.85,10
16923,0,2011/1/30,11:11,22138,4.95,1
16923,0,2011/1/30,11:11,22799,8.5,2
16923,0,2011/1/30,11:11,22766,2.95,4
16923,0,2011/1/30,11:11,21155,2.1,4
16923,0,2011/1/30,11:11,21257,7.95,2
17431,0,2011/1/30,14:36,21383,0.65,9
17431,0,2011/1/30,14:36,85203,0.42,1
17431,0,2011/1/30,14:36,22266,0.65,6
17431,0,2011/1/30,14:36,22270,3.75,3
17431,0,2011/1/30,14:36,22247,0.85,6
17431,0,2011/1/30,14:36,22250,0.85,6
17431,0,2011/1/30,14:36,22248,0.85,6
17431,0,2011/1/30,14:36,21977,0.55,1
17431,0,2011/1/30,14:36,22577,0.85,4
17431,0,2011/1/30,14:36,85203,0.42,5
17431,0,2011/1/30,14:36,20774,1.65,3
17431,0,2011/1/30,14:36,20773,1.65,3
17431,0,2011/1/30,14:36,22241,1.25,1
17431,0,2011/1/30,14:36,85194L,0.85,36
17431,0,2011/1/30,14:36,22229,0.85,12
17431,0,2011/1/30,14:36,22228,0.85,12
17431,0,2011/1/30,14:36,21039,2.55,3
17431,0,2011/1/30,14:36,21035,2.95,3
17431,0,2011/1/30,14:36,21977,0.55,2
17431,0,2011/1/30,14:36,21212,0.55,4
17431,0,2011/1/30,14:36,84919,6.95,2
17431,0,2011/1/30,14:36,84907,7.65,2
17431,0,2011/1/30,14:36,21985,0.29,12
17431,0,2011/1/30,14:36,22499,5.95,1
17431,0,2011/1/30,14:36,20676,1.25,6
17431,0,2011/1/30,14:36,21210,1.45,3
17431,0,2011/1/30,14:36,21974,1.45,3
17431,0,2011/1/30,14:36,22969,1.45,3
17431,0,2011/1/30,14:36,20762,3.75,3
17431,0,2011/1/30,14:36,20761,3.75,3
17431,0,2011/1/30,14:36,22961,1.45,24
17431,0,2011/1/30,14:36,22960,4.25,4
17431,0,2011/1/30,14:36,22720,4.95,5
17431,0,2011/1/30,14:36,22908,0.85,3
17431,0,2011/1/30,14:36,21291,0.85,16
17431,0,2011/1/30,14:36,22907,0.85,6
17431,0,2011/1/30,14:36,22644,1.45,4
17431,0,2011/1/30,14:36,20914,2.95,3
17431,0,2011/1/30,14:36,22859,1.65,6
17431,0,2011/1/30,14:36,21385,0.85,24
17431,0,2011/1/30,14:36,22294,1.25,24
17431,0,2011/1/30,14:36,22303,2.55,6
17431,0,2011/1/30,14:36,21380,2.95,3
14502,0,2011/1/30,15:52,22078,2.1,1
14502,0,2011/1/30,15:52,22558,1.49,1
14502,0,2011/1/30,15:52,22960,4.25,1
14502,0,2011/1/30,15:52,21259,5.95,1
14502,0,2011/1/30,15:52,22078,2.1,2
14502,0,2011/1/30,15:52,22077,1.65,2
14502,0,2011/1/30,15:52,84987,1.45,1
14502,0,2011/1/30,15:52,84988,1.45,2
14502,0,2011/1/30,15:52,21210,1.45,1
14502,0,2011/1/30,15:52,22469,1.65,3
14502,0,2011/1/30,15:52,22138,4.95,1
14502,0,2011/1/30,15:52,20979,1.25,1
14502,0,2011/1/30,15:52,20980,1.25,1
14502,0,2011/1/30,15:52,22196,0.85,3
14502,0,2011/1/30,15:52,22359,2.95,1
14502,0,2011/1/30,15:52,22361,2.95,1
14502,0,2011/1/30,15:52,22720,4.95,1
14502,0,2011/1/30,15:52,35241,4.95,1
14502,0,2011/1/30,15:52,22558,1.49,1
14502,0,2011/1/30,15:52,21984,0.29,4
14502,0,2011/1/30,15:52,84992,0.55,2
14502,0,2011/1/30,15:52,20977,1.25,1
14502,0,2011/1/30,15:52,21980,0.29,4
14502,0,2011/1/30,15:52,21982,0.29,4
14502,0,2011/1/30,15:52,22766,2.95,2
14502,0,2011/1/30,15:52,82494L,2.95,1
14502,0,2011/1/30,15:52,22624,8.5,1
14502,0,2011/1/30,15:52,22627,8.5,1
14502,0,2011/1/30,15:52,22223,4.95,1
14502,0,2011/1/30,15:52,22222,4.95,1
14502,0,2011/1/30,15:52,21430,3.75,2
14502,0,2011/1/30,15:52,22854,4.95,2
14502,0,2011/1/30,15:52,84884A,3.95,1
14502,0,2011/1/30,15:52,22588,2.55,2
14502,0,2011/1/30,15:52,22457,2.95,2
14502,0,2011/1/30,15:52,22469,1.65,1
14502,0,2011/1/30,15:52,22667,2.95,1
14502,0,2011/1/30,15:52,85123A,2.95,1
14502,0,2011/1/30,15:52,22804,2.95,1
14502,0,2011/1/30,15:52,22469,1.65,1
14502,0,2011/1/30,15:52,22470,2.95,2
14502,0,2011/1/30,15:52,22666,2.95,1
14502,0,2011/1/30,15:52,21034,0.95,1
12668,0,2011/1/31,13:27,22551,1.65,12
12668,0,2011/1/31,13:27,22419,0.42,12
12668,0,2011/1/31,13:27,22435,1.25,12
12668,0,2011/1/31,13:27,21700,0.85,12
12668,0,2011/1/31,13:27,21452,2.95,6
12668,0,2011/1/31,13:27,21556,2.55,6
12668,0,2011/1/31,13:27,22646,1.45,12
12668,0,2011/1/31,13:27,21578,2.25,6
12668,0,2011/1/31,13:27,22449,3.35,6
12668,0,2011/1/31,13:27,20665,2.95,6
12668,0,2011/1/31,13:27,21786,0.42,24
12668,0,2011/1/31,13:27,20963,1.25,10
12668,0,2011/1/31,13:27,21479,3.75,4
12668,0,2011/1/31,13:27,37495,3.75,8
12668,0,2011/1/31,13:27,22807,2.95,6
12668,0,2011/1/31,13:27,22243,1.65,12
12668,0,2011/1/31,13:27,22212,2.1,6
12668,0,2011/1/31,13:27,21137,3.75,4
12668,0,2011/1/31,13:27,22138,4.95,3
12668,0,2011/1/31,13:27,21218,3.75,6
12668,0,2011/1/31,13:27,22720,4.95,3
12668,0,2011/1/31,13:27,21213,0.55,24
12668,0,2011/1/31,13:27,84991,0.55,24
12668,0,2011/1/31,13:27,22722,3.95,4
12668,0,2011/1/31,13:27,22202,3.75,4
12668,0,2011/1/31,13:27,22204,3.75,4
12668,0,2011/1/31,13:27,22073,3.75,4
12668,0,2011/1/31,13:27,22892,1.25,12
12668,0,2011/1/31,13:27,21231,1.25,12
12668,0,2011/1/31,13:27,21232,1.25,36
12668,0,2011/1/31,13:27,22064,1.65,24
12668,0,2011/1/31,13:27,22067,1.65,12
12668,0,2011/1/31,13:27,22063,2.95,6
12668,0,2011/1/31,13:27,37450,2.95,12
12668,0,2011/1/31,13:27,22134,0.42,12
12668,0,2011/1/31,13:27,21210,1.45,12
12668,0,2011/1/31,13:27,22634,9.95,2
12668,0,2011/1/31,13:27,22635,9.95,2
12668,0,2011/1/31,13:27,22303,2.55,6
12668,0,2011/1/31,13:27,22059,1.49,12
12668,0,2011/1/31,13:27,37448,1.49,12
12668,0,2011/1/31,13:27,22072,3.75,4
12668,0,2011/1/31,13:27,22972,1.65,12
12668,0,2011/1/31,13:27,21068,1.25,12
12668,0,2011/1/31,13:27,84509B,3.75,4
12668,0,2011/1/31,13:27,37447,1.49,12
12668,0,2011/1/31,13:27,22894,8.5,2
12668,0,2011/1/31,13:27,22649,4.95,8
12668,0,2011/1/31,13:27,37500,9.95,2
12668,0,2011/1/31,13:27,POST,18,7
14744,0,2011/1/31,13:27,22558,1.49,12
14744,0,2011/1/31,13:27,22264,0.85,12
14744,0,2011/1/31,13:27,22859,1.65,6
14744,0,2011/1/31,13:27,20725,1.45,100
14744,0,2011/1/31,13:27,22384,1.45,100
15602,0,2011/1/31,14:13,22178,1.25,72
15602,0,2011/1/31,14:13,84946,1.25,24
15602,0,2011/1/31,14:13,22423,12.75,1
15602,0,2011/1/31,14:13,85146,5.95,4
15602,0,2011/1/31,14:13,22784,4.95,3
15602,0,2011/1/31,14:13,21630,8.95,2
15602,0,2011/1/31,14:13,46000S,1.45,2
17619,0,2011/1/31,14:18,22248,0.85,1
17619,0,2011/1/31,14:18,22247,0.85,1
17619,0,2011/1/31,14:18,85194S,0.65,1
17619,0,2011/1/31,14:18,22291,1.45,1
17619,0,2011/1/31,14:18,22292,1.45,2
17619,0,2011/1/31,14:18,35915C,1.65,1
17619,0,2011/1/31,14:18,35915B,1.65,1
17619,0,2011/1/31,14:18,22251,1.25,1
17619,0,2011/1/31,14:18,85187,1.65,1
17619,0,2011/1/31,14:18,22197,0.85,2
17619,0,2011/1/31,14:18,22854,4.95,1
17619,0,2011/1/31,14:18,22217,1.25,2
17619,0,2011/1/31,14:18,21481,2.95,1
17619,0,2011/1/31,14:18,21430,3.75,1
17619,0,2011/1/31,14:18,84510A,1.25,4
17619,0,2011/1/31,14:18,22294,1.25,1
17619,0,2011/1/31,14:18,21166,1.95,1
17619,0,2011/1/31,14:18,22291,1.45,1
17619,0,2011/1/31,14:18,20974,0.65,2
17619,0,2011/1/31,14:18,84879,1.69,2
17619,0,2011/1/31,14:18,85199S,0.42,1
17619,0,2011/1/31,14:18,85199L,0.65,1
17619,0,2011/1/31,14:18,20975,0.65,2
17619,0,2011/1/31,14:18,21981,0.29,2
17619,0,2011/1/31,14:18,22243,1.65,2
17619,0,2011/1/31,14:18,22068,1.65,2
17619,0,2011/1/31,14:18,22293,1.45,1
17619,0,2011/1/31,14:18,22250,0.85,2
17619,0,2011/1/31,14:18,22219,0.85,1
17619,0,2011/1/31,14:18,22335,0.65,1
17619,0,2011/1/31,14:18,22227,0.65,1
17619,0,2011/1/31,14:18,22336,0.65,1
17619,0,2011/1/31,14:18,84459B,1.49,1
17619,0,2011/1/31,14:18,84459A,1.49,1
17619,0,2011/1/31,14:18,21710,4.95,1
17619,0,2011/1/31,14:18,22435,1.25,2
17619,0,2011/1/31,14:18,22557,1.65,1
17619,0,2011/1/31,14:18,85123A,2.95,2
17619,0,2011/1/31,14:18,22508,3.75,1
17619,0,2011/1/31,14:18,84050,1.65,1
17619,0,2011/1/31,14:18,21355,1.25,1
17619,0,2011/1/31,14:18,22588,2.55,1
17619,0,2011/1/31,14:18,84879,1.69,1
17619,0,2011/1/31,14:18,22113,3.75,1
17619,0,2011/1/31,14:18,21967,0.29,2
17619,0,2011/1/31,14:18,21985,0.29,4
17619,0,2011/1/31,14:18,21986,0.29,4
17619,0,2011/1/31,14:18,21967,0.29,3
17619,0,2011/1/31,14:18,20754,2.1,2
17619,0,2011/1/31,14:18,21448,1.65,1
17619,0,2011/1/31,14:18,21558,2.55,1
17619,0,2011/1/31,14:18,21314,2.1,2
17619,0,2011/1/31,14:18,22469,1.65,3
17619,0,2011/1/31,14:18,22470,2.95,2
17619,0,2011/1/31,14:18,84596F,1.25,1
17619,0,2011/1/31,14:18,22294,1.25,1
17619,0,2011/1/31,14:18,22295,1.65,2
17619,0,2011/1/31,14:18,22292,1.45,1
17619,0,2011/1/31,14:18,22293,1.45,1
17619,0,2011/1/31,14:18,22296,1.65,1
17619,0,2011/1/31,14:18,22288,1.25,1
17619,0,2011/1/31,14:18,21457,1.25,1
17619,0,2011/1/31,14:18,22699,2.95,2
17619,0,2011/1/31,14:18,22697,2.95,2
17619,0,2011/1/31,14:18,21559,2.55,1
17619,0,2011/1/31,14:18,21397,1.25,6
17619,0,2011/1/31,14:18,84509A,3.75,2
17619,0,2011/1/31,14:18,22283,7.95,2
17619,0,2011/1/31,14:18,22303,2.55,6
17619,0,2011/1/31,14:18,22083,2.95,2
17619,0,2011/1/31,14:18,22090,2.95,2
17619,0,2011/1/31,14:18,22500,4.95,1
17619,0,2011/1/31,14:18,22766,2.95,1
17619,0,2011/1/31,14:18,22907,0.85,2
17619,0,2011/1/31,14:18,84520B,0.85,2
17619,0,2011/1/31,14:18,21078,0.85,2
17619,0,2011/1/31,14:18,21034,0.95,2
17256,0,2011/1/31,14:53,62018,1.95,26
17256,0,2011/1/31,14:53,21204,1.65,5
17256,0,2011/1/31,14:53,21201,2.55,4
17256,0,2011/1/31,14:53,21205,2.55,1
17256,0,2011/1/31,14:53,21205,2.55,2
17256,0,2011/1/31,14:53,21201,2.55,2
17256,0,2011/1/31,14:53,20725,1.65,1
17256,0,2011/1/31,14:53,84212,0.65,12
17256,0,2011/1/31,14:53,21207,1.65,2
17256,0,2011/1/31,14:53,21206,1.65,3
17256,0,2011/1/31,14:53,21205,2.55,3
17256,0,2011/1/31,14:53,21733,2.95,7
15194,0,2011/1/31,15:17,22556,1.65,12
15194,0,2011/1/31,15:17,22615,0.29,24
15194,0,2011/1/31,15:17,22531,0.42,24
15194,0,2011/1/31,15:17,22540,0.42,24
15194,0,2011/1/31,15:17,22631,1.95,12
15194,0,2011/1/31,15:17,22636,8.5,4
15194,0,2011/1/31,15:17,22711,0.42,25
15194,0,2011/1/31,15:17,22973,1.65,12
15194,0,2011/1/31,15:17,47480,1.65,36
15194,0,2011/1/31,15:17,22178,1.25,12
15194,0,2011/1/31,15:17,23231,0.42,25
15194,0,2011/1/31,15:17,23233,0.42,25
15194,0,2011/1/31,15:17,22699,2.95,6
15194,0,2011/1/31,15:17,22697,2.95,6
15194,0,2011/1/31,15:17,22907,0.85,12
15194,0,2011/1/31,15:17,84078A,39.95,1
14744,0,2011/1/31,15:37,22951,0.55,1
15881,0,2011/1/31,16:47,22667,2.95,1
15881,0,2011/1/31,16:47,22195,1.65,1
15881,0,2011/1/31,16:47,84875B,3.75,1
15881,0,2011/1/31,16:47,84050,1.65,1
15881,0,2011/1/31,16:47,21947,1.25,1
15881,0,2011/1/31,16:47,85230B,0.29,1
15881,0,2011/1/31,16:47,22820,0.65,48
15881,0,2011/1/31,16:47,21111,2.95,4
15881,0,2011/1/31,16:47,21468,3.75,1
15881,0,2011/1/31,16:47,21472,3.75,1
15881,0,2011/1/31,16:47,21624,5.95,1
15881,0,2011/1/31,16:47,47567B,5.95,3
15881,0,2011/1/31,16:47,84509B,3.75,2
15881,0,2011/1/31,16:47,47559B,1.25,1
15881,0,2011/1/31,16:47,37449,9.95,1
15881,0,2011/1/31,16:47,22649,4.95,1
15881,0,2011/1/31,16:47,22197,0.85,5
15881,0,2011/1/31,16:47,37495,3.75,1
15881,0,2011/1/31,16:47,22969,1.45,12
15881,0,2011/1/31,16:47,22654,5.95,1
15881,0,2011/1/31,16:47,22617,4.95,8
15881,0,2011/1/31,16:47,21108,2.1,45
15881,0,2011/1/31,16:47,22138,4.95,13
15881,0,2011/1/31,16:48,21034,0.95,2
15881,0,2011/1/31,16:59,22649,4.95,1
