12569,579901,2011/12/1,8:35,22055,1.65,8
12569,579901,2011/12/1,8:35,21232,1.25,12
12569,579901,2011/12/1,8:35,22649,4.95,8
12569,579901,2011/12/1,8:35,37448,1.49,12
12569,579901,2011/12/1,8:35,37447,1.49,12
12569,579901,2011/12/1,8:35,47559B,1.25,10
12569,579901,2011/12/1,8:35,47567B,5.95,3
12569,579901,2011/12/1,8:35,23578,1.95,8
12569,579901,2011/12/1,8:35,22398,0.39,12
12569,579901,2011/12/1,8:35,POST,18,3
12572,579927,2011/12/1,9:20,22423,12.75,4
12572,579927,2011/12/1,9:20,22698,2.95,6
12572,579927,2011/12/1,9:20,22699,2.95,6
12572,579927,2011/12/1,9:20,22697,2.95,6
12572,579927,2011/12/1,9:20,21871,1.45,36
12572,579927,2011/12/1,9:20,22725,3.75,4
12572,579927,2011/12/1,9:20,22727,3.75,4
12572,579927,2011/12/1,9:20,22726,3.75,4
12572,579927,2011/12/1,9:20,22728,3.75,4
12572,579927,2011/12/1,9:20,22730,3.75,4
12572,579927,2011/12/1,9:20,22734,2.89,6
12572,579927,2011/12/1,9:20,23406,6.25,2
12572,579927,2011/12/1,9:20,22786,5.95,2
12572,579927,2011/12/1,9:20,23174,4.15,4
12572,579927,2011/12/1,9:20,21537,4.25,4
12572,579927,2011/12/1,9:20,23172,1.65,12
12572,579927,2011/12/1,9:20,23170,1.65,12
12572,579927,2011/12/1,9:20,23171,1.65,12
12572,579927,2011/12/1,9:20,23173,9.95,2
12572,579927,2011/12/1,9:20,22913,4.95,3
12572,579927,2011/12/1,9:20,22914,4.95,3
12572,579927,2011/12/1,9:20,22984,0.42,12
12572,579927,2011/12/1,9:20,23175,3.25,4
12572,579927,2011/12/1,9:20,POST,18,3
12748,580048,2011/12/1,12:53,85099F,2.08,1
12748,580048,2011/12/1,12:53,22327,2.95,1
12748,580048,2011/12/1,12:53,20727,1.65,1
12748,580048,2011/12/1,12:53,21621,8.5,1
12748,580048,2011/12/1,12:53,21429,1.95,1
12748,580048,2011/12/1,12:53,23323,2.1,1
12748,580048,2011/12/1,12:53,21385,0.85,2
12748,580048,2011/12/1,12:53,21389,0.85,2
12748,580048,2011/12/1,12:53,22465,1.65,2
12748,580048,2011/12/1,12:53,23347,1.25,1
12748,580048,2011/12/1,12:53,23579,1.95,1
12748,580048,2011/12/1,12:53,23391,4.15,1
12748,580048,2011/12/1,12:53,20727,1.65,1
12748,580048,2011/12/1,12:53,22659,1.95,1
12748,580048,2011/12/1,12:53,22327,2.95,1
12748,580048,2011/12/1,12:53,84596B,0.42,4
12748,580048,2011/12/1,12:53,22491,0.85,2
12748,580048,2011/12/1,12:53,22966,1.25,2
12748,580048,2011/12/1,12:53,23344,2.08,2
12748,580048,2011/12/1,12:53,21679,0.85,6
12748,580048,2011/12/1,12:53,21677,0.85,6
12748,580048,2011/12/1,12:53,20726,1.65,1
12748,580048,2011/12/1,12:53,23583,1.65,1
12748,580048,2011/12/1,12:53,22900,3.25,1
12748,580048,2011/12/1,12:53,22902,2.1,2
12748,580048,2011/12/1,12:53,22551,1.65,2
12748,580048,2011/12/1,12:53,22557,1.65,2
12748,580048,2011/12/1,12:53,23493,1.95,2
12748,580048,2011/12/1,12:53,23505,1.25,5
12748,580048,2011/12/1,12:53,23198,1.45,2
12748,580048,2011/12/1,12:53,21429,1.95,2
12748,580048,2011/12/1,12:53,16236,0.21,5
12748,580048,2011/12/1,12:53,16238,0.21,5
12748,580048,2011/12/1,12:53,22086,2.95,2
12748,580048,2011/12/1,12:53,84519A,1.25,1
12748,580048,2011/12/1,12:53,84519B,1.25,1
12748,580048,2011/12/1,12:53,84199,0.21,2
12748,580048,2011/12/1,12:53,22141,2.1,2
12748,580048,2011/12/1,12:53,85071A,0.39,1
12748,580048,2011/12/1,12:53,85071B,0.39,1
12748,580048,2011/12/1,12:53,85071C,0.39,1
12748,580048,2011/12/1,12:53,85071D,0.39,1
12748,580048,2011/12/1,12:53,23207,1.65,1
12748,580048,2011/12/1,12:53,20728,1.65,1
12748,580048,2011/12/1,12:53,22659,1.95,2
12748,580048,2011/12/1,12:53,20686,3.25,1
12748,580048,2011/12/1,12:53,16225,1.25,6
12748,580048,2011/12/1,12:53,21914,1.25,2
12748,580048,2011/12/1,12:53,21828,1.25,2
12748,580048,2011/12/1,12:53,22483,2.95,1
12748,580048,2011/12/1,12:53,23344,2.08,1
12553,580120,2011/12/1,16:38,23084,1.79,48
12553,580120,2011/12/1,16:38,21731,1.65,24
12553,580120,2011/12/1,16:38,22355,0.85,10
12553,580120,2011/12/1,16:38,23390,4.15,8
12553,580120,2011/12/1,16:38,22385,2.08,10
12553,580120,2011/12/1,16:38,85099B,2.08,20
12553,580120,2011/12/1,16:38,22435,1.25,12
12553,580120,2011/12/1,16:38,22419,0.42,12
12553,580120,2011/12/1,16:38,51014L,0.39,24
12553,580120,2011/12/1,16:38,POST,18,1
12664,580123,2011/12/1,17:07,84997C,3.75,72
12664,580123,2011/12/1,17:07,84997D,3.75,72
12664,580123,2011/12/1,17:07,84997A,3.75,72
12664,580123,2011/12/1,17:07,POST,40,2
12562,580126,2011/12/1,17:20,23318,2.49,12
12562,580126,2011/12/1,17:20,23319,2.49,12
12562,580126,2011/12/1,17:20,22821,0.65,12
12562,580126,2011/12/1,17:20,23354,0.83,24
12562,580126,2011/12/1,17:20,23437,1.25,12
12562,580126,2011/12/1,17:20,23545,0.42,25
12562,580126,2011/12/1,17:20,23349,1.25,12
12562,580126,2011/12/1,17:20,23084,1.79,96
12562,580126,2011/12/1,17:20,23076,1.25,24
12562,580126,2011/12/1,17:20,22752,8.5,10
12562,580126,2011/12/1,17:20,23494,5.95,3
12562,580126,2011/12/1,17:20,23493,1.95,10
12562,580126,2011/12/1,17:20,22728,3.75,4
12562,580126,2011/12/1,17:20,22727,3.75,4
12562,580126,2011/12/1,17:20,22726,3.75,4
12562,580126,2011/12/1,17:20,20726,1.65,10
12562,580126,2011/12/1,17:20,22662,1.65,10
12562,580126,2011/12/1,17:20,22974,1.65,12
12562,580126,2011/12/1,17:20,22972,1.65,12
12562,580126,2011/12/1,17:20,22970,2.55,6
12562,580126,2011/12/1,17:20,22301,2.55,6
12562,580126,2011/12/1,17:20,POST,18,3
12684,580144,2011/12/2,9:53,22557,1.65,24
12684,580144,2011/12/2,9:53,22553,1.65,24
12684,580144,2011/12/2,9:53,22728,3.75,12
12684,580144,2011/12/2,9:53,22620,1.45,12
12684,580144,2011/12/2,9:53,22556,1.65,12
12684,580144,2011/12/2,9:53,POST,18,1
12748,580149,2011/12/2,10:15,47590A,5.45,1
12364,580152,2011/12/2,10:22,21499,0.42,25
12364,580152,2011/12/2,10:22,21500,0.42,25
12364,580152,2011/12/2,10:22,16169M,0.42,25
12364,580152,2011/12/2,10:22,21498,0.42,25
12364,580152,2011/12/2,10:22,21495,0.42,25
12364,580152,2011/12/2,10:22,22704,0.42,25
12364,580152,2011/12/2,10:22,22046,0.42,25
12364,580152,2011/12/2,10:22,22045,0.42,25
12364,580152,2011/12/2,10:22,22706,0.42,25
12364,580152,2011/12/2,10:22,22707,0.42,25
12364,580152,2011/12/2,10:22,22708,0.42,25
12364,580152,2011/12/2,10:22,23545,0.42,25
12364,580152,2011/12/2,10:22,16156L,0.42,25
12364,580152,2011/12/2,10:22,16156S,0.42,25
12364,580152,2011/12/2,10:22,16161U,0.42,25
12364,580152,2011/12/2,10:22,22908,0.85,12
12364,580152,2011/12/2,10:22,22613,0.85,12
12364,580152,2011/12/2,10:22,22712,0.42,12
12364,580152,2011/12/2,10:22,21199,1.65,12
12364,580152,2011/12/2,10:22,21508,0.42,12
12364,580152,2011/12/2,10:22,22716,0.42,12
12364,580152,2011/12/2,10:22,21380,2.95,6
12364,580152,2011/12/2,10:22,21207,1.65,12
12364,580152,2011/12/2,10:22,21126,1.25,12
12364,580152,2011/12/2,10:22,21197,1.65,12
12364,580152,2011/12/2,10:22,22907,0.85,12
12364,580152,2011/12/2,10:22,POST,15,1
12762,580153,2011/12/2,10:23,22558,1.65,12
12762,580153,2011/12/2,10:23,22924,0.72,120
12762,580153,2011/12/2,10:23,22923,0.72,120
12762,580153,2011/12/2,10:23,22922,0.72,120
12762,580153,2011/12/2,10:23,22403,0.39,12
12762,580153,2011/12/2,10:23,22402,0.39,12
12762,580153,2011/12/2,10:23,22398,0.39,12
12762,580153,2011/12/2,10:23,22400,0.39,12
12762,580153,2011/12/2,10:23,22396,0.39,12
12762,580153,2011/12/2,10:23,22399,1.25,12
12762,580153,2011/12/2,10:23,22115,0.79,12
12762,580153,2011/12/2,10:23,82567,2.1,12
12762,580153,2011/12/2,10:23,21165,1.69,12
12762,580153,2011/12/2,10:23,21164,2.95,12
12762,580153,2011/12/2,10:23,22948,0.85,48
12762,580153,2011/12/2,10:23,21172,1.45,12
12762,580153,2011/12/2,10:23,82581,0.55,12
12762,580153,2011/12/2,10:23,82580,0.55,12
12762,580153,2011/12/2,10:23,21770,4.95,12
12762,580153,2011/12/2,10:23,21175,2.55,12
12762,580153,2011/12/2,10:23,21908,1.85,48
12762,580153,2011/12/2,10:23,23426,2.89,12
12762,580153,2011/12/2,10:23,21166,2.08,12
12762,580153,2011/12/2,10:23,85152,2.1,12
12762,580153,2011/12/2,10:23,21181,2.1,12
12762,580153,2011/12/2,10:23,82600,2.1,12
12762,580153,2011/12/2,10:23,22413,2.95,6
12762,580153,2011/12/2,10:23,21169,1.69,12
12762,580153,2011/12/2,10:23,21907,2.1,12
12762,580153,2011/12/2,10:23,POST,28,5
12762,580153,2011/12/2,10:23,23552,2.08,6
12762,580153,2011/12/2,10:23,23108,5.39,12
12762,580153,2011/12/2,10:23,22466,1.95,12
12762,580153,2011/12/2,10:23,21731,1.65,24
12762,580153,2011/12/2,10:23,23084,1.79,48
12762,580153,2011/12/2,10:23,22138,4.95,9
12762,580153,2011/12/2,10:23,21914,1.25,12
12762,580153,2011/12/2,10:23,22210,0.83,12
12762,580153,2011/12/2,10:23,22208,0.83,12
12762,580153,2011/12/2,10:23,23569,4.95,4
12762,580153,2011/12/2,10:23,22964,2.1,6
12762,580153,2011/12/2,10:23,22966,1.25,12
12762,580153,2011/12/2,10:23,84378,1.45,12
12762,580153,2011/12/2,10:23,22416,1.45,12
12762,580153,2011/12/2,10:23,22417,0.55,24
12762,580153,2011/12/2,10:23,84992,0.55,24
12762,580153,2011/12/2,10:23,22951,0.55,24
12762,580153,2011/12/2,10:23,21212,0.55,24
12569,580154,2011/12/2,10:24,22624,8.5,2
12569,580154,2011/12/2,10:24,22626,8.5,2
12569,580154,2011/12/2,10:24,21481,3.75,4
12569,580154,2011/12/2,10:24,POST,18,1
12558,580158,2011/12/2,10:41,22712,0.42,12
12558,580158,2011/12/2,10:41,23344,2.08,10
12558,580158,2011/12/2,10:41,85099B,2.08,10
12558,580158,2011/12/2,10:41,23209,1.65,20
12558,580158,2011/12/2,10:41,79191C,0.85,24
12558,580158,2011/12/2,10:41,23392,2.08,24
12558,580158,2011/12/2,10:41,84828,1.25,24
12558,580158,2011/12/2,10:41,23158,2.08,36
12558,580158,2011/12/2,10:41,21507,0.42,12
12558,580158,2011/12/2,10:41,21508,0.42,12
12558,580158,2011/12/2,10:41,22027,0.42,12
12700,580160,2011/12/2,10:47,23480,3.75,4
12700,580160,2011/12/2,10:47,23571,1.65,12
12700,580160,2011/12/2,10:47,23582,2.08,10
12700,580160,2011/12/2,10:47,21544,0.85,12
12700,580160,2011/12/2,10:47,23084,1.79,48
12700,580160,2011/12/2,10:47,21731,1.65,12
12700,580160,2011/12/2,10:47,22379,2.1,5
12700,580160,2011/12/2,10:47,85099F,2.08,10
12700,580160,2011/12/2,10:47,23343,2.08,10
12700,580160,2011/12/2,10:47,23344,2.08,10
12700,580160,2011/12/2,10:47,22551,1.65,12
12700,580160,2011/12/2,10:47,22554,1.65,24
12700,580160,2011/12/2,10:47,22556,1.65,24
12700,580160,2011/12/2,10:47,22557,1.65,24
12700,580160,2011/12/2,10:47,22555,1.65,24
12700,580160,2011/12/2,10:47,22553,1.65,24
12700,580160,2011/12/2,10:47,22726,3.75,8
12700,580160,2011/12/2,10:47,22725,3.75,8
12700,580160,2011/12/2,10:47,22728,3.75,8
12700,580160,2011/12/2,10:47,22727,3.75,8
12700,580160,2011/12/2,10:47,22730,3.75,8
12700,580160,2011/12/2,10:47,22635,9.95,2
12700,580160,2011/12/2,10:47,23508,0.42,20
12700,580160,2011/12/2,10:47,23345,1.25,24
12700,580160,2011/12/2,10:47,22636,8.5,2
12700,580160,2011/12/2,10:47,22301,2.55,6
12700,580160,2011/12/2,10:47,22302,2.55,6
12700,580160,2011/12/2,10:47,22303,2.55,6
12700,580160,2011/12/2,10:47,22306,1.06,12
12700,580160,2011/12/2,10:47,23191,1.65,24
12700,580160,2011/12/2,10:47,23192,1.65,24
12700,580160,2011/12/2,10:47,20724,0.85,10
12700,580160,2011/12/2,10:47,22661,0.85,10
12700,580160,2011/12/2,10:47,22355,0.85,10
12700,580160,2011/12/2,10:47,20723,0.85,10
12700,580160,2011/12/2,10:47,21156,1.95,8
12700,580160,2011/12/2,10:47,22898,1.95,8
12700,580160,2011/12/2,10:47,22299,1.25,48
12700,580160,2011/12/2,10:47,22646,1.45,12
12700,580160,2011/12/2,10:47,22398,0.39,12
12700,580160,2011/12/2,10:47,22399,1.25,12
12700,580160,2011/12/2,10:47,22396,0.39,12
12700,580160,2011/12/2,10:47,22400,0.39,12
12700,580160,2011/12/2,10:47,22402,0.39,12
12700,580160,2011/12/2,10:47,23198,1.45,12
12700,580160,2011/12/2,10:47,22352,2.55,6
12700,580160,2011/12/2,10:47,21558,2.55,6
12700,580160,2011/12/2,10:47,21559,2.55,6
12700,580160,2011/12/2,10:47,21561,2.55,6
12700,580160,2011/12/2,10:47,23290,1.25,8
12700,580160,2011/12/2,10:47,22561,1.65,12
12700,580160,2011/12/2,10:47,21914,1.25,12
12700,580160,2011/12/2,10:47,23235,2.89,6
12700,580160,2011/12/2,10:47,23244,1.95,6
12700,580160,2011/12/2,10:47,23298,4.95,3
12700,580160,2011/12/2,10:47,47566,4.95,4
12700,580160,2011/12/2,10:47,POST,18,7
12828,580163,2011/12/2,11:12,46776F,4.95,4
12828,580163,2011/12/2,11:12,46776C,4.95,2
12828,580163,2011/12/2,11:12,22865,2.1,12
12828,580163,2011/12/2,11:12,22867,2.1,12
12828,580163,2011/12/2,11:12,22866,2.1,12
12828,580163,2011/12/2,11:12,22851,0.85,12
12828,580163,2011/12/2,11:12,37446,1.45,24
12828,580163,2011/12/2,11:12,47591D,1.95,8
12828,580163,2011/12/2,11:12,23355,4.95,4
12828,580163,2011/12/2,11:12,22111,4.95,9
12828,580163,2011/12/2,11:12,46000S,1.45,6
12828,580163,2011/12/2,11:12,46775D,16.95,1
12828,580163,2011/12/2,11:12,37447,1.49,12
12587,580265,2011/12/2,12:47,20713,2.08,10
12587,580265,2011/12/2,12:47,23200,2.08,20
12587,580265,2011/12/2,12:47,22386,2.08,20
12587,580265,2011/12/2,12:47,POST,40,1
12704,580281,2011/12/2,13:15,23084,1.79,48
12704,580281,2011/12/2,13:15,23560,2.89,6
12704,580281,2011/12/2,13:15,21731,1.65,24
12704,580281,2011/12/2,13:15,20750,7.95,2
12704,580281,2011/12/2,13:15,POST,40,1
12695,580285,2011/12/2,13:22,23284,8.25,6
12695,580285,2011/12/2,13:22,84913B,4.65,4
12695,580285,2011/12/2,13:22,22357,4.25,4
12827,580438,2011/12/4,12:17,22139,4.95,9
12827,580438,2011/12/4,12:17,22138,4.95,6
12827,580438,2011/12/4,12:17,22907,0.85,12
12827,580438,2011/12/4,12:17,46000S,1.45,10
12827,580438,2011/12/4,12:17,46000U,1.25,10
12748,580460,2011/12/4,12:29,21034,0.95,1
12748,580460,2011/12/4,12:29,22818,0.42,12
12748,580460,2011/12/4,12:29,84600,7.95,1
12748,580460,2011/12/4,12:29,23320,1.25,1
12748,580460,2011/12/4,12:29,23177,2.25,1
12748,580460,2011/12/4,12:29,84711A,9.95,1
12748,580460,2011/12/4,12:29,22429,4.25,1
12748,580460,2011/12/4,12:29,90180B,9.95,1
12748,580460,2011/12/4,12:29,21498,0.42,25
12748,580468,2011/12/4,12:31,21742,5.95,2
12748,580468,2011/12/4,12:31,35970,1.69,1
12748,580468,2011/12/4,12:31,22227,0.65,4
12748,580468,2011/12/4,12:31,21390,1.25,4
12748,580468,2011/12/4,12:31,22335,0.65,2
12748,580468,2011/12/4,12:31,22296,1.65,2
12748,580468,2011/12/4,12:31,23481,1.25,3
12748,580468,2011/12/4,12:31,23482,1.65,2
12748,580468,2011/12/4,12:31,21411,1.95,4
12748,580468,2011/12/4,12:31,21408,1.95,2
12748,580468,2011/12/4,12:31,23211,1.25,2
12748,580468,2011/12/4,12:31,23212,1.25,6
12748,580468,2011/12/4,12:31,22574,0.85,2
12748,580468,2011/12/4,12:31,22465,0.79,2
12748,580468,2011/12/4,12:31,22464,0.79,1
12748,580468,2011/12/4,12:31,23331,0.63,4
12748,580468,2011/12/4,12:31,23330,1.25,4
12748,580468,2011/12/4,12:31,23194,2.25,2
12748,580468,2011/12/4,12:31,23144,0.83,2
12748,580468,2011/12/4,12:31,23151,0.79,1
12748,580468,2011/12/4,12:31,35970,1.69,2
12748,580468,2011/12/4,12:31,22465,0.79,1
12748,580468,2011/12/4,12:31,22464,0.79,1
12748,580468,2011/12/4,12:31,17012D,0.85,1
12748,580468,2011/12/4,12:31,17012F,0.85,1
12748,580468,2011/12/4,12:31,17012C,0.85,1
12748,580468,2011/12/4,12:31,22510,0.79,1
12748,580468,2011/12/4,12:31,21411,1.95,4
12748,580468,2011/12/4,12:31,21115,1.95,1
12748,580468,2011/12/4,12:31,23329,1.65,2
12748,580468,2011/12/4,12:31,84970S,0.85,2
12748,580468,2011/12/4,12:31,21408,1.95,2
12748,580468,2011/12/4,12:31,22776,9.95,1
12748,580468,2011/12/4,12:31,23249,1.65,1
12748,580468,2011/12/4,12:31,22577,0.29,4
12748,580468,2011/12/4,12:31,22227,0.65,5
12748,580468,2011/12/4,12:31,23251,1.25,1
12748,580468,2011/12/4,12:31,23250,1.25,1
12719,580509,2011/12/4,13:45,22376,4.25,4
12719,580509,2011/12/4,13:45,23556,12.5,3
12719,580509,2011/12/4,13:45,90201B,2.95,6
12719,580509,2011/12/4,13:45,22951,0.55,24
12719,580509,2011/12/4,13:45,47578A,0.85,10
12719,580509,2011/12/4,13:45,23367,0.65,16
12719,580509,2011/12/4,13:45,23366,0.65,16
12719,580509,2011/12/4,13:45,84580,3.75,4
12719,580509,2011/12/4,13:45,22138,4.95,3
12719,580509,2011/12/4,13:45,23504,1.25,12
12719,580509,2011/12/4,13:45,21790,0.85,12
12719,580509,2011/12/4,13:45,21892,1.25,12
12719,580509,2011/12/4,13:45,21914,1.25,12
12719,580509,2011/12/4,13:45,22549,1.45,12
12719,580509,2011/12/4,13:45,21791,1.25,12
12719,580509,2011/12/4,13:45,23077,1.25,20
12719,580509,2011/12/4,13:45,23368,0.65,24
12719,580509,2011/12/4,13:45,21623,9.95,2
12719,580509,2011/12/4,13:45,22111,4.95,3
12719,580509,2011/12/4,13:45,23356,5.95,3
12719,580509,2011/12/4,13:45,POST,18,2
12560,580511,2011/12/4,13:54,21485,4.95,6
12560,580511,2011/12/4,13:54,22726,3.75,8
12560,580511,2011/12/4,13:54,22727,3.75,8
12560,580511,2011/12/4,13:54,22722,3.95,4
12560,580511,2011/12/4,13:54,22728,3.75,8
12560,580511,2011/12/4,13:54,22865,2.1,24
12560,580511,2011/12/4,13:54,22867,2.1,24
12560,580511,2011/12/4,13:54,22993,1.25,12
12560,580511,2011/12/4,13:54,23240,4.15,6
12560,580511,2011/12/4,13:54,23236,2.89,6
12560,580511,2011/12/4,13:54,23493,1.95,10
12560,580511,2011/12/4,13:54,22629,1.95,12
12560,580511,2011/12/4,13:54,22029,0.42,24
12560,580511,2011/12/4,13:54,22551,1.65,12
12560,580511,2011/12/4,13:54,23389,4.15,4
12560,580511,2011/12/4,13:54,22630,1.95,12
12560,580511,2011/12/4,13:54,84510A,1.25,10
12560,580511,2011/12/4,13:54,22692,8.25,4
12560,580511,2011/12/4,13:54,22915,0.42,12
12560,580511,2011/12/4,13:54,22725,3.75,8
12560,580511,2011/12/4,13:54,21154,1.25,10
12560,580511,2011/12/4,13:54,21212,0.55,24
12560,580511,2011/12/4,13:54,22632,2.1,12
12560,580511,2011/12/4,13:54,23237,4.15,6
12560,580511,2011/12/4,13:54,23244,1.95,6
12560,580511,2011/12/4,13:54,23235,2.89,6
12560,580511,2011/12/4,13:54,21484,4.25,8
12560,580511,2011/12/4,13:54,POST,18,4
12673,580512,2011/12/4,13:55,21389,0.85,12
12673,580512,2011/12/4,13:55,21114,1.25,10
12673,580512,2011/12/4,13:55,20750,7.95,4
12673,580512,2011/12/4,13:55,20712,2.08,10
12673,580512,2011/12/4,13:55,20724,0.85,10
12673,580512,2011/12/4,13:55,85099B,2.08,10
12673,580512,2011/12/4,13:55,23344,2.08,10
12673,580512,2011/12/4,13:55,21452,2.95,6
12673,580512,2011/12/4,13:55,22139,4.95,3
12673,580512,2011/12/4,13:55,22138,4.95,3
12673,580512,2011/12/4,13:55,22554,1.65,12
12673,580512,2011/12/4,13:55,22555,1.65,12
12673,580512,2011/12/4,13:55,23493,1.95,20
12673,580512,2011/12/4,13:55,23473,0.83,12
12673,580512,2011/12/4,13:55,23475,0.83,12
12673,580512,2011/12/4,13:55,23480,3.75,12
12673,580512,2011/12/4,13:55,23582,2.08,10
12673,580512,2011/12/4,13:55,23583,1.65,10
12673,580512,2011/12/4,13:55,POST,18,2
12569,580531,2011/12/4,15:47,21232,1.25,24
12569,580531,2011/12/4,15:47,22223,4.95,3
12569,580531,2011/12/4,15:47,22471,4.95,6
12569,580531,2011/12/4,15:47,POST,18,1
12724,580534,2011/12/4,16:02,23084,2.08,18
12724,580534,2011/12/4,16:02,23199,2.08,10
12724,580534,2011/12/4,16:02,23480,3.75,8
12724,580534,2011/12/4,16:02,23569,4.95,8
12724,580534,2011/12/4,16:02,20712,2.08,10
12724,580534,2011/12/4,16:02,85099C,2.08,10
12724,580534,2011/12/4,16:02,22385,2.08,10
12724,580534,2011/12/4,16:02,POST,18,1
12490,580536,2011/12/4,16:07,21731,1.65,12
12490,580536,2011/12/4,16:07,21881,0.65,12
12490,580536,2011/12/4,16:07,20719,0.85,10
12490,580536,2011/12/4,16:07,22619,3.75,4
12490,580536,2011/12/4,16:07,23199,2.08,20
12490,580536,2011/12/4,16:07,23344,2.08,10
12490,580536,2011/12/4,16:07,23203,2.08,10
12490,580536,2011/12/4,16:07,23202,2.08,10
12490,580536,2011/12/4,16:07,22139,4.95,6
12490,580536,2011/12/4,16:07,23204,0.85,10
12490,580536,2011/12/4,16:07,20724,0.85,10
12490,580536,2011/12/4,16:07,22356,0.85,10
12490,580536,2011/12/4,16:07,22379,2.1,5
12490,580536,2011/12/4,16:07,22381,2.1,5
12490,580536,2011/12/4,16:07,16169E,0.42,25
12490,580536,2011/12/4,16:07,22704,0.42,25
12490,580536,2011/12/4,16:07,22966,1.25,12
12490,580536,2011/12/4,16:07,22898,1.95,8
12490,580536,2011/12/4,16:07,22302,2.55,6
12490,580536,2011/12/4,16:07,23115,4.95,6
12490,580536,2011/12/4,16:07,20682,3.25,6
12490,580536,2011/12/4,16:07,21156,1.95,8
12490,580536,2011/12/4,16:07,21880,0.65,12
12490,580536,2011/12/4,16:07,22090,2.95,6
12490,580536,2011/12/4,16:07,22628,4.95,4
12490,580536,2011/12/4,16:07,POST,18,3
12782,580545,2011/12/5,9:16,23418,2.08,12
12782,580545,2011/12/5,9:16,20750,7.95,2
12782,580545,2011/12/5,9:16,23398,0.85,12
12782,580545,2011/12/5,9:16,23209,1.65,10
12782,580545,2011/12/5,9:16,22139,4.95,3
12782,580545,2011/12/5,9:16,23571,1.65,12
12782,580545,2011/12/5,9:16,23583,1.65,10
12782,580545,2011/12/5,9:16,23455,2.89,6
12782,580545,2011/12/5,9:16,23108,6.25,2
12782,580545,2011/12/5,9:16,22620,1.45,24
12782,580545,2011/12/5,9:16,21891,1.45,12
12782,580545,2011/12/5,9:16,23570,1.25,12
12782,580545,2011/12/5,9:16,22355,0.85,10
12782,580545,2011/12/5,9:16,POST,28,1
12569,580548,2011/12/5,9:41,22624,8.5,2
12569,580548,2011/12/5,9:41,22625,8.5,2
12569,580548,2011/12/5,9:41,22626,8.5,2
12569,580548,2011/12/5,9:41,POST,18,1
12646,580553,2011/12/5,10:14,21242,1.69,16
12646,580553,2011/12/5,10:14,21243,1.69,16
12646,580553,2011/12/5,10:14,21245,1.69,16
12646,580553,2011/12/5,10:14,21238,0.85,16
12646,580553,2011/12/5,10:14,21239,0.85,16
12646,580553,2011/12/5,10:14,84997A,4.15,8
12646,580553,2011/12/5,10:14,84997C,4.15,8
12646,580553,2011/12/5,10:14,84997B,4.15,8
12646,580553,2011/12/5,10:14,84997D,4.15,8
12646,580553,2011/12/5,10:14,23328,3.39,24
12646,580553,2011/12/5,10:14,23366,0.65,72
12646,580553,2011/12/5,10:14,23303,1.95,12
12646,580553,2011/12/5,10:14,23305,1.95,12
12646,580553,2011/12/5,10:14,23304,1.95,12
12646,580553,2011/12/5,10:14,20677,1.25,16
12646,580553,2011/12/5,10:14,20674,1.25,16
12646,580553,2011/12/5,10:14,20675,1.25,16
12646,580553,2011/12/5,10:14,20676,1.25,16
12646,580553,2011/12/5,10:14,20975,0.65,72
12646,580553,2011/12/5,10:14,22083,2.95,12
12646,580553,2011/12/5,10:14,21240,0.85,16
12841,580600,2011/12/5,11:13,22086,2.95,3
12841,580600,2011/12/5,11:13,22910,2.95,3
12841,580600,2011/12/5,11:13,22153,0.42,4
12841,580600,2011/12/5,11:13,22154,0.42,4
12841,580600,2011/12/5,11:13,22155,0.42,4
12841,580600,2011/12/5,11:13,23264,1.25,1
12841,580600,2011/12/5,11:13,23263,1.25,4
12841,580600,2011/12/5,11:13,23265,1.25,3
12841,580600,2011/12/5,11:13,23266,1.25,4
12841,580600,2011/12/5,11:13,23264,1.25,3
12841,580600,2011/12/5,11:13,21679,0.85,6
12841,580600,2011/12/5,11:13,23354,0.83,4
12841,580600,2011/12/5,11:13,22042,0.42,12
12841,580600,2011/12/5,11:13,22593,0.85,36
12841,580600,2011/12/5,11:13,22075,0.39,4
12841,580600,2011/12/5,11:13,22074,0.39,2
12841,580600,2011/12/5,11:13,85049C,1.25,2
12841,580600,2011/12/5,11:13,23079,8.95,1
12841,580600,2011/12/5,11:13,23352,1.25,1
12841,580600,2011/12/5,11:13,23349,1.25,1
12841,580600,2011/12/5,11:13,23351,1.25,1
12841,580600,2011/12/5,11:13,22061,2.95,2
12841,580600,2011/12/5,11:13,23275,1.25,24
12841,580600,2011/12/5,11:13,22644,0.39,2
12841,580600,2011/12/5,11:13,22645,0.39,2
12841,580600,2011/12/5,11:13,22057,0.39,4
12841,580600,2011/12/5,11:13,22055,0.39,6
12841,580600,2011/12/5,11:13,22059,0.39,4
12841,580601,2011/12/5,11:13,23320,1.25,4
12748,580611,2011/12/5,11:49,M,0.85,1
12748,580611,2011/12/5,11:49,21034,0.95,10
12748,580611,2011/12/5,11:49,21034,0.95,1
12748,580611,2011/12/5,11:49,23077,1.25,20
12748,580611,2011/12/5,11:49,22111,4.95,1
12748,580611,2011/12/5,11:49,23356,5.95,1
12748,580611,2011/12/5,11:49,21479,4.25,1
12748,580611,2011/12/5,11:49,84558A,2.95,1
12748,580611,2011/12/5,11:49,23501,1.25,1
12748,580611,2011/12/5,11:49,16225,0.39,3
12748,580611,2011/12/5,11:49,21592,0.39,1
12748,580611,2011/12/5,11:49,23501,1.25,5
12748,580611,2011/12/5,11:49,21588,2.55,2
12748,580611,2011/12/5,11:49,22495,0.79,1
12748,580611,2011/12/5,11:49,15039,0.85,1
12748,580611,2011/12/5,11:49,23370,1.25,1
12748,580611,2011/12/5,11:49,22327,2.95,1
12748,580611,2011/12/5,11:49,21918,0.42,1
12748,580611,2011/12/5,11:49,22556,1.65,1
12748,580611,2011/12/5,11:49,22185,0.79,2
12748,580611,2011/12/5,11:49,23128,4.95,1
12748,580611,2011/12/5,11:49,22731,1.25,2
12748,580611,2011/12/5,11:49,22734,2.89,2
12748,580611,2011/12/5,11:49,23191,1.65,1
12748,580611,2011/12/5,11:49,85049G,1.25,1
12748,580611,2011/12/5,11:49,23176,2.25,1
12748,580611,2011/12/5,11:49,23177,2.25,1
12748,580611,2011/12/5,11:49,21894,1.25,2
12748,580611,2011/12/5,11:49,23347,1.25,1
12748,580611,2011/12/5,11:49,23346,1.25,1
12748,580611,2011/12/5,11:49,23200,2.08,1
12748,580611,2011/12/5,11:49,22908,0.85,1
12748,580611,2011/12/5,11:49,23504,1.25,7
12748,580611,2011/12/5,11:49,20727,1.65,1
12748,580611,2011/12/5,11:49,22197,0.85,2
12748,580611,2011/12/5,11:49,23504,1.25,1
12748,580611,2011/12/5,11:49,22267,0.39,1
12748,580611,2011/12/5,11:49,21479,4.25,1
12748,580611,2011/12/5,11:49,23356,5.95,1
12748,580611,2011/12/5,11:49,22493,1.65,1
12748,580611,2011/12/5,11:49,22990,1.95,1
12748,580611,2011/12/5,11:49,20727,1.65,1
12748,580611,2011/12/5,11:49,22100,0.39,1
12748,580611,2011/12/5,11:49,21306,0.29,1
12748,580611,2011/12/5,11:49,23206,1.65,2
12748,580611,2011/12/5,11:49,21504,0.42,12
12748,580611,2011/12/5,11:49,21557,2.95,1
12748,580611,2011/12/5,11:49,22395,0.39,4
12748,580611,2011/12/5,11:49,23198,1.45,2
12748,580611,2011/12/5,11:49,23282,0.83,2
12748,580611,2011/12/5,11:49,22197,0.85,10
12748,580611,2011/12/5,11:49,23077,1.25,20
12748,580611,2011/12/5,11:49,21064,1.25,1
12748,580611,2011/12/5,11:49,70007,0.79,2
12748,580611,2011/12/5,11:49,22185,0.79,3
12748,580611,2011/12/5,11:49,23552,2.08,2
12748,580611,2011/12/5,11:49,21917,0.42,4
12748,580611,2011/12/5,11:49,23498,1.45,2
12748,580611,2011/12/5,11:49,22513,0.79,2
12748,580611,2011/12/5,11:49,22133,0.85,4
12748,580611,2011/12/5,11:49,21990,1.25,1
12748,580611,2011/12/5,11:49,21993,1.25,1
12748,580611,2011/12/5,11:49,23191,1.65,2
12748,580611,2011/12/5,11:49,21263,1.95,1
12748,580611,2011/12/5,11:49,22096,0.39,5
12748,580611,2011/12/5,11:49,21098,1.25,3
12748,580611,2011/12/5,11:49,22093,0.39,5
12748,580611,2011/12/5,11:49,22723,1.25,2
12748,580611,2011/12/5,11:49,23186,0.29,6
12748,580611,2011/12/5,11:49,23200,2.08,1
12748,580611,2011/12/5,11:49,23199,2.08,1
12748,580611,2011/12/5,11:49,22441,2.1,1
12748,580611,2011/12/5,11:49,21012,2.1,2
12748,580611,2011/12/5,11:49,85123A,2.95,1
12748,580611,2011/12/5,11:49,21640,0.85,1
12748,580611,2011/12/5,11:49,35961,0.85,2
12748,580611,2011/12/5,11:49,22335,0.65,2
12748,580611,2011/12/5,11:49,22602,0.85,1
12748,580611,2011/12/5,11:49,21385,0.85,2
12748,580611,2011/12/5,11:49,22595,0.85,2
12748,580611,2011/12/5,11:49,21172,1.45,2
12748,580611,2011/12/5,11:49,22465,0.79,3
12748,580611,2011/12/5,11:49,21993,1.25,1
12748,580611,2011/12/5,11:49,22754,0.21,1
12748,580611,2011/12/5,11:49,22757,0.39,1
12748,580611,2011/12/5,11:49,22758,0.39,2
12748,580611,2011/12/5,11:49,22753,0.21,2
12748,580611,2011/12/5,11:49,20761,3.75,1
12748,580611,2011/12/5,11:49,20772,2.55,1
12748,580611,2011/12/5,11:49,20768,2.55,1
12748,580611,2011/12/5,11:49,23103,1.65,1
12748,580611,2011/12/5,11:49,23332,1.65,2
12748,580611,2011/12/5,11:49,21463,5.95,2
12748,580611,2011/12/5,11:49,21640,0.85,2
12748,580611,2011/12/5,11:49,22152,0.42,2
12748,580611,2011/12/5,11:49,22151,0.42,4
12748,580611,2011/12/5,11:49,22721,1.95,2
12748,580611,2011/12/5,11:49,21833,1.69,6
12748,580611,2011/12/5,11:49,85023B,2.55,1
12748,580611,2011/12/5,11:49,21012,2.1,1
12748,580611,2011/12/5,11:49,23501,1.25,20
12748,580611,2011/12/5,11:49,21908,2.1,1
12748,580611,2011/12/5,11:49,22499,5.95,1
12748,580611,2011/12/5,11:49,23501,1.25,1
12748,580611,2011/12/5,11:49,22197,0.85,7
12748,580611,2011/12/5,11:49,85034C,1.25,2
12748,580611,2011/12/5,11:49,23239,1.65,3
12748,580611,2011/12/5,11:49,22442,1.95,6
12381,580638,2011/12/5,12:44,22720,4.95,6
12381,580638,2011/12/5,12:44,23084,2.08,12
12381,580638,2011/12/5,12:44,22423,12.75,1
12381,580638,2011/12/5,12:44,21976,0.55,24
12381,580638,2011/12/5,12:44,22417,0.55,24
12381,580638,2011/12/5,12:44,21212,0.55,24
12381,580638,2011/12/5,12:44,POST,40,1
12628,580648,2011/12/5,13:15,21498,0.42,25
12628,580648,2011/12/5,13:15,23349,1.25,12
12628,580648,2011/12/5,13:15,23351,1.25,12
12628,580648,2011/12/5,13:15,23353,0.83,12
12628,580648,2011/12/5,13:15,23202,2.08,10
12628,580648,2011/12/5,13:15,23582,2.08,10
12628,580648,2011/12/5,13:15,23077,1.25,20
12628,580648,2011/12/5,13:15,23489,2.89,6
12628,580648,2011/12/5,13:15,POST,18,1
12628,580648,2011/12/5,13:15,23266,1.25,12
12628,580648,2011/12/5,13:15,23265,1.25,12
12628,580648,2011/12/5,13:15,23264,1.25,12
12628,580648,2011/12/5,13:15,22654,5.95,3
12683,580705,2011/12/5,16:28,22816,0.42,12
12683,580705,2011/12/5,16:28,22303,2.55,24
12683,580705,2011/12/5,16:28,22972,1.65,12
12683,580705,2011/12/5,16:28,22895,3.25,12
12683,580705,2011/12/5,16:28,22973,1.65,12
12683,580705,2011/12/5,16:28,84997B,4.15,4
12683,580705,2011/12/5,16:28,84997D,4.15,4
12683,580705,2011/12/5,16:28,84997C,4.15,4
12683,580705,2011/12/5,16:28,22328,2.95,6
12683,580705,2011/12/5,16:28,23245,4.95,4
12683,580705,2011/12/5,16:28,22090,2.95,6
12683,580705,2011/12/5,16:28,21154,1.25,10
12683,580705,2011/12/5,16:28,21035,3.25,6
12683,580705,2011/12/5,16:28,22625,8.5,2
12683,580705,2011/12/5,16:28,22624,8.5,2
12683,580705,2011/12/5,16:28,22627,8.5,2
12683,580705,2011/12/5,16:28,22626,8.5,2
12683,580705,2011/12/5,16:28,21086,0.65,12
12683,580705,2011/12/5,16:28,21987,0.65,12
12683,580705,2011/12/5,16:28,21988,0.85,12
12683,580705,2011/12/5,16:28,21094,0.85,12
12683,580705,2011/12/5,16:28,21989,0.85,12
12683,580705,2011/12/5,16:28,21080,0.85,24
12683,580705,2011/12/5,16:28,22435,1.06,100
12683,580705,2011/12/5,16:28,23156,2.08,24
12683,580705,2011/12/5,16:28,22437,0.85,40
12683,580705,2011/12/5,16:28,23295,0.83,8
12683,580705,2011/12/5,16:28,23293,0.83,8
12683,580705,2011/12/5,16:28,23236,2.89,6
12683,580705,2011/12/5,16:28,23231,0.42,25
12683,580705,2011/12/5,16:28,23351,1.25,12
12683,580705,2011/12/5,16:28,23349,1.25,12
12683,580705,2011/12/5,16:28,POST,1,5
12683,580705,2011/12/5,16:28,23250,1.25,24
12683,580706,2011/12/5,16:31,POST,17,5
12367,580716,2011/12/5,16:48,85227,0.85,12
12367,580716,2011/12/5,16:48,16237,0.21,60
12367,580716,2011/12/5,16:48,21576,2.25,6
12367,580716,2011/12/5,16:48,21579,2.25,6
12367,580716,2011/12/5,16:48,21770,4.95,2
12367,580716,2011/12/5,16:48,22629,1.95,12
12367,580716,2011/12/5,16:48,22631,1.95,12
12367,580716,2011/12/5,16:48,22630,1.95,12
12367,580716,2011/12/5,16:48,22708,0.42,25
12367,580716,2011/12/5,16:48,22045,0.42,25
12367,580716,2011/12/5,16:48,POST,18,1
12766,580734,2011/12/6,8:46,20725,1.65,20
12766,580734,2011/12/6,8:46,20728,1.65,10
12766,580734,2011/12/6,8:46,23583,1.65,30
12766,580734,2011/12/6,8:46,23582,2.08,20
12766,580734,2011/12/6,8:46,23581,2.08,30
12766,580734,2011/12/6,8:46,20718,1.25,10
12766,580734,2011/12/6,8:46,22138,4.95,3
12766,580734,2011/12/6,8:46,22139,4.95,6
12766,580734,2011/12/6,8:46,85099B,2.08,20
12766,580734,2011/12/6,8:46,23319,2.49,12
12766,580734,2011/12/6,8:46,21430,3.75,4
12766,580734,2011/12/6,8:46,21485,4.95,6
12766,580734,2011/12/6,8:46,22114,4.25,4
12766,580734,2011/12/6,8:46,23108,6.25,2
12766,580734,2011/12/6,8:46,84375,2.1,12
12766,580734,2011/12/6,8:46,23355,4.95,12
12766,580734,2011/12/6,8:46,23357,4.95,8
12766,580734,2011/12/6,8:46,23356,5.95,6
12766,580734,2011/12/6,8:46,22601,0.85,12
12766,580734,2011/12/6,8:46,22600,0.85,12
12766,580734,2011/12/6,8:46,22602,0.85,24
12766,580734,2011/12/6,8:46,POST,28,4
12716,580736,2011/12/6,8:55,23580,1.95,8
12716,580736,2011/12/6,8:55,23570,1.25,12
12716,580736,2011/12/6,8:55,21706,4.95,4
12716,580736,2011/12/6,8:55,21707,4.95,4
12716,580736,2011/12/6,8:55,22431,1.95,6
12716,580736,2011/12/6,8:55,47566,4.95,4
12716,580736,2011/12/6,8:55,22367,1.95,8
12716,580736,2011/12/6,8:55,22326,2.95,6
12716,580736,2011/12/6,8:55,22328,2.95,6
12716,580736,2011/12/6,8:55,79191C,0.85,12
12716,580736,2011/12/6,8:55,23245,4.95,4
12716,580736,2011/12/6,8:55,23115,4.95,3
12716,580736,2011/12/6,8:55,20676,1.25,8
12716,580736,2011/12/6,8:55,85114C,1.65,6
12716,580736,2011/12/6,8:55,22636,8.5,2
12716,580736,2011/12/6,8:55,22303,2.55,6
12716,580736,2011/12/6,8:55,22302,2.55,6
12716,580736,2011/12/6,8:55,22301,2.55,6
12716,580736,2011/12/6,8:55,22437,0.85,20
12716,580736,2011/12/6,8:55,22923,0.85,12
12716,580736,2011/12/6,8:55,22924,0.85,12
12716,580736,2011/12/6,8:55,22610,0.19,36
12716,580736,2011/12/6,8:55,23505,1.25,12
12716,580736,2011/12/6,8:55,POST,18,2
12584,580746,2011/12/6,9:35,21733,2.95,6
12584,580746,2011/12/6,9:35,85123A,2.95,18
12584,580746,2011/12/6,9:35,22847,16.95,1
12584,580746,2011/12/6,9:35,22846,16.95,1
12584,580746,2011/12/6,9:35,22667,2.95,6
12584,580746,2011/12/6,9:35,48138,8.25,2
12584,580746,2011/12/6,9:35,22627,8.5,2
12584,580746,2011/12/6,9:35,22720,4.95,9
12749,580750,2011/12/6,9:56,23583,1.65,10
12749,580750,2011/12/6,9:56,20749,7.95,2
12749,580750,2011/12/6,9:56,21484,4.25,4
12749,580750,2011/12/6,9:56,84030E,4.25,4
12749,580750,2011/12/6,9:56,22171,8.5,4
12749,580750,2011/12/6,9:56,85066,12.75,2
12749,580750,2011/12/6,9:56,23110,5.75,6
12749,580750,2011/12/6,9:56,23112,7.5,2
12749,580750,2011/12/6,9:56,22720,4.95,6
12749,580750,2011/12/6,9:56,22993,1.25,12
12749,580750,2011/12/6,9:56,22965,2.1,6
12749,580750,2011/12/6,9:56,23243,4.95,4
12749,580750,2011/12/6,9:56,23240,4.15,6
12749,580750,2011/12/6,9:56,23359,1.95,12
12749,580750,2011/12/6,9:56,48184,8.25,2
12749,580750,2011/12/6,9:56,23283,8.25,2
12749,580750,2011/12/6,9:56,48116,8.25,2
12749,580750,2011/12/6,9:56,48173C,8.25,2
12749,580750,2011/12/6,9:56,22138,4.95,3
12749,580750,2011/12/6,9:56,21843,10.95,4
12749,580750,2011/12/6,9:56,22667,2.95,6
12749,580750,2011/12/6,9:56,22558,1.65,12
12749,580750,2011/12/6,9:56,22628,4.95,4
12749,580750,2011/12/6,9:56,21983,0.39,24
12749,580750,2011/12/6,9:56,22557,1.65,12
12749,580750,2011/12/6,9:56,23111,12.5,3
12749,580750,2011/12/6,9:56,23118,7.5,4
12749,580750,2011/12/6,9:56,84510A,1.25,10
12749,580750,2011/12/6,9:56,84509A,3.75,4
12749,580750,2011/12/6,9:56,22617,4.95,3
12749,580750,2011/12/6,9:56,21452,2.95,6
12749,580750,2011/12/6,9:56,21249,2.95,6
12749,580750,2011/12/6,9:56,22326,2.95,6
12749,580750,2011/12/6,9:56,23208,1.65,10
12749,580750,2011/12/6,9:56,23244,1.95,6
12749,580750,2011/12/6,9:56,22728,3.75,4
12749,580750,2011/12/6,9:56,22727,3.75,4
12749,580750,2011/12/6,9:56,22730,3.75,4
12749,580750,2011/12/6,9:56,22726,3.75,4
12478,580752,2011/12/6,9:56,POST,45,3
12478,580752,2011/12/6,9:56,20685,8.25,2
12478,580752,2011/12/6,9:56,22941,8.5,4
12478,580752,2011/12/6,9:56,22816,0.42,12
12478,580752,2011/12/6,9:56,22966,1.25,12
12478,580752,2011/12/6,9:56,20725,1.65,10
12478,580752,2011/12/6,9:56,20727,1.65,10
12478,580752,2011/12/6,9:56,20728,1.65,10
12478,580752,2011/12/6,9:56,22111,4.95,3
12478,580752,2011/12/6,9:56,21481,3.75,4
12478,580752,2011/12/6,9:56,21479,4.25,4
12478,580752,2011/12/6,9:56,22584,2.55,6
12478,580752,2011/12/6,9:56,22712,0.42,12
12478,580752,2011/12/6,9:56,22029,0.42,12
12478,580752,2011/12/6,9:56,22037,0.42,12
12478,580752,2011/12/6,9:56,20983,0.85,12
12478,580752,2011/12/6,9:56,20982,0.85,12
12478,580752,2011/12/6,9:56,22940,4.25,4
12478,580752,2011/12/6,9:56,22750,3.75,4
12478,580752,2011/12/6,9:56,22623,5.95,3
12478,580752,2011/12/6,9:56,21891,1.45,12
12478,580752,2011/12/6,9:56,22619,3.75,4
12478,580752,2011/12/6,9:56,22139,4.95,6
12478,580752,2011/12/6,9:56,22138,4.95,6
12478,580752,2011/12/6,9:56,22327,2.95,6
12478,580752,2011/12/6,9:56,20750,7.95,2
12478,580752,2011/12/6,9:56,22326,2.95,6
12478,580752,2011/12/6,9:56,23084,2.08,6
12478,580752,2011/12/6,9:56,23256,4.15,4
12478,580752,2011/12/6,9:56,22617,4.95,3
12478,580752,2011/12/6,9:56,22382,1.65,10
12478,580752,2011/12/6,9:56,23389,4.15,4
12478,580752,2011/12/6,9:56,23390,4.15,4
12478,580752,2011/12/6,9:56,23108,6.25,2
12478,580752,2011/12/6,9:56,23254,4.15,4
12478,580752,2011/12/6,9:56,22899,2.1,6
12682,580753,2011/12/6,10:00,20750,7.95,4
12682,580753,2011/12/6,10:00,21931,2.08,10
12682,580753,2011/12/6,10:00,85099B,2.08,10
12682,580753,2011/12/6,10:00,22423,12.75,1
12682,580753,2011/12/6,10:00,21242,1.69,8
12682,580753,2011/12/6,10:00,21243,1.69,8
12682,580753,2011/12/6,10:00,21239,0.85,8
12682,580753,2011/12/6,10:00,21240,0.85,8
12682,580753,2011/12/6,10:00,23040,5.75,3
12682,580753,2011/12/6,10:00,22596,0.39,24
12682,580753,2011/12/6,10:00,22456,4.95,3
12682,580753,2011/12/6,10:00,48185,8.25,2
12682,580753,2011/12/6,10:00,21770,4.95,2
12682,580753,2011/12/6,10:00,21977,0.55,24
12682,580753,2011/12/6,10:00,21212,0.55,24
12682,580753,2011/12/6,10:00,84375,2.1,12
12682,580753,2011/12/6,10:00,23163,2.49,8
12682,580753,2011/12/6,10:00,84378,1.45,12
12682,580753,2011/12/6,10:00,23020,12.5,1
12682,580753,2011/12/6,10:00,22966,1.25,12
12682,580753,2011/12/6,10:00,23084,1.79,24
12682,580753,2011/12/6,10:00,22556,1.65,12
12682,580753,2011/12/6,10:00,22551,1.65,24
12682,580753,2011/12/6,10:00,22555,1.65,12
12682,580753,2011/12/6,10:00,47566,4.95,8
12682,580753,2011/12/6,10:00,23192,1.65,12
12682,580753,2011/12/6,10:00,22139,4.95,6
12682,580753,2011/12/6,10:00,22138,4.95,6
12682,580753,2011/12/6,10:00,22467,2.55,12
12682,580753,2011/12/6,10:00,POST,18,3
12723,580756,2011/12/6,10:19,72800E,0.79,12
12723,580756,2011/12/6,10:19,23254,4.15,4
12723,580756,2011/12/6,10:19,23255,4.15,4
12723,580756,2011/12/6,10:19,23256,4.15,4
12723,580756,2011/12/6,10:19,POST,18,1
12442,580955,2011/12/6,14:22,21974,1.45,12
12442,580955,2011/12/6,14:22,23597,2.95,6
12442,580955,2011/12/6,14:22,22090,2.95,6
12442,580955,2011/12/6,14:22,21209,0.39,12
12442,580955,2011/12/6,14:22,21981,0.39,24
12442,580955,2011/12/6,14:22,21982,0.39,24
12442,580955,2011/12/6,14:22,21980,0.39,24
12442,580955,2011/12/6,14:22,21094,0.85,12
12442,580955,2011/12/6,14:22,21086,0.65,12
12442,580955,2011/12/6,14:22,23546,0.42,25
12442,580955,2011/12/6,14:22,21121,1.25,24
12442,580955,2011/12/6,14:22,POST,28,1
12417,580965,2011/12/6,14:52,23576,1.95,8
12417,580965,2011/12/6,14:52,23562,2.89,6
12417,580965,2011/12/6,14:52,22423,12.75,4
12417,580965,2011/12/6,14:52,23007,16.95,1
12417,580965,2011/12/6,14:52,23241,2.08,6
12417,580965,2011/12/6,14:52,21135,1.69,8
12417,580965,2011/12/6,14:52,22944,1.25,12
12417,580965,2011/12/6,14:52,22959,0.42,25
12417,580965,2011/12/6,14:52,16161P,0.42,25
12417,580965,2011/12/6,14:52,22666,2.95,6
12417,580965,2011/12/6,14:52,23243,4.95,4
12417,580965,2011/12/6,14:52,21499,0.42,25
12417,580965,2011/12/6,14:52,23173,9.95,2
12417,580965,2011/12/6,14:52,23175,3.25,4
12417,580965,2011/12/6,14:52,23174,4.15,4
12417,580965,2011/12/6,14:52,23170,1.65,12
12417,580965,2011/12/6,14:52,21218,3.75,6
12417,580965,2011/12/6,14:52,22624,8.5,2
12417,580965,2011/12/6,14:52,22915,0.42,12
12417,580965,2011/12/6,14:52,POST,15,3
12820,580973,2011/12/6,15:12,21098,1.25,12
12820,580973,2011/12/6,15:12,22602,0.85,12
12820,580973,2011/12/6,15:12,22600,0.85,12
12820,580973,2011/12/6,15:12,23323,2.1,18
12820,580973,2011/12/6,15:12,23313,4.95,5
12820,580973,2011/12/6,15:12,22086,2.95,6
12820,580973,2011/12/6,15:12,84836,1.25,12
12820,580973,2011/12/6,15:12,84946,1.25,12
12820,580973,2011/12/6,15:12,21479,4.25,4
12820,580973,2011/12/6,15:12,22186,2.95,6
12820,580973,2011/12/6,15:12,22592,3.75,4
12820,580973,2011/12/6,15:12,22791,1.25,12
12362,580979,2011/12/6,15:40,23238,4.15,6
12362,580979,2011/12/6,15:40,23237,4.15,6
12362,580979,2011/12/6,15:40,22328,2.95,6
12362,580979,2011/12/6,15:40,23244,1.95,6
12362,580979,2011/12/6,15:40,23254,4.15,4
12362,580979,2011/12/6,15:40,23256,4.15,4
12362,580979,2011/12/6,15:40,23255,4.15,4
12362,580979,2011/12/6,15:40,84997D,4.15,4
12362,580979,2011/12/6,15:40,23290,1.25,8
12362,580979,2011/12/6,15:40,23292,1.25,8
12362,580979,2011/12/6,15:40,20749,7.95,2
12362,580979,2011/12/6,15:40,20750,7.95,2
12362,580979,2011/12/6,15:40,23389,4.15,4
12362,580979,2011/12/6,15:40,23390,4.15,4
12362,580979,2011/12/6,15:40,23391,4.15,4
12362,580979,2011/12/6,15:40,23204,0.85,10
12362,580979,2011/12/6,15:40,21931,2.08,10
12362,580979,2011/12/6,15:40,23199,2.08,10
12362,580979,2011/12/6,15:40,23202,2.08,10
12362,580979,2011/12/6,15:40,85099B,2.08,10
12362,580979,2011/12/6,15:40,23203,2.08,10
12362,580979,2011/12/6,15:40,22816,0.42,12
12362,580979,2011/12/6,15:40,22908,0.85,12
12362,580979,2011/12/6,15:40,23369,1.25,16
12362,580979,2011/12/6,15:40,21704,0.85,12
12362,580979,2011/12/6,15:40,22549,1.45,12
12362,580979,2011/12/6,15:40,23569,4.95,4
12362,580979,2011/12/6,15:40,23598,2.95,6
12362,580979,2011/12/6,15:40,23264,1.25,12
12362,580979,2011/12/6,15:40,POST,18,3
12650,580986,2011/12/6,16:34,22757,0.39,12
12650,580986,2011/12/6,16:34,22754,0.21,24
12650,580986,2011/12/6,16:34,22758,0.39,12
12650,580986,2011/12/6,16:34,22755,0.21,24
12650,580986,2011/12/6,16:34,22756,0.39,12
12650,580986,2011/12/6,16:34,22753,0.21,24
12650,580986,2011/12/6,16:34,22752,3.95,24
12650,580986,2011/12/6,16:34,22390,0.39,12
12650,580986,2011/12/6,16:34,21425,2.95,6
12650,580986,2011/12/6,16:34,21427,2.1,6
12650,580986,2011/12/6,16:34,22355,0.85,10
12650,580986,2011/12/6,16:34,21935,1.65,10
12650,580986,2011/12/6,16:34,22713,0.42,12
12650,580986,2011/12/6,16:34,22037,0.42,12
12650,580986,2011/12/6,16:34,22024,0.42,12
12650,580986,2011/12/6,16:34,22027,0.42,12
12650,580986,2011/12/6,16:34,22029,0.42,12
12650,580986,2011/12/6,16:34,23579,1.95,8
12650,580986,2011/12/6,16:34,22327,2.95,6
12650,580986,2011/12/6,16:34,POST,18,4
12720,581000,2011/12/7,8:03,22961,1.45,12
12720,581000,2011/12/7,8:03,21531,2.55,6
12720,581000,2011/12/7,8:03,22627,8.5,2
12720,581000,2011/12/7,8:03,22625,8.5,2
12720,581000,2011/12/7,8:03,22960,3.75,12
12720,581000,2011/12/7,8:03,22554,1.65,12
12720,581000,2011/12/7,8:03,22722,3.95,4
12720,581000,2011/12/7,8:03,22720,4.95,3
12720,581000,2011/12/7,8:03,22723,1.25,12
12720,581000,2011/12/7,8:03,22072,1.25,12
12720,581000,2011/12/7,8:03,22596,0.39,24
12720,581000,2011/12/7,8:03,84819,0.79,16
12720,581000,2011/12/7,8:03,84820,0.79,16
12720,581000,2011/12/7,8:03,23294,0.83,8
12720,581000,2011/12/7,8:03,23295,0.83,8
12720,581000,2011/12/7,8:03,22326,2.95,6
12720,581000,2011/12/7,8:03,22328,2.95,6
12720,581000,2011/12/7,8:03,22624,8.5,2
12720,581000,2011/12/7,8:03,POST,18,5
12583,581001,2011/12/7,8:07,23562,2.89,6
12583,581001,2011/12/7,8:07,22540,0.19,48
12583,581001,2011/12/7,8:07,22544,0.19,48
12583,581001,2011/12/7,8:07,23480,3.75,32
12583,581001,2011/12/7,8:07,23084,1.79,24
12583,581001,2011/12/7,8:07,23298,4.95,12
12583,581001,2011/12/7,8:07,22909,0.85,12
12583,581001,2011/12/7,8:07,22613,0.85,12
12583,581001,2011/12/7,8:07,22617,4.95,3
12583,581001,2011/12/7,8:07,23515,2.08,6
12583,581001,2011/12/7,8:07,22367,1.95,8
12583,581001,2011/12/7,8:07,POST,18,3
12583,581001,2011/12/7,8:07,21156,1.95,8
12583,581001,2011/12/7,8:07,22352,2.55,12
12583,581001,2011/12/7,8:07,21559,2.55,12
12583,581001,2011/12/7,8:07,22326,2.95,12
12583,581001,2011/12/7,8:07,23388,4.15,12
12583,581001,2011/12/7,8:07,22728,3.75,18
12583,581001,2011/12/7,8:07,22726,3.75,24
12828,581005,2011/12/7,8:45,22806,1.25,12
12828,581005,2011/12/7,8:45,85225,1,1
12828,581005,2011/12/7,8:45,21109,1.95,12
12828,581005,2011/12/7,8:45,21111,1.25,24
12828,581005,2011/12/7,8:45,21108,0.79,18
12826,581022,2011/12/7,10:25,23582,2.08,10
12826,581022,2011/12/7,10:25,22086,2.95,12
12826,581022,2011/12/7,10:25,23200,2.08,10
12826,581022,2011/12/7,10:25,21930,2.08,10
12826,581022,2011/12/7,10:25,23344,2.08,10
12826,581022,2011/12/7,10:25,20727,1.65,10
12826,581022,2011/12/7,10:25,23574,7.5,1
12839,581122,2011/12/7,12:33,20724,0.85,20
12839,581122,2011/12/7,12:33,22661,0.85,20
12839,581122,2011/12/7,12:33,20719,0.85,20
12839,581122,2011/12/7,12:33,22355,0.85,20
12839,581122,2011/12/7,12:33,23204,0.85,20
12839,581122,2011/12/7,12:33,20723,0.85,20
12839,581122,2011/12/7,12:33,22356,0.85,20
12839,581122,2011/12/7,12:33,20713,2.08,10
12839,581122,2011/12/7,12:33,85099B,2.08,10
12839,581122,2011/12/7,12:33,85099F,2.08,10
12839,581122,2011/12/7,12:33,21931,2.08,10
12839,581122,2011/12/7,12:33,22197,0.85,48
12839,581122,2011/12/7,12:33,23076,1.25,24
12839,581122,2011/12/7,12:33,23077,1.25,40
12839,581122,2011/12/7,12:33,20971,1.25,12
12839,581122,2011/12/7,12:33,20972,1.25,12
12839,581122,2011/12/7,12:33,21232,1.25,12
12839,581122,2011/12/7,12:33,21231,1.25,12
12839,581122,2011/12/7,12:33,22189,3.95,12
12839,581122,2011/12/7,12:33,84978,1.25,24
12839,581122,2011/12/7,12:33,22457,2.95,24
12839,581122,2011/12/7,12:33,21137,3.75,8
12839,581122,2011/12/7,12:33,23408,2.08,6
12839,581122,2011/12/7,12:33,23531,6.95,3
12839,581122,2011/12/7,12:33,82494L,2.95,12
12839,581122,2011/12/7,12:33,22212,2.1,12
12839,581122,2011/12/7,12:33,23158,2.08,12
12839,581122,2011/12/7,12:33,21871,1.65,12
12839,581122,2011/12/7,12:33,21877,1.65,12
12839,581122,2011/12/7,12:33,22699,2.95,6
12839,581122,2011/12/7,12:33,23480,3.75,4
12747,581163,2011/12/7,14:34,82484,6.75,36
12747,581163,2011/12/7,14:34,85099C,2.08,10
12747,581163,2011/12/7,14:34,85062,1.65,24
12747,581163,2011/12/7,14:34,23581,2.08,10
12747,581163,2011/12/7,14:34,85123A,2.95,6
12747,581163,2011/12/7,14:34,82494L,2.55,24
12747,581163,2011/12/7,14:34,82482,2.95,12
12615,581171,2011/12/7,15:02,23570,1.25,12
12615,581171,2011/12/7,15:02,22966,1.25,24
12615,581171,2011/12/7,15:02,20750,7.95,6
12615,581171,2011/12/7,15:02,85014B,5.95,3
12615,581171,2011/12/7,15:02,20682,3.25,12
12615,581171,2011/12/7,15:02,23118,7.5,4
12615,581171,2011/12/7,15:02,21481,3.75,4
12615,581171,2011/12/7,15:02,22027,0.42,12
12615,581171,2011/12/7,15:02,21509,0.42,12
12615,581171,2011/12/7,15:02,22028,0.42,12
12615,581171,2011/12/7,15:02,22029,0.42,12
12615,581171,2011/12/7,15:02,21258,12.75,2
12615,581171,2011/12/7,15:02,84077,0.29,48
12615,581171,2011/12/7,15:02,23154,2.08,12
12615,581171,2011/12/7,15:02,21889,1.25,12
12615,581171,2011/12/7,15:02,21891,1.45,12
12615,581171,2011/12/7,15:02,22620,1.45,12
12615,581171,2011/12/7,15:02,21914,1.25,12
12615,581171,2011/12/7,15:02,POST,18,2
12615,581171,2011/12/7,15:02,23084,1.79,24
12471,581179,2011/12/7,15:43,21731,1.65,60
12471,581179,2011/12/7,15:43,21232,1.25,48
12471,581179,2011/12/7,15:43,22423,10.95,64
12471,581179,2011/12/7,15:43,22554,1.65,24
12471,581179,2011/12/7,15:43,22556,1.65,24
12471,581179,2011/12/7,15:43,22621,1.65,36
12471,581179,2011/12/7,15:43,22419,0.42,48
12471,581179,2011/12/7,15:43,22728,3.75,16
12471,581179,2011/12/7,15:43,22961,1.45,24
12471,581179,2011/12/7,15:43,23158,2.08,24
12471,581179,2011/12/7,15:43,23295,0.83,32
12471,581179,2011/12/7,15:43,23294,0.83,16
12471,581179,2011/12/7,15:43,23174,4.15,4
12471,581179,2011/12/7,15:43,23198,1.45,24
12471,581179,2011/12/7,15:43,23197,1.45,24
12471,581179,2011/12/7,15:43,23319,2.49,12
12471,581179,2011/12/7,15:43,23445,0.83,40
12471,581179,2011/12/7,15:43,23559,2.08,42
12471,581179,2011/12/7,15:43,23113,4.95,3
12471,581179,2011/12/7,15:43,23368,0.65,24
12471,581179,2011/12/7,15:43,23347,1.25,24
12471,581179,2011/12/7,15:43,23346,1.25,12
12471,581179,2011/12/7,15:43,23108,6.25,10
12471,581179,2011/12/7,15:43,23345,1.25,12
12471,581179,2011/12/7,15:43,23254,4.15,4
12471,581179,2011/12/7,15:43,23256,4.15,4
12471,581179,2011/12/7,15:43,23473,0.83,24
12471,581179,2011/12/7,15:43,23474,0.83,24
12471,581179,2011/12/7,15:43,23475,0.83,24
12471,581179,2011/12/7,15:43,23480,3.75,24
12471,581179,2011/12/7,15:43,23569,4.95,12
12471,581179,2011/12/7,15:43,84012,0.85,72
12471,581179,2011/12/7,15:43,23552,2.08,6
12471,581179,2011/12/7,15:43,23576,1.95,8
12471,581179,2011/12/7,15:43,23579,1.95,8
12471,581179,2011/12/7,15:43,23580,1.95,8
12471,581179,2011/12/7,15:43,23084,1.79,24
12471,581179,2011/12/7,15:43,POST,240,1
12347,581180,2011/12/7,15:52,23497,1.45,12
12347,581180,2011/12/7,15:52,23552,2.08,6
12347,581180,2011/12/7,15:52,21064,1.25,24
12347,581180,2011/12/7,15:52,84625A,0.85,24
12347,581180,2011/12/7,15:52,21731,1.65,24
12347,581180,2011/12/7,15:52,23084,1.79,24
12347,581180,2011/12/7,15:52,20719,0.85,10
12347,581180,2011/12/7,15:52,21265,1.95,12
12347,581180,2011/12/7,15:52,23271,0.83,16
12347,581180,2011/12/7,15:52,23506,0.42,20
12347,581180,2011/12/7,15:52,23508,0.42,20
12783,581182,2011/12/7,15:56,20831,0.79,12
12783,581182,2011/12/7,15:56,21115,1.95,8
12783,581182,2011/12/7,15:56,21109,1.95,12
12783,581182,2011/12/7,15:56,21128,1.95,8
12783,581182,2011/12/7,15:56,22199,1.25,6
12783,581182,2011/12/7,15:56,22203,1.25,6
12783,581182,2011/12/7,15:56,22442,1.95,12
12783,581182,2011/12/7,15:56,22496,0.79,12
12783,581182,2011/12/7,15:56,23302,0.79,24
12783,581182,2011/12/7,15:56,21907,2.1,12
12783,581182,2011/12/7,15:56,21166,2.08,12
12783,581182,2011/12/7,15:56,23284,8.25,4
12783,581182,2011/12/7,15:56,22366,8.25,2
12783,581182,2011/12/7,15:56,22690,8.25,2
12783,581182,2011/12/7,15:56,22692,8.25,2
12783,581182,2011/12/7,15:56,POST,28,4
12783,581182,2011/12/7,15:56,23108,6.25,4
12569,581183,2011/12/7,16:24,22199,1.25,6
12569,581183,2011/12/7,16:24,22200,1.25,6
12569,581183,2011/12/7,16:24,22398,0.39,24
12569,581183,2011/12/7,16:24,22057,0.39,16
12569,581183,2011/12/7,16:24,22059,0.39,24
12569,581183,2011/12/7,16:24,22055,0.39,16
12569,581183,2011/12/7,16:24,22063,0.79,18
12569,581183,2011/12/7,16:24,22123,0.79,12
12569,581183,2011/12/7,16:24,22124,0.79,12
12569,581183,2011/12/7,16:24,POST,18,4
12569,581184,2011/12/7,16:24,22221,2.95,6
12569,581184,2011/12/7,16:24,22475,1.95,8
12569,581184,2011/12/7,16:24,22776,9.95,2
12569,581184,2011/12/7,16:24,POST,18,2
12569,581184,2011/12/7,16:24,22220,2.95,6
12358,581232,2011/12/8,10:26,20679,5.95,24
12358,581232,2011/12/8,10:26,15056N,5.95,24
12358,581232,2011/12/8,10:26,15056BL,5.95,24
12358,581232,2011/12/8,10:26,15056P,5.95,12
12358,581232,2011/12/8,10:26,22059,0.39,24
12358,581232,2011/12/8,10:26,22646,0.39,36
12358,581232,2011/12/8,10:26,POST,40,4
12621,581266,2011/12/8,11:25,23561,2.89,12
12621,581266,2011/12/8,11:25,21576,2.25,6
12621,581266,2011/12/8,11:25,20719,0.85,10
12621,581266,2011/12/8,11:25,23388,4.15,4
12621,581266,2011/12/8,11:25,21507,0.42,12
12621,581266,2011/12/8,11:25,21519,0.42,12
12621,581266,2011/12/8,11:25,16169E,0.42,25
12621,581266,2011/12/8,11:25,22704,0.42,25
12621,581266,2011/12/8,11:25,22709,0.42,25
12621,581266,2011/12/8,11:25,23233,0.42,25
12621,581266,2011/12/8,11:25,23349,1.25,12
12621,581266,2011/12/8,11:25,23232,0.42,75
12621,581266,2011/12/8,11:25,22818,0.42,12
12621,581266,2011/12/8,11:25,22734,2.89,12
12621,581266,2011/12/8,11:25,22736,1.65,10
12621,581266,2011/12/8,11:25,22739,1.65,10
12621,581266,2011/12/8,11:25,22737,1.65,10
12621,581266,2011/12/8,11:25,22738,1.65,10
12621,581266,2011/12/8,11:25,22487,9.95,1
12621,581266,2011/12/8,11:25,22564,1.25,12
12621,581266,2011/12/8,11:25,22077,1.95,12
12621,581266,2011/12/8,11:25,22078,2.1,10
12621,581266,2011/12/8,11:25,22964,2.1,12
12621,581266,2011/12/8,11:25,84375,2.1,12
12621,581266,2011/12/8,11:25,23053,8.25,2
12621,581266,2011/12/8,11:25,23191,1.65,12
12621,581266,2011/12/8,11:25,22992,1.95,12
12621,581266,2011/12/8,11:25,21628,14.95,1
12621,581266,2011/12/8,11:25,22547,0.19,48
12621,581266,2011/12/8,11:25,22629,1.65,64
12621,581266,2011/12/8,11:25,84006,0.85,24
12621,581266,2011/12/8,11:25,22326,2.95,18
12621,581266,2011/12/8,11:25,22328,2.95,18
12621,581266,2011/12/8,11:25,17003,0.39,72
12621,581266,2011/12/8,11:25,22972,1.65,12
12621,581266,2011/12/8,11:25,21914,1.25,12
12621,581266,2011/12/8,11:25,21703,0.42,12
12621,581266,2011/12/8,11:25,21209,0.39,12
12621,581266,2011/12/8,11:25,21208,0.39,12
12621,581266,2011/12/8,11:25,21194,0.65,12
12621,581266,2011/12/8,11:25,16008,0.12,48
12621,581266,2011/12/8,11:25,85032C,0.65,12
12621,581266,2011/12/8,11:25,85032B,0.65,12
12621,581266,2011/12/8,11:25,22075,0.39,24
12621,581266,2011/12/8,11:25,22074,0.39,24
12621,581266,2011/12/8,11:25,22123,0.79,12
12621,581266,2011/12/8,11:25,22438,0.39,50
12621,581266,2011/12/8,11:25,23239,1.65,6
12621,581266,2011/12/8,11:25,23552,2.08,12
12621,581266,2011/12/8,11:25,23497,1.45,12
12621,581266,2011/12/8,11:25,23498,1.45,12
12621,581266,2011/12/8,11:25,23569,4.95,12
12621,581266,2011/12/8,11:25,23570,1.25,12
12621,581266,2011/12/8,11:25,23489,2.89,6
12621,581266,2011/12/8,11:25,23562,2.89,12
12621,581266,2011/12/8,11:25,23560,2.89,12
12621,581266,2011/12/8,11:25,POST,18,5
12437,581279,2011/12/8,11:35,22215,2.95,12
12437,581279,2011/12/8,11:35,22423,12.75,6
12437,581279,2011/12/8,11:35,POST,18,3
12748,581449,2011/12/8,17:37,23485,25,1
12748,581449,2011/12/8,17:37,23462,19.95,1
12748,581449,2011/12/8,17:37,23407,9.95,2
12748,581449,2011/12/8,17:37,22423,12.75,1
12748,581449,2011/12/8,17:37,22423,12.75,1
12748,581449,2011/12/8,17:37,22703,0.59,1
12748,581449,2011/12/8,17:37,22674,1.25,1
12748,581449,2011/12/8,17:37,23083,3.75,2
12748,581449,2011/12/8,17:37,23439,2.1,1
12748,581449,2011/12/8,17:37,22865,2.1,1
12748,581449,2011/12/8,17:37,22633,2.1,1
12748,581449,2011/12/8,17:37,22727,3.75,1
12748,581449,2011/12/8,17:37,23503,1.25,1
12748,581449,2011/12/8,17:37,23357,1.65,1
12748,581449,2011/12/8,17:37,85135C,7.95,1
12748,581449,2011/12/8,17:37,21770,4.95,1
12748,581449,2011/12/8,17:37,23083,3.75,1
12748,581449,2011/12/8,17:37,23562,2.89,2
12748,581449,2011/12/8,17:37,22109,3.75,1
12748,581473,2011/12/8,19:57,16237,0.21,1
12748,581473,2011/12/8,19:57,23300,1.65,1
12748,581473,2011/12/8,19:57,22554,1.65,1
12748,581473,2011/12/8,19:57,22419,0.42,1
12748,581473,2011/12/8,19:57,23207,1.65,2
12748,581473,2011/12/8,19:57,21944,0.39,3
12748,581473,2011/12/8,19:57,22529,0.42,1
12748,581473,2011/12/8,19:57,21786,0.42,1
12748,581473,2011/12/8,19:57,22992,1.95,1
12748,581473,2011/12/8,19:57,22865,2.1,1
12748,581473,2011/12/8,19:57,22030,0.42,12
12748,581473,2011/12/8,19:57,22990,1.95,1
12748,581473,2011/12/8,19:57,22989,3.25,1
12748,581473,2011/12/8,19:57,23198,1.45,1
12748,581473,2011/12/8,19:57,21055,8.95,1
12748,581473,2011/12/8,19:57,23344,2.08,2
12748,581473,2011/12/8,19:57,22190,0.39,1
12748,581473,2011/12/8,19:57,21832,1.65,1
12748,581473,2011/12/8,19:57,22208,0.83,1
12748,581473,2011/12/8,19:57,22086,2.95,3
12748,581473,2011/12/8,19:57,23352,1.25,1
12748,581473,2011/12/8,19:57,23351,1.25,1
12748,581473,2011/12/8,19:57,23007,16.95,1
12748,581473,2011/12/8,19:57,22130,0.85,6
12748,581473,2011/12/8,19:57,23080,8.25,1
12748,581473,2011/12/8,19:57,22845,6.35,1
12748,581473,2011/12/8,19:57,23320,1.25,2
12748,581473,2011/12/8,19:57,22108,1.25,1
12748,581473,2011/12/8,19:57,23295,0.83,1
12748,581473,2011/12/8,19:57,23296,1.25,1
12748,581473,2011/12/8,19:57,20718,1.25,1
12748,581473,2011/12/8,19:57,84012,0.85,1
12748,581474,2011/12/8,20:01,23351,1.25,1
12748,581474,2011/12/8,20:01,23352,1.25,1
12748,581474,2011/12/8,20:01,72819,1.25,1
12748,581474,2011/12/8,20:01,22744,0.79,1
12748,581474,2011/12/8,20:01,84509B,3.75,1
12748,581474,2011/12/8,20:01,20616,0.75,1
12748,581474,2011/12/8,20:01,22897,1.45,1
12748,581474,2011/12/8,20:01,21867,1.25,1
12748,581474,2011/12/8,20:01,20615,0.75,1
12748,581474,2011/12/8,20:01,20652,1.25,1
12748,581474,2011/12/8,20:01,16225,0.39,1
12748,581474,2011/12/8,20:01,22989,3.25,1
12748,581474,2011/12/8,20:01,23300,1.65,1
12748,581474,2011/12/8,20:01,22906,1.65,1
12748,581474,2011/12/8,20:01,23245,4.95,1
12748,581474,2011/12/8,20:01,20726,1.65,1
12748,581474,2011/12/8,20:01,23132,5.75,1
12748,581474,2011/12/8,20:01,21524,8.25,1
12748,581474,2011/12/8,20:01,22507,4.95,1
12748,581474,2011/12/8,20:01,21253,0.79,1
12748,581474,2011/12/8,20:01,22108,1.25,1
12748,581474,2011/12/8,20:01,22167,9.95,1
12748,581474,2011/12/8,20:01,21929,2.08,1
12748,581474,2011/12/8,20:01,20717,1.25,1
12433,581476,2011/12/9,8:48,23198,1.25,48
12433,581476,2011/12/9,8:48,23197,1.45,24
12433,581476,2011/12/9,8:48,23184,4.95,8
12433,581476,2011/12/9,8:48,23168,1.25,12
12433,581476,2011/12/9,8:48,23167,0.69,96
12433,581476,2011/12/9,8:48,23166,1.04,48
12433,581476,2011/12/9,8:48,23165,1.45,48
12433,581476,2011/12/9,8:48,23004,0.42,48
12433,581476,2011/12/9,8:48,23002,0.42,24
12433,581476,2011/12/9,8:48,23000,0.42,24
12433,581476,2011/12/9,8:48,22998,0.42,72
12433,581476,2011/12/9,8:48,22994,0.42,48
12433,581476,2011/12/9,8:48,22835,4.95,8
12433,581476,2011/12/9,8:48,22730,3.75,4
12433,581476,2011/12/9,8:48,22728,3.75,8
12433,581476,2011/12/9,8:48,22727,3.75,8
12433,581476,2011/12/9,8:48,22726,3.75,4
12433,581476,2011/12/9,8:48,22720,4.25,16
12433,581476,2011/12/9,8:48,22693,1.06,192
12433,581476,2011/12/9,8:48,22670,1.25,24
12433,581476,2011/12/9,8:48,22667,2.55,24
12433,581476,2011/12/9,8:48,22666,2.55,24
12433,581476,2011/12/9,8:48,22631,1.95,12
12433,581476,2011/12/9,8:48,22628,4.95,16
12433,581476,2011/12/9,8:48,22467,2.55,6
12433,581476,2011/12/9,8:48,22197,0.72,100
12433,581476,2011/12/9,8:48,22114,4.25,8
12433,581476,2011/12/9,8:48,22112,4.95,9
12433,581476,2011/12/9,8:48,21908,2.1,36
12433,581476,2011/12/9,8:48,21874,1.45,36
12433,581476,2011/12/9,8:48,21872,1.25,12
12433,581476,2011/12/9,8:48,21871,1.45,36
12433,581476,2011/12/9,8:48,21533,4.95,6
12433,581476,2011/12/9,8:48,21481,3.75,12
12433,581476,2011/12/9,8:48,21479,4.25,4
12433,581476,2011/12/9,8:48,21248,1.45,12
12433,581476,2011/12/9,8:48,21216,4.25,24
12433,581476,2011/12/9,8:48,21181,1.85,48
12433,581476,2011/12/9,8:48,21175,2.08,48
12433,581476,2011/12/9,8:48,21169,1.45,48
12433,581476,2011/12/9,8:48,21162,0.39,24
12433,581476,2011/12/9,8:48,21159,0.39,24
12433,581476,2011/12/9,8:48,21158,0.39,24
12433,581476,2011/12/9,8:48,21154,1.25,10
12433,581476,2011/12/9,8:48,16016,0.85,40
12433,581476,2011/12/9,8:48,16014,0.42,60
12433,581476,2011/12/9,8:48,16008,0.12,240
12433,581476,2011/12/9,8:48,85152,1.85,48
12433,581476,2011/12/9,8:48,84596F,0.42,32
12433,581476,2011/12/9,8:48,84596B,0.42,16
12433,581476,2011/12/9,8:48,84510A,1.25,20
12433,581476,2011/12/9,8:48,82600,1.85,48
12433,581476,2011/12/9,8:48,82581,0.55,48
12433,581476,2011/12/9,8:48,72760B,9.95,2
12433,581476,2011/12/9,8:48,72232,0.19,144
12433,581476,2011/12/9,8:48,47559B,1.25,10
12433,581476,2011/12/9,8:48,47504H,0.79,36
12433,581476,2011/12/9,8:48,23493,1.95,30
12433,581476,2011/12/9,8:48,23430,8.15,2
12433,581476,2011/12/9,8:48,23429,8.15,2
12433,581476,2011/12/9,8:48,23428,8.15,2
12433,581476,2011/12/9,8:48,23358,1.25,18
12433,581476,2011/12/9,8:48,23293,0.83,32
12433,581476,2011/12/9,8:48,23243,4.95,12
12433,581476,2011/12/9,8:48,23240,4.15,6
12433,581491,2011/12/9,10:02,23571,1.65,12
12423,581493,2011/12/9,10:10,79190B,0.42,15
12423,581493,2011/12/9,10:10,79190A,0.42,15
12423,581493,2011/12/9,10:10,22915,0.42,12
12423,581493,2011/12/9,10:10,22151,0.42,24
12423,581493,2011/12/9,10:10,22632,2.1,12
12423,581493,2011/12/9,10:10,22865,2.1,12
12423,581493,2011/12/9,10:10,20718,1.25,10
12423,581493,2011/12/9,10:10,79191B,0.85,12
12423,581493,2011/12/9,10:10,71459,0.85,12
12423,581493,2011/12/9,10:10,84945,0.85,12
12423,581493,2011/12/9,10:10,22356,0.85,10
12423,581493,2011/12/9,10:10,20724,0.85,10
12423,581493,2011/12/9,10:10,23204,0.85,10
12423,581493,2011/12/9,10:10,21108,0.79,18
12423,581493,2011/12/9,10:10,22252,1.25,12
12423,581493,2011/12/9,10:10,22807,2.95,6
12423,581493,2011/12/9,10:10,POST,15,1
12518,581494,2011/12/9,10:13,23084,1.79,24
12518,581494,2011/12/9,10:13,21559,2.55,6
12518,581494,2011/12/9,10:13,21506,0.42,12
12518,581494,2011/12/9,10:13,22716,0.42,12
12518,581494,2011/12/9,10:13,22556,1.65,12
12518,581494,2011/12/9,10:13,22328,2.95,6
12518,581494,2011/12/9,10:13,22730,3.75,4
12518,581494,2011/12/9,10:13,22633,2.1,12
12518,581494,2011/12/9,10:13,22326,2.95,6
12518,581494,2011/12/9,10:13,10125,0.85,20
12518,581494,2011/12/9,10:13,23367,0.65,24
12518,581494,2011/12/9,10:13,22551,1.65,12
12518,581494,2011/12/9,10:13,22554,1.65,12
12518,581494,2011/12/9,10:13,22549,1.45,12
12518,581494,2011/12/9,10:13,23388,4.15,4
12518,581494,2011/12/9,10:13,23390,4.15,4
12518,581494,2011/12/9,10:13,23389,4.15,4
12518,581494,2011/12/9,10:13,POST,18,2
12662,581570,2011/12/9,11:59,22141,2.1,6
12662,581570,2011/12/9,11:59,22175,2.95,6
12662,581570,2011/12/9,11:59,21481,3.75,4
12662,581570,2011/12/9,11:59,23570,1.25,12
12662,581570,2011/12/9,11:59,22326,2.95,6
12662,581570,2011/12/9,11:59,22331,1.65,8
12662,581570,2011/12/9,11:59,22834,2.1,12
12662,581570,2011/12/9,11:59,21914,1.25,12
12662,581570,2011/12/9,11:59,22139,4.95,3
12662,581570,2011/12/9,11:59,23077,1.25,20
12662,581570,2011/12/9,11:59,20750,7.95,2
12662,581570,2011/12/9,11:59,22505,4.95,4
12662,581570,2011/12/9,11:59,POST,18,1
12526,581574,2011/12/9,12:09,22326,2.95,6
12526,581574,2011/12/9,12:09,22328,2.95,6
12526,581574,2011/12/9,12:09,23199,2.08,10
12526,581574,2011/12/9,12:09,23581,2.08,10
12526,581574,2011/12/9,12:09,23238,4.15,6
12526,581574,2011/12/9,12:09,23237,4.15,6
12526,581574,2011/12/9,12:09,21257,7.95,2
12526,581574,2011/12/9,12:09,21258,12.75,2
12526,581574,2011/12/9,12:09,23111,12.5,2
12526,581574,2011/12/9,12:09,22077,1.95,12
12526,581574,2011/12/9,12:09,22074,0.39,12
12526,581574,2011/12/9,12:09,22621,1.65,12
12526,581574,2011/12/9,12:09,POST,18,2
12713,581578,2011/12/9,12:16,POST,18,3
12713,581578,2011/12/9,12:16,21124,1.25,24
12713,581578,2011/12/9,12:16,21122,1.25,24
12713,581578,2011/12/9,12:16,21121,1.25,24
12713,581578,2011/12/9,12:16,23389,4.15,4
12713,581578,2011/12/9,12:16,22556,1.65,12
12713,581578,2011/12/9,12:16,22976,1.25,12
12713,581578,2011/12/9,12:16,23255,4.15,12
12713,581578,2011/12/9,12:16,84997D,4.15,8
12713,581578,2011/12/9,12:16,84997B,4.15,8
12713,581578,2011/12/9,12:16,84997C,4.15,8
12713,581578,2011/12/9,12:16,22555,1.65,12
12713,581578,2011/12/9,12:16,21914,1.25,12
12713,581578,2011/12/9,12:16,22549,1.45,24
12713,581578,2011/12/9,12:16,21918,0.42,24
12713,581578,2011/12/9,12:16,22992,1.95,12
12713,581578,2011/12/9,12:16,22991,1.95,12
12713,581578,2011/12/9,12:16,23229,3.75,6
12713,581578,2011/12/9,12:16,22622,11.95,6
12713,581578,2011/12/9,12:16,21506,0.42,12
12713,581578,2011/12/9,12:16,21507,0.42,12
12713,581578,2011/12/9,12:16,23037,1.65,12
12713,581578,2011/12/9,12:16,23550,0.42,25
12713,581578,2011/12/9,12:16,22711,0.42,25
12713,581578,2011/12/9,12:16,21497,0.42,25
12713,581578,2011/12/9,12:16,22704,0.42,25
12713,581578,2011/12/9,12:16,22585,1.25,12
12713,581578,2011/12/9,12:16,23205,0.85,10
12713,581578,2011/12/9,12:16,23201,2.08,10
12713,581578,2011/12/9,12:16,23515,2.08,6
12713,581578,2011/12/9,12:16,22081,1.65,10
12713,581578,2011/12/9,12:16,22080,1.65,10
12713,581578,2011/12/9,12:16,23298,4.95,9
12713,581578,2011/12/9,12:16,22993,1.25,12
12713,581578,2011/12/9,12:16,22907,0.85,12
12713,581578,2011/12/9,12:16,22908,0.85,12
12713,581578,2011/12/9,12:16,23215,2.08,12
12713,581578,2011/12/9,12:16,22736,1.65,10
12748,581580,2011/12/9,12:20,23334,0.63,4
12748,581580,2011/12/9,12:20,21790,0.85,1
12748,581580,2011/12/9,12:20,84993A,0.42,2
12748,581580,2011/12/9,12:20,22906,1.65,1
12748,581580,2011/12/9,12:20,21803,0.42,2
12748,581580,2011/12/9,12:20,21809,0.39,2
12748,581580,2011/12/9,12:20,20974,0.65,1
12748,581580,2011/12/9,12:20,23338,2.08,1
12748,581580,2011/12/9,12:20,85049A,1.25,1
12748,581580,2011/12/9,12:20,23126,4.95,1
12748,581580,2011/12/9,12:20,22695,0.59,1
12748,581580,2011/12/9,12:20,22144,2.1,1
12748,581580,2011/12/9,12:20,22908,0.85,2
12748,581580,2011/12/9,12:20,22894,9.95,2
12748,581580,2011/12/9,12:20,22704,0.42,25
12748,581580,2011/12/9,12:20,22721,1.95,1
12748,581580,2011/12/9,12:20,22816,0.42,24
12748,581580,2011/12/9,12:20,85049E,1.25,2
12748,581580,2011/12/9,12:20,22075,0.39,2
12748,581580,2011/12/9,12:20,21351,6.75,1
12748,581580,2011/12/9,12:20,22698,2.95,1
12748,581580,2011/12/9,12:20,22567,1.45,1
12748,581580,2011/12/9,12:20,79321,5.75,2
12748,581580,2011/12/9,12:20,37500,4.95,1
12680,581587,2011/12/9,12:50,22631,1.95,12
12680,581587,2011/12/9,12:50,22556,1.65,12
12680,581587,2011/12/9,12:50,22555,1.65,12
12680,581587,2011/12/9,12:50,22728,3.75,4
12680,581587,2011/12/9,12:50,22727,3.75,4
12680,581587,2011/12/9,12:50,22726,3.75,4
12680,581587,2011/12/9,12:50,22730,3.75,4
12680,581587,2011/12/9,12:50,22367,1.95,8
12680,581587,2011/12/9,12:50,22629,1.95,12
12680,581587,2011/12/9,12:50,23256,4.15,4
12680,581587,2011/12/9,12:50,22613,0.85,12
12680,581587,2011/12/9,12:50,22899,2.1,6
12680,581587,2011/12/9,12:50,23254,4.15,4
12680,581587,2011/12/9,12:50,23255,4.15,4
12680,581587,2011/12/9,12:50,22138,4.95,3
