12712,542782,2011/2/1,10:00,20702,4.25,6
12712,542782,2011/2/1,10:00,22173,2.95,8
12712,542782,2011/2/1,10:00,22320,5.95,3
12712,542782,2011/2/1,10:00,22171,8.5,4
12712,542782,2011/2/1,10:00,22168,8.5,2
12712,542782,2011/2/1,10:00,82494L,2.95,12
12712,542782,2011/2/1,10:00,22763,9.95,2
12712,542782,2011/2/1,10:00,22957,2.95,12
12712,542782,2011/2/1,10:00,22788,9.95,4
12712,542782,2011/2/1,10:00,22914,4.95,6
12712,542782,2011/2/1,10:00,POST,18,2
12836,542806,2011/2/1,11:19,48194,7.95,1
12836,542806,2011/2/1,11:19,21524,7.95,1
12836,542806,2011/2/1,11:19,22365,7.95,2
12836,542806,2011/2/1,11:19,48188,7.95,2
12836,542806,2011/2/1,11:20,22692,7.95,2
12836,542806,2011/2/1,11:20,22788,9.95,2
12836,542806,2011/2/1,11:20,22511,3.75,2
12836,542806,2011/2/1,11:20,22468,6.75,5
12836,542806,2011/2/1,11:20,21733,2.95,6
12836,542806,2011/2/1,11:20,22510,3.75,2
12836,542806,2011/2/1,11:20,22821,0.65,12
12836,542806,2011/2/1,11:20,84247G,0.42,24
12836,542806,2011/2/1,11:20,21735,12.75,2
12836,542806,2011/2/1,11:20,82484,6.45,6
12836,542806,2011/2/1,11:20,22457,2.95,6
12836,542806,2011/2/1,11:20,21272,1.25,12
12836,542806,2011/2/1,11:20,22189,3.95,10
12836,542806,2011/2/1,11:20,22770,14.95,2
12836,542806,2011/2/1,11:20,22767,9.95,2
12836,542806,2011/2/1,11:20,82494L,2.95,12
12836,542806,2011/2/1,11:20,85066,12.75,4
12836,542806,2011/2/1,11:20,22456,4.95,1
12836,542806,2011/2/1,11:20,22173,2.95,8
12836,542806,2011/2/1,11:20,22567,1.25,2
12836,542806,2011/2/1,11:20,22558,1.49,3
12836,542806,2011/2/1,11:20,22844,8.5,1
12836,542806,2011/2/1,11:20,85184C,2.95,4
12836,542806,2011/2/1,11:20,84818,2.55,6
12836,542806,2011/2/1,11:20,22794,7.95,2
12836,542806,2011/2/1,11:20,22914,4.95,6
12836,542806,2011/2/1,11:20,22795,6.75,2
12836,542806,2011/2/1,11:20,22847,16.95,2
12836,542806,2011/2/1,11:20,22912,4.95,6
12836,542806,2011/2/1,11:20,22295,1.65,12
12836,542806,2011/2/1,11:20,21985,0.29,36
12836,542806,2011/2/1,11:20,21485,4.95,4
12836,542806,2011/2/1,11:20,22113,3.75,5
12836,542806,2011/2/1,11:20,85123A,2.55,33
12836,542806,2011/2/1,11:20,21755,5.95,10
12373,542887,2011/2/1,13:10,20713,1.95,10
12373,542887,2011/2/1,13:10,21931,1.95,20
12373,542887,2011/2/1,13:10,22553,1.65,12
12373,542887,2011/2/1,13:10,20724,0.85,30
12373,542887,2011/2/1,13:10,20719,0.85,20
12373,542887,2011/2/1,13:10,20726,1.65,20
12373,542887,2011/2/1,13:10,22328,2.95,6
12373,542887,2011/2/1,13:10,20712,1.95,20
12373,542887,2011/2/1,13:10,22326,2.95,12
12373,542887,2011/2/1,13:10,21481,2.95,6
12373,542887,2011/2/1,13:10,85099B,1.95,10
12373,542887,2011/2/1,13:10,22356,0.85,10
12373,542887,2011/2/1,13:10,20728,1.65,20
12373,542887,2011/2/1,13:10,POST,40,1
12775,542894,2011/2/1,13:45,35961,0.85,24
12775,542894,2011/2/1,13:45,21386,0.85,12
12775,542894,2011/2/1,13:45,21389,0.85,12
12775,542894,2011/2/1,13:45,22291,1.45,24
12775,542894,2011/2/1,13:45,22831,2.95,6
12775,542894,2011/2/1,13:45,22690,7.95,2
12775,542894,2011/2/1,13:45,22055,1.65,8
12775,542894,2011/2/1,13:45,22776,9.95,1
12775,542894,2011/2/1,13:45,85017B,0.85,12
12775,542894,2011/2/1,13:45,48187,7.95,2
12775,542894,2011/2/1,13:45,84406B,3.25,8
12775,542894,2011/2/1,13:45,POST,15,2
12682,542904,2011/2/1,14:58,15056BL,5.95,15
12682,542904,2011/2/1,14:58,15056N,5.95,3
12682,542904,2011/2/1,14:58,20679,5.95,3
12682,542904,2011/2/1,14:58,21936,2.95,5
12682,542904,2011/2/1,14:58,22384,1.65,10
12682,542904,2011/2/1,14:58,22383,1.65,10
12682,542904,2011/2/1,14:58,20712,1.95,10
12682,542904,2011/2/1,14:58,22859,1.65,6
12682,542904,2011/2/1,14:58,22894,8.5,2
12682,542904,2011/2/1,14:58,22242,1.65,12
12682,542904,2011/2/1,14:58,22352,2.55,6
12682,542904,2011/2/1,14:58,22077,1.65,12
12682,542904,2011/2/1,14:58,22630,1.95,12
12682,542904,2011/2/1,14:58,22423,12.75,1
12682,542904,2011/2/1,14:58,22243,1.65,24
12682,542904,2011/2/1,14:58,21731,1.65,24
12682,542904,2011/2/1,14:58,22961,1.45,36
12682,542904,2011/2/1,14:58,22937,2.55,6
12682,542904,2011/2/1,14:58,POST,18,3
12540,542905,2011/2/1,15:11,23231,0.42,25
12540,542905,2011/2/1,15:11,23230,0.42,25
12540,542905,2011/2/1,15:11,84378,1.25,12
12540,542905,2011/2/1,15:11,22715,0.42,24
12540,542905,2011/2/1,15:11,84879,1.69,40
12540,542905,2011/2/1,15:11,22622,9.95,6
12540,542905,2011/2/1,15:11,21914,1.25,12
12540,542905,2011/2/1,15:11,21915,1.25,12
12540,542905,2011/2/1,15:11,21889,1.25,12
12540,542905,2011/2/1,15:11,84988,1.45,12
12540,542905,2011/2/1,15:11,21908,2.1,12
12540,542905,2011/2/1,15:11,POST,28,1
12676,542911,2011/2/1,15:41,47590B,5.45,21
12676,542911,2011/2/1,15:41,21380,2.95,18
12676,542911,2011/2/1,15:41,22964,2.1,6
12676,542911,2011/2/1,15:41,22938,1.95,12
12676,542911,2011/2/1,15:41,23230,0.42,25
12676,542911,2011/2/1,15:41,22435,1.25,48
12676,542911,2011/2/1,15:41,21499,0.42,25
12676,542911,2011/2/1,15:41,21500,0.42,25
12676,542911,2011/2/1,15:41,47590A,5.45,21
12676,542911,2011/2/1,15:41,POST,40,1
12676,542911,2011/2/1,15:41,21124,1.25,24
12676,542911,2011/2/1,15:41,21122,1.25,24
12682,542922,2011/2/2,9:06,15056N,5.95,3
12682,542922,2011/2/2,9:06,22976,1.25,12
12682,542922,2011/2/2,9:06,22551,1.65,12
12682,542922,2011/2/2,9:06,22328,2.95,6
12682,542922,2011/2/2,9:06,20679,5.95,9
12682,542922,2011/2/2,9:06,22915,0.42,12
12682,542922,2011/2/2,9:06,22352,2.55,12
12682,542922,2011/2/2,9:06,22966,1.25,12
12682,542922,2011/2/2,9:06,22554,1.65,12
12682,542922,2011/2/2,9:06,22423,12.75,3
12682,542922,2011/2/2,9:06,15056BL,5.95,15
12682,542922,2011/2/2,9:06,85014B,5.95,3
12682,542922,2011/2/2,9:06,22384,1.65,10
12682,542922,2011/2/2,9:06,20725,1.65,10
12682,542922,2011/2/2,9:06,22556,1.65,12
12682,542922,2011/2/2,9:06,21558,2.55,6
12682,542922,2011/2/2,9:06,21559,2.55,6
12682,542922,2011/2/2,9:06,20750,7.95,4
12682,542922,2011/2/2,9:06,POST,18,2
12559,542926,2011/2/2,9:49,22899,2.1,36
12414,543027,2011/2/2,14:51,17003,0.21,36
12414,543027,2011/2/2,14:51,22556,1.65,12
12414,543027,2011/2/2,14:51,22551,1.65,12
12414,543027,2011/2/2,14:51,22557,1.65,12
12414,543027,2011/2/2,14:51,20974,0.65,24
12414,543027,2011/2/2,14:51,20975,0.65,48
12414,543027,2011/2/2,14:51,POST,40,1
12437,543030,2011/2/2,15:22,22693,1.25,24
12437,543030,2011/2/2,15:22,21086,0.65,24
12437,543030,2011/2/2,15:22,21094,0.85,12
12437,543030,2011/2/2,15:22,22437,0.85,20
12437,543030,2011/2/2,15:22,84077,0.29,48
12437,543030,2011/2/2,15:22,22027,0.42,12
12437,543030,2011/2/2,15:22,21062,0.85,12
12437,543030,2011/2/2,15:22,16012,0.21,24
12437,543030,2011/2/2,15:22,22356,0.85,30
12437,543030,2011/2/2,15:22,POST,18,1
12350,543037,2011/2/2,16:01,21908,2.1,12
12350,543037,2011/2/2,16:01,22412,2.1,12
12350,543037,2011/2/2,16:01,79066K,0.85,10
12350,543037,2011/2/2,16:01,79191C,0.85,12
12350,543037,2011/2/2,16:01,22348,0.85,24
12350,543037,2011/2/2,16:01,84086C,2.95,6
12350,543037,2011/2/2,16:01,22551,1.65,12
12350,543037,2011/2/2,16:01,22557,1.65,12
12350,543037,2011/2/2,16:01,21832,1.65,12
12350,543037,2011/2/2,16:01,21915,1.25,12
12350,543037,2011/2/2,16:01,22620,1.25,12
12350,543037,2011/2/2,16:01,21171,1.45,12
12350,543037,2011/2/2,16:01,POST,40,1
12350,543037,2011/2/2,16:01,21864,2.1,12
12350,543037,2011/2/2,16:01,21866,1.25,12
12350,543037,2011/2/2,16:01,20652,1.25,12
12350,543037,2011/2/2,16:01,20615,2.1,12
12600,543048,2011/2/3,9:58,POST,18,3
12600,543048,2011/2/3,9:58,84536A,0.42,16
12600,543048,2011/2/3,9:58,84879,1.69,8
12600,543048,2011/2/3,9:58,22474,4.95,3
12600,543048,2011/2/3,9:58,22471,4.95,3
12600,543048,2011/2/3,9:58,22178,1.25,12
12600,543048,2011/2/3,9:58,20679,5.95,12
12600,543048,2011/2/3,9:58,85014B,4.95,48
12502,543055,2011/2/3,10:41,22215,8.5,2
12502,543055,2011/2/3,10:41,22423,12.75,6
12502,543055,2011/2/3,10:41,22699,2.95,6
12502,543055,2011/2/3,10:41,71406C,0.42,10
12502,543055,2011/2/3,10:41,22625,8.5,2
12502,543055,2011/2/3,10:41,22425,4.95,3
12502,543055,2011/2/3,10:41,22427,5.95,3
12502,543055,2011/2/3,10:41,21318,1.65,6
12502,543055,2011/2/3,10:41,21319,1.65,6
12502,543055,2011/2/3,10:41,21654,1.45,12
12502,543055,2011/2/3,10:41,85141,10.75,1
12502,543055,2011/2/3,10:41,21658,3.95,4
12502,543055,2011/2/3,10:41,21156,1.95,8
12502,543055,2011/2/3,10:41,22567,1.25,12
12502,543055,2011/2/3,10:41,84711A,9.95,2
12502,543055,2011/2/3,10:41,22781,7.65,2
12502,543055,2011/2/3,10:41,82494L,2.95,6
12502,543055,2011/2/3,10:41,82482,2.55,6
12502,543055,2011/2/3,10:41,20902,6.35,2
12502,543055,2011/2/3,10:41,21523,7.95,2
12502,543055,2011/2/3,10:41,48184,7.95,2
12502,543055,2011/2/3,10:41,22449,3.35,6
12502,543055,2011/2/3,10:41,22497,4.25,4
12502,543055,2011/2/3,10:41,84678,2.55,6
12502,543055,2011/2/3,10:41,20801,2.55,6
12502,543055,2011/2/3,10:41,79051A,0.65,12
12502,543055,2011/2/3,10:41,79000,0.85,12
12502,543055,2011/2/3,10:41,22891,4.25,3
12502,543055,2011/2/3,10:41,22195,1.65,12
12502,543055,2011/2/3,10:41,22222,4.95,3
12502,543055,2011/2/3,10:41,POST,28,4
12471,543056,2011/2/3,10:47,84988,1.45,12
12471,543056,2011/2/3,10:47,21232,1.25,24
12471,543056,2011/2/3,10:47,21231,1.25,12
12471,543056,2011/2/3,10:47,22077,1.65,12
12471,543056,2011/2/3,10:47,22472,4.95,6
12471,543056,2011/2/3,10:47,22445,2.95,6
12471,543056,2011/2/3,10:47,22649,4.95,16
12471,543056,2011/2/3,10:47,22752,8.5,6
12471,543056,2011/2/3,10:47,22744,2.95,6
12471,543056,2011/2/3,10:47,22743,2.95,6
12471,543056,2011/2/3,10:47,22728,3.75,12
12471,543056,2011/2/3,10:47,22968,9.95,6
12471,543056,2011/2/3,10:47,22423,10.95,32
12471,543056,2011/2/3,10:47,22720,4.95,12
12471,543056,2011/2/3,10:47,22913,4.95,6
12471,543056,2011/2/3,10:47,POST,18,6
12464,543117,2011/2/3,13:30,22846,14.95,4
12464,543117,2011/2/3,13:30,22847,14.95,4
12464,543117,2011/2/3,13:30,22467,2.55,6
12464,543117,2011/2/3,13:30,22625,8.5,2
12464,543117,2011/2/3,13:30,22624,8.5,2
12464,543117,2011/2/3,13:30,POST,15,3
12662,543121,2011/2/3,13:58,20750,7.95,4
12662,543121,2011/2/3,13:58,22326,2.95,6
12662,543121,2011/2/3,13:58,22090,2.95,6
12662,543121,2011/2/3,13:58,22176,2.95,6
12662,543121,2011/2/3,13:58,22319,0.65,12
12662,543121,2011/2/3,13:58,21914,1.25,12
12662,543121,2011/2/3,13:58,21481,2.95,12
12662,543121,2011/2/3,13:58,21892,1.25,12
12662,543121,2011/2/3,13:58,22745,2.1,6
12662,543121,2011/2/3,13:58,90037B,2.55,6
12662,543121,2011/2/3,13:58,90098,2.55,6
12662,543121,2011/2/3,13:58,22328,2.95,6
12662,543121,2011/2/3,13:58,22976,1.25,12
12662,543121,2011/2/3,13:58,22711,0.42,25
12662,543121,2011/2/3,13:58,21503,0.42,25
12662,543121,2011/2/3,13:58,22231,1.45,12
12662,543121,2011/2/3,13:58,20719,0.85,10
12662,543121,2011/2/3,13:58,22505,4.95,4
12662,543121,2011/2/3,13:58,POST,18,2
12754,543179,2011/2/4,10:31,22407,1.25,1
12754,543179,2011/2/4,10:31,22406,1.25,1
12754,543179,2011/2/4,10:31,22405,1.25,1
12754,543179,2011/2/4,10:31,21745,3.75,1
12754,543179,2011/2/4,10:31,22496,2.95,1
12754,543179,2011/2/4,10:31,22495,2.95,1
12754,543179,2011/2/4,10:31,22494,1.25,1
12754,543179,2011/2/4,10:31,22258,1.25,1
12754,543179,2011/2/4,10:31,22257,1.25,1
12754,543179,2011/2/4,10:31,22256,1.25,1
12754,543179,2011/2/4,10:31,22268,0.85,1
12754,543179,2011/2/4,10:31,22267,1.25,1
12754,543179,2011/2/4,10:31,10002,0.85,1
12754,543179,2011/2/4,10:31,84077,0.29,1
12754,543179,2011/2/4,10:32,22620,1.25,1
12754,543179,2011/2/4,10:32,22492,0.65,1
12754,543179,2011/2/4,10:32,22546,0.42,1
12754,543179,2011/2/4,10:32,22544,0.42,1
12754,543179,2011/2/4,10:32,22543,0.42,1
12754,543179,2011/2/4,10:32,22541,0.42,1
12754,543179,2011/2/4,10:32,22540,0.42,1
12754,543179,2011/2/4,10:32,22539,0.42,1
12754,543179,2011/2/4,10:32,22536,0.42,1
12754,543179,2011/2/4,10:32,22534,0.42,1
12754,543179,2011/2/4,10:32,22533,0.42,1
12754,543179,2011/2/4,10:32,22532,0.42,1
12754,543179,2011/2/4,10:32,22531,0.42,1
12754,543179,2011/2/4,10:32,22561,1.65,1
12754,543179,2011/2/4,10:32,22489,0.42,1
12754,543179,2011/2/4,10:32,22558,1.49,1
12754,543179,2011/2/4,10:32,22567,1.25,1
12754,543179,2011/2/4,10:32,22364,2.95,1
12754,543179,2011/2/4,10:32,22360,2.95,1
12754,543179,2011/2/4,10:32,22359,2.95,1
12754,543179,2011/2/4,10:32,22410,1.25,1
12754,543179,2011/2/4,10:32,22409,1.25,1
12754,543179,2011/2/4,10:32,22408,1.25,1
12410,543180,2011/2/4,10:38,22625,8.5,2
12410,543180,2011/2/4,10:38,22627,8.5,4
12410,543180,2011/2/4,10:38,22626,8.5,4
12410,543180,2011/2/4,10:38,22674,1.25,12
12410,543180,2011/2/4,10:38,22672,1.65,24
12410,543180,2011/2/4,10:38,22675,1.25,24
12410,543180,2011/2/4,10:38,21218,3.75,6
12410,543180,2011/2/4,10:38,22624,8.5,2
12410,543180,2011/2/4,10:38,22423,12.75,2
12410,543180,2011/2/4,10:38,84988,1.45,12
12410,543180,2011/2/4,10:38,21974,1.45,12
12410,543180,2011/2/4,10:38,22957,2.95,6
12410,543180,2011/2/4,10:38,22967,2.95,6
12410,543180,2011/2/4,10:38,20749,7.95,4
12410,543180,2011/2/4,10:38,20750,7.95,4
12410,543180,2011/2/4,10:38,22242,1.65,12
12410,543180,2011/2/4,10:38,22243,1.65,12
12410,543180,2011/2/4,10:38,22914,4.95,3
12410,543180,2011/2/4,10:38,82552,1.45,12
12410,543180,2011/2/4,10:38,22670,1.25,12
12410,543180,2011/2/4,10:38,21916,0.42,24
12410,543180,2011/2/4,10:38,POST,40,4
12410,543181,2011/2/4,10:39,22191,8.5,2
12410,543181,2011/2/4,10:39,22192,8.5,2
12410,543181,2011/2/4,10:39,22193,8.5,2
12410,543181,2011/2/4,10:39,22194,8.5,2
12567,543188,2011/2/4,11:45,22727,3.75,8
12567,543188,2011/2/4,11:45,22726,3.75,8
12567,543188,2011/2/4,11:45,22728,3.75,8
12567,543188,2011/2/4,11:45,22729,3.75,8
12567,543188,2011/2/4,11:45,22725,3.75,8
12567,543188,2011/2/4,11:45,21156,1.95,8
12567,543188,2011/2/4,11:45,22367,1.95,8
12567,543188,2011/2/4,11:45,22138,4.95,6
12567,543188,2011/2/4,11:45,22617,4.95,6
12567,543188,2011/2/4,11:45,21218,3.75,6
12567,543188,2011/2/4,11:45,22720,4.95,3
12567,543188,2011/2/4,11:45,22938,1.95,12
12567,543188,2011/2/4,11:45,22417,0.55,24
12567,543188,2011/2/4,11:45,22136,1.65,12
12567,543188,2011/2/4,11:45,22558,1.49,12
12567,543188,2011/2/4,11:45,20725,1.65,10
12567,543188,2011/2/4,11:45,20726,1.65,10
12567,543188,2011/2/4,11:45,21559,2.55,6
12567,543188,2011/2/4,11:45,22382,1.65,10
12567,543188,2011/2/4,11:45,22662,1.65,10
12567,543188,2011/2/4,11:45,21086,0.65,12
12567,543188,2011/2/4,11:45,21080,0.85,12
12567,543188,2011/2/4,11:45,22613,0.85,12
12567,543188,2011/2/4,11:45,21212,0.55,24
12567,543188,2011/2/4,11:45,15036,0.75,12
12567,543188,2011/2/4,11:45,20658,1.25,12
12567,543188,2011/2/4,11:45,20682,3.25,6
12567,543188,2011/2/4,11:45,20684,3.25,6
12567,543188,2011/2/4,11:45,85014B,5.95,6
12567,543188,2011/2/4,11:45,85014A,5.95,6
12567,543188,2011/2/4,11:45,22361,2.95,6
12567,543188,2011/2/4,11:45,21696,2.95,6
12567,543188,2011/2/4,11:45,21439,1.25,12
12567,543188,2011/2/4,11:45,22857,0.85,12
12567,543188,2011/2/4,11:45,22858,1.65,6
12567,543188,2011/2/4,11:45,22861,1.65,6
12567,543188,2011/2/4,11:45,22960,4.25,6
12567,543188,2011/2/4,11:45,22961,1.45,12
12567,543188,2011/2/4,11:45,22962,0.85,12
12567,543188,2011/2/4,11:45,22963,0.85,12
12567,543188,2011/2/4,11:45,22077,1.65,12
12567,543188,2011/2/4,11:45,85049D,1.25,12
12567,543188,2011/2/4,11:45,22492,0.65,36
12567,543188,2011/2/4,11:45,22090,2.95,6
12567,543188,2011/2/4,11:45,21936,2.95,10
12567,543188,2011/2/4,11:45,21094,0.85,12
12567,543188,2011/2/4,11:45,79030G,1.65,6
12567,543188,2011/2/4,11:45,22302,2.55,6
12567,543188,2011/2/4,11:45,22303,2.55,6
12567,543188,2011/2/4,11:45,22699,2.95,6
12567,543188,2011/2/4,11:45,22907,0.85,12
12567,543188,2011/2/4,11:45,84012,2.55,12
12567,543188,2011/2/4,11:45,21731,1.65,12
12567,543188,2011/2/4,11:45,21914,1.25,12
12567,543188,2011/2/4,11:45,21915,1.25,12
12567,543188,2011/2/4,11:45,22620,1.25,12
12567,543188,2011/2/4,11:45,21716,2.55,8
12567,543188,2011/2/4,11:45,21715,2.55,8
12567,543188,2011/2/4,11:45,85032C,2.1,6
12567,543188,2011/2/4,11:45,21039,2.55,6
12567,543188,2011/2/4,11:45,21746,1.25,12
12567,543188,2011/2/4,11:45,21749,2.1,6
12567,543188,2011/2/4,11:45,POST,18,6
12842,543197,2011/2/4,12:36,22917,0.65,12
12842,543197,2011/2/4,12:36,22916,0.65,12
12842,543197,2011/2/4,12:36,22921,0.65,12
12842,543197,2011/2/4,12:36,22920,0.65,12
12842,543197,2011/2/4,12:36,22919,0.65,12
12842,543197,2011/2/4,12:36,22918,0.65,12
12842,543197,2011/2/4,12:36,22929,65,1
12842,543197,2011/2/4,12:36,85066,12.75,2
12842,543197,2011/2/4,12:36,22704,0.42,25
12842,543197,2011/2/4,12:36,22035,0.42,24
12842,543197,2011/2/4,12:36,22933,2.95,12
12842,543197,2011/2/4,12:36,22760,10.95,6
12842,543197,2011/2/4,12:36,35004C,5.45,3
12842,543197,2011/2/4,12:36,22087,2.95,12
12779,543214,2011/2/4,13:19,22720,4.25,24
12779,543214,2011/2/4,13:19,22722,3.45,24
12779,543214,2011/2/4,13:19,22173,2.95,8
12779,543214,2011/2/4,13:19,22845,6.35,4
12779,543214,2011/2/4,13:19,22169,8.5,2
12779,543214,2011/2/4,13:19,22690,7.95,2
12779,543214,2011/2/4,13:19,20726,1.65,10
12779,543214,2011/2/4,13:19,21232,1.25,12
12779,543214,2011/2/4,13:19,22989,3.25,12
12388,543357,2011/2/7,13:59,84978,1.25,12
12388,543357,2011/2/7,13:59,22960,4.25,6
12388,543357,2011/2/7,13:59,47590B,5.45,3
12388,543357,2011/2/7,13:59,47566,4.95,4
12388,543357,2011/2/7,13:59,22087,2.95,6
12388,543357,2011/2/7,13:59,22720,4.95,6
12359,543370,2011/2/7,14:51,22692,7.95,2
12359,543370,2011/2/7,14:51,22918,0.65,12
12359,543370,2011/2/7,14:51,21912,3.75,4
12359,543370,2011/2/7,14:51,21754,5.95,3
12359,543370,2011/2/7,14:51,21755,5.95,3
12359,543370,2011/2/7,14:51,21756,5.95,3
12359,543370,2011/2/7,14:51,22917,0.65,12
12359,543370,2011/2/7,14:51,22919,0.65,12
12359,543370,2011/2/7,14:51,22920,0.65,12
12359,543370,2011/2/7,14:51,22709,0.42,25
12359,543370,2011/2/7,14:51,23230,0.42,25
12359,543370,2011/2/7,14:51,22411,1.95,10
12359,543370,2011/2/7,14:51,22827,145,2
12359,543370,2011/2/7,14:51,22722,3.95,4
12359,543370,2011/2/7,14:51,22914,4.95,3
12359,543370,2011/2/7,14:51,22912,4.95,3
12359,543370,2011/2/7,14:51,22385,1.95,10
12359,543370,2011/2/7,14:51,22555,1.65,12
12359,543370,2011/2/7,14:51,22556,1.65,12
12359,543370,2011/2/7,14:51,22652,1.65,10
12359,543370,2011/2/7,14:51,22494,1.25,12
12359,543370,2011/2/7,14:51,22659,1.95,12
12359,543370,2011/2/7,14:51,22616,0.29,24
12359,543370,2011/2/7,14:51,48185,7.95,2
12359,543370,2011/2/7,14:51,22960,4.25,6
12359,543370,2011/2/7,14:51,22961,1.45,12
12359,543370,2011/2/7,14:51,22665,2.95,6
12359,543370,2011/2/7,14:51,22776,9.95,4
12359,543370,2011/2/7,14:51,22799,8.5,4
12359,543370,2011/2/7,14:51,22858,1.65,6
12359,543370,2011/2/7,14:51,22860,1.65,6
12359,543370,2011/2/7,14:51,22900,2.95,6
12359,543370,2011/2/7,14:51,22916,0.65,12
12359,543370,2011/2/7,14:51,21745,3.75,4
12359,543370,2011/2/7,14:51,21781,14.95,1
12359,543370,2011/2/7,14:51,22472,4.95,3
12359,543370,2011/2/7,14:51,22838,14.95,2
12359,543370,2011/2/7,14:51,22840,7.95,2
12359,543370,2011/2/7,14:51,22841,7.95,2
12359,543370,2011/2/7,14:51,22844,8.5,2
12359,543370,2011/2/7,14:51,22845,6.35,2
12359,543370,2011/2/7,14:51,22852,4.25,4
12359,543370,2011/2/7,14:51,22853,3.25,6
12359,543370,2011/2/7,14:51,22839,14.95,2
12359,543370,2011/2/7,14:51,35241,4.95,3
12359,543370,2011/2/7,14:51,22636,8.5,2
12359,543370,2011/2/7,14:51,21790,0.85,12
12359,543370,2011/2/7,14:51,22623,4.95,3
12359,543370,2011/2/7,14:51,22192,8.5,2
12359,543370,2011/2/7,14:51,22193,8.5,2
12359,543370,2011/2/7,14:51,22846,16.95,2
12359,543370,2011/2/7,14:51,22847,16.95,2
12359,543370,2011/2/7,14:51,22849,16.95,2
12359,543370,2011/2/7,14:51,22474,4.95,3
12359,543370,2011/2/7,14:51,21931,1.95,10
12359,543370,2011/2/7,14:51,22896,2.55,6
12359,543370,2011/2/7,14:51,22627,8.5,2
12359,543370,2011/2/7,14:51,22625,8.5,2
12359,543370,2011/2/7,14:51,22626,8.5,2
12359,543370,2011/2/7,14:51,22624,8.5,2
12359,543370,2011/2/7,14:51,22788,9.95,1
12359,543370,2011/2/7,14:51,22501,9.95,2
12359,543370,2011/2/7,14:51,22502,5.95,4
12359,543370,2011/2/7,14:51,22476,4.95,3
12359,543370,2011/2/7,14:51,22207,4.25,4
12359,543370,2011/2/7,14:51,22666,2.95,6
12359,543370,2011/2/7,14:51,22963,0.85,12
12359,543370,2011/2/7,14:51,22962,0.85,12
12359,543370,2011/2/7,14:51,22699,2.95,6
12359,543370,2011/2/7,14:51,22697,2.95,6
12359,543370,2011/2/7,14:51,22567,1.25,12
12359,543370,2011/2/7,14:51,47566,4.65,5
12359,543370,2011/2/7,14:51,22199,4.25,4
12359,543370,2011/2/7,14:51,22927,5.95,2
12359,543370,2011/2/7,14:51,22925,5.95,2
12359,543370,2011/2/7,14:51,21054,8.95,1
12359,543370,2011/2/7,14:51,21056,8.95,1
12359,543370,2011/2/7,14:51,22926,5.95,2
12359,543370,2011/2/7,14:51,22656,125,1
12359,543370,2011/2/7,14:51,22655,125,1
12576,543411,2011/2/8,11:31,22480,1.25,12
12576,543411,2011/2/8,11:31,21868,1.25,12
12576,543411,2011/2/8,11:31,21896,2.1,6
12576,543411,2011/2/8,11:31,84970L,0.95,12
12576,543411,2011/2/8,11:31,84832,0.85,12
12576,543411,2011/2/8,11:31,82583,2.1,12
12576,543411,2011/2/8,11:31,82578,0.55,12
12576,543411,2011/2/8,11:31,22567,1.25,12
12576,543411,2011/2/8,11:31,84378,1.25,12
12576,543411,2011/2/8,11:31,84380,1.25,12
12576,543411,2011/2/8,11:31,22759,1.65,12
12576,543411,2011/2/8,11:31,22668,2.95,5
12576,543411,2011/2/8,11:31,22188,3.95,4
12576,543411,2011/2/8,11:31,22342,1.65,12
12576,543411,2011/2/8,11:31,22920,0.65,12
12576,543411,2011/2/8,11:31,22918,0.65,12
12576,543411,2011/2/8,11:31,47599A,2.1,6
12576,543411,2011/2/8,11:31,22482,1.25,12
12576,543411,2011/2/8,11:31,22053,1.25,10
12599,543459,2011/2/8,13:28,20676,1.25,8
12599,543459,2011/2/8,13:28,20677,1.25,8
12599,543459,2011/2/8,13:28,20975,0.65,24
12599,543459,2011/2/8,13:28,21080,0.85,24
12599,543459,2011/2/8,13:28,21212,0.55,24
12599,543459,2011/2/8,13:28,21746,1.25,12
12599,543459,2011/2/8,13:28,22090,2.95,6
12599,543459,2011/2/8,13:28,21086,0.65,24
12599,543459,2011/2/8,13:28,21987,0.65,12
12599,543459,2011/2/8,13:28,21094,0.85,12
12599,543459,2011/2/8,13:28,22540,0.42,24
12599,543459,2011/2/8,13:28,22908,0.85,12
12599,543459,2011/2/8,13:28,22544,0.42,24
12599,543459,2011/2/8,13:28,POST,18,2
12721,543484,2011/2/9,10:11,20712,1.95,10
12721,543484,2011/2/9,10:11,22554,1.65,12
12721,543484,2011/2/9,10:11,22466,1.95,12
12721,543484,2011/2/9,10:11,20749,7.95,2
12721,543484,2011/2/9,10:11,22492,0.65,36
12721,543484,2011/2/9,10:11,85099B,1.95,10
12721,543484,2011/2/9,10:11,22526,12.75,3
12721,543484,2011/2/9,10:11,22521,0.85,12
12721,543484,2011/2/9,10:11,22520,0.85,12
12721,543484,2011/2/9,10:11,15056N,5.95,3
12721,543484,2011/2/9,10:11,22857,0.85,12
12721,543484,2011/2/9,10:11,22859,1.65,6
12721,543484,2011/2/9,10:11,22254,1.25,12
12721,543484,2011/2/9,10:11,23232,0.42,25
12721,543484,2011/2/9,10:11,23230,0.42,25
12721,543484,2011/2/9,10:11,21936,2.95,5
12721,543484,2011/2/9,10:11,21094,0.85,12
12721,543484,2011/2/9,10:11,21080,0.85,12
12721,543484,2011/2/9,10:11,21086,0.65,12
12721,543484,2011/2/9,10:11,21212,0.55,24
12721,543484,2011/2/9,10:11,21749,2.1,6
12721,543484,2011/2/9,10:11,21746,1.25,12
12721,543484,2011/2/9,10:11,20676,1.25,8
12721,543484,2011/2/9,10:11,21246,4.95,6
12721,543484,2011/2/9,10:11,21242,1.69,8
12721,543484,2011/2/9,10:11,21217,9.95,1
12721,543484,2011/2/9,10:11,POST,18,3
12720,543492,2011/2/9,10:41,23231,0.42,25
12720,543492,2011/2/9,10:41,22989,3.25,6
12720,543492,2011/2/9,10:41,22197,0.85,12
12720,543492,2011/2/9,10:41,21439,1.25,12
12720,543492,2011/2/9,10:41,22858,1.65,6
12720,543492,2011/2/9,10:41,22859,1.65,6
12720,543492,2011/2/9,10:41,22860,1.65,6
12720,543492,2011/2/9,10:41,22040,0.42,25
12720,543492,2011/2/9,10:41,22986,0.42,25
12720,543492,2011/2/9,10:41,21925,1.25,12
12720,543492,2011/2/9,10:41,21926,1.25,12
12720,543492,2011/2/9,10:41,21927,1.25,12
12720,543492,2011/2/9,10:41,POST,18,1
12753,543518,2011/2/9,11:21,22759,1.65,36
12753,543518,2011/2/9,11:21,22662,1.45,100
12753,543518,2011/2/9,11:21,22661,0.72,100
12753,543518,2011/2/9,11:21,21717,2.1,32
12753,543518,2011/2/9,11:21,22957,2.55,48
12753,543518,2011/2/9,11:21,22861,1.65,30
12753,543518,2011/2/9,11:21,22243,1.45,96
12753,543518,2011/2/9,11:21,22232,1.65,32
12753,543518,2011/2/9,11:21,21439,1.25,96
12753,543518,2011/2/9,11:21,22654,4.95,40
12753,543518,2011/2/9,11:21,21259,4.95,24
12753,543518,2011/2/9,11:21,22668,2.55,50
12753,543518,2011/2/9,11:21,22669,2.55,50
12753,543518,2011/2/9,11:21,47566B,3.75,50
12753,543518,2011/2/9,11:21,85232A,4.25,24
12753,543518,2011/2/9,11:21,85032A,2.1,48
12753,543518,2011/2/9,11:21,85032B,2.1,48
12753,543518,2011/2/9,11:21,85032C,2.1,48
12753,543518,2011/2/9,11:21,22857,0.85,60
12753,543518,2011/2/9,11:21,85017B,0.85,48
12753,543518,2011/2/9,11:21,22244,1.95,36
12753,543518,2011/2/9,11:21,22245,0.85,48
12753,543518,2011/2/9,11:21,22549,1.25,144
12753,543518,2011/2/9,11:21,22623,4.25,60
12753,543518,2011/2/9,11:21,20902,5.55,24
12753,543518,2011/2/9,11:21,85232D,4.25,24
12753,543518,2011/2/9,11:21,22378,2.1,30
12753,543518,2011/2/9,11:21,47566,3.75,100
12753,543518,2011/2/9,11:21,22090,2.55,40
12753,543518,2011/2/9,11:21,22088,2.55,80
12753,543518,2011/2/9,11:21,22087,2.55,40
12753,543518,2011/2/9,11:21,21381,1.69,36
12753,543518,2011/2/9,11:21,21218,3.25,72
12753,543518,2011/2/9,11:21,22024,0.36,72
12753,543518,2011/2/9,11:21,22025,0.36,72
12753,543518,2011/2/9,11:21,22073,3.39,32
12753,543518,2011/2/9,11:21,22859,1.45,108
12753,543518,2011/2/9,11:21,22858,1.45,108
12753,543518,2011/2/9,11:21,21210,1.25,96
12753,543518,2011/2/9,11:21,84988,1.25,96
12753,543518,2011/2/9,11:21,20750,6.35,24
12753,543518,2011/2/9,11:21,20724,0.72,100
12753,543518,2011/2/9,11:21,20725,1.45,100
12753,543518,2011/2/9,11:21,21080,0.64,96
12753,543518,2011/2/9,11:21,21217,8.95,24
12753,543518,2011/2/9,11:21,21216,4.25,48
12753,543518,2011/2/9,11:21,21980,0.29,96
12753,543518,2011/2/9,11:21,22333,1.45,96
12401,543537,2011/2/9,13:50,15056BL,5.95,3
12401,543537,2011/2/9,13:50,22423,12.75,2
12401,543537,2011/2/9,13:50,21843,10.95,1
12401,543537,2011/2/9,13:50,84279B,3.75,4
12401,543537,2011/2/9,13:50,POST,15,1
12462,543541,2011/2/9,14:44,20961,1.25,10
12462,543541,2011/2/9,14:44,21317,5.45,2
12462,543541,2011/2/9,14:44,85127,4.95,3
12462,543541,2011/2/9,14:44,21324,2.95,6
12462,543541,2011/2/9,14:44,22784,4.95,3
12462,543541,2011/2/9,14:44,71053,3.75,4
12462,543541,2011/2/9,14:44,21730,4.95,3
12462,543541,2011/2/9,14:44,22178,1.25,12
12462,543541,2011/2/9,14:44,85123A,2.95,6
12462,543541,2011/2/9,14:44,21313,0.85,12
12462,543541,2011/2/9,14:44,22105,4.25,4
12462,543541,2011/2/9,14:44,22103,1.65,6
12462,543541,2011/2/9,14:44,22791,1.25,12
12462,543541,2011/2/9,14:44,84945,0.85,12
12462,543541,2011/2/9,14:44,84946,1.25,12
12462,543541,2011/2/9,14:44,48138,7.95,2
12462,543541,2011/2/9,14:44,48111,7.95,2
12462,543541,2011/2/9,14:44,22508,3.75,4
12462,543541,2011/2/9,14:44,21114,1.25,10
12462,543541,2011/2/9,14:44,22061,9.95,2
12462,543541,2011/2/9,14:44,22890,9.95,2
12462,543541,2011/2/9,14:44,22423,12.75,1
12462,543541,2011/2/9,14:44,37449,9.95,2
12462,543541,2011/2/9,14:44,37446,1.45,8
12462,543541,2011/2/9,14:44,21231,1.25,12
12462,543541,2011/2/9,14:44,21232,1.25,12
12462,543541,2011/2/9,14:44,22063,2.95,6
12462,543541,2011/2/9,14:44,37450,2.95,6
12462,543541,2011/2/9,14:44,22057,1.49,12
12462,543541,2011/2/9,14:44,37447,1.49,12
12462,543541,2011/2/9,14:44,21078,0.85,12
12462,543541,2011/2/9,14:44,22180,9.95,2
12462,543541,2011/2/9,14:44,84212,0.65,24
12462,543541,2011/2/9,14:44,21927,1.25,12
12462,543541,2011/2/9,14:44,22645,1.45,12
12462,543541,2011/2/9,14:44,21472,3.75,6
12462,543541,2011/2/9,14:44,47559B,1.25,10
12462,543541,2011/2/9,14:44,21217,9.95,1
12462,543541,2011/2/9,14:44,20749,7.95,2
12462,543541,2011/2/9,14:44,POST,28,6
12601,543550,2011/2/10,9:43,82494L,2.95,12
12601,543550,2011/2/10,9:43,21314,2.1,8
12601,543550,2011/2/10,9:43,22567,1.25,12
12601,543550,2011/2/10,9:43,20897,2.95,6
12601,543550,2011/2/10,9:43,84832,0.85,12
12601,543550,2011/2/10,9:43,POST,18,1
12561,543587,2011/2/10,11:39,22212,2.1,6
12561,543587,2011/2/10,11:39,21080,0.85,12
12561,543587,2011/2/10,11:39,21498,0.42,25
12561,543587,2011/2/10,11:39,21499,0.42,25
12561,543587,2011/2/10,11:39,21500,0.42,25
12561,543587,2011/2/10,11:39,22704,0.42,25
12561,543587,2011/2/10,11:39,85232A,4.95,3
12561,543587,2011/2/10,11:39,21035,3.25,6
12561,543587,2011/2/10,11:39,21906,6.75,2
12561,543587,2011/2/10,11:39,22173,2.95,8
12561,543587,2011/2/10,11:39,22692,7.95,2
12561,543587,2011/2/10,11:39,48184,7.95,2
12561,543587,2011/2/10,11:39,22326,2.95,6
12561,543587,2011/2/10,11:39,22631,1.95,12
12561,543587,2011/2/10,11:39,22989,3.25,6
12561,543587,2011/2/10,11:39,22907,0.85,12
12583,543625,2011/2/10,15:38,22540,0.42,72
12583,543625,2011/2/10,15:38,22539,0.42,24
12583,543625,2011/2/10,15:38,22556,1.65,24
12583,543625,2011/2/10,15:38,22554,1.65,24
12583,543625,2011/2/10,15:38,22551,1.65,12
12583,543625,2011/2/10,15:38,21981,0.29,24
12583,543625,2011/2/10,15:38,22615,0.29,24
12583,543625,2011/2/10,15:38,22616,0.29,24
12583,543625,2011/2/10,15:38,22614,0.29,24
12583,543625,2011/2/10,15:38,16218,0.16,80
12583,543625,2011/2/10,15:38,22326,2.95,12
12583,543625,2011/2/10,15:38,22492,0.65,108
12583,543625,2011/2/10,15:38,POST,18,2
12841,543647,2011/2/10,19:49,21988,0.85,4
12841,543647,2011/2/10,19:49,21989,0.85,4
12841,543647,2011/2/10,19:49,22232,1.65,3
12841,543647,2011/2/10,19:49,79321,5.75,5
12841,543647,2011/2/10,19:49,21544,0.85,6
12841,543647,2011/2/10,19:49,21224,1.25,10
12841,543647,2011/2/10,19:49,47566,4.95,2
12841,543647,2011/2/10,19:49,84378,1.25,3
12841,543647,2011/2/10,19:49,84380,1.25,3
12841,543647,2011/2/10,19:49,21987,0.65,4
12841,543647,2011/2/10,19:49,84231,0.65,2
12841,543647,2011/2/10,19:49,22933,2.95,2
12841,543647,2011/2/10,19:49,22934,2.95,2
12841,543647,2011/2/10,19:49,22930,2.55,3
12841,543647,2011/2/10,19:49,85203,0.42,5
12841,543647,2011/2/10,19:49,85202,0.42,5
12841,543647,2011/2/10,19:49,22966,1.25,3
12395,543733,2011/2/11,12:16,22539,0.42,24
12395,543733,2011/2/11,12:16,22544,0.42,24
12395,543733,2011/2/11,12:16,22545,0.42,24
12395,543733,2011/2/11,12:16,22540,0.42,48
12395,543733,2011/2/11,12:16,22547,0.42,24
12395,543733,2011/2/11,12:16,22556,1.65,12
12395,543733,2011/2/11,12:16,22147,1.45,12
12395,543733,2011/2/11,12:16,22352,2.55,6
12395,543733,2011/2/11,12:16,21559,2.55,6
12395,543733,2011/2/11,12:16,85232A,4.95,3
12395,543733,2011/2/11,12:16,21218,3.75,6
12395,543733,2011/2/11,12:16,22740,0.85,48
12395,543733,2011/2/11,12:16,22531,0.42,24
12395,543733,2011/2/11,12:16,POST,15,1
12477,543737,2011/2/11,12:45,21484,3.45,8
12477,543737,2011/2/11,12:45,21441,0.85,12
12477,543737,2011/2/11,12:45,21523,7.95,8
12477,543737,2011/2/11,12:45,22365,7.95,8
12477,543737,2011/2/11,12:45,22366,7.95,8
12477,543737,2011/2/11,12:45,22414,7.95,4
12477,543737,2011/2/11,12:45,22690,7.95,4
12477,543737,2011/2/11,12:45,48187,6.75,10
12477,543737,2011/2/11,12:45,22431,1.95,6
12477,543737,2011/2/11,12:45,22354,3.75,5
12477,543737,2011/2/11,12:45,21672,1.25,12
12477,543737,2011/2/11,12:45,22805,1.25,12
12477,543737,2011/2/11,12:45,22511,3.75,4
12477,543737,2011/2/11,12:45,21116,4.95,3
12477,543737,2011/2/11,12:45,22508,3.75,4
12477,543737,2011/2/11,12:45,21411,4.25,3
12477,543737,2011/2/11,12:45,20794,2.55,8
12477,543737,2011/2/11,12:45,22212,2.1,12
12477,543737,2011/2/11,12:45,22243,1.65,12
12477,543737,2011/2/11,12:45,22244,1.95,36
12477,543737,2011/2/11,12:45,22912,4.95,3
12477,543737,2011/2/11,12:45,84406B,3.25,16
12477,543737,2011/2/11,12:45,21218,3.25,120
12477,543737,2011/2/11,12:45,35241,4.25,24
12477,543737,2011/2/11,12:45,21217,9.95,10
12477,543737,2011/2/11,12:45,22720,4.95,12
12477,543737,2011/2/11,12:45,22721,4.95,6
12477,543737,2011/2/11,12:45,22199,4.25,12
12477,543737,2011/2/11,12:45,22723,3.95,4
12477,543737,2011/2/11,12:45,22722,3.95,12
12477,543737,2011/2/11,12:45,22896,2.55,6
12477,543737,2011/2/11,12:45,22203,3.75,16
12477,543737,2011/2/11,12:45,22897,1.45,10
12477,543737,2011/2/11,12:45,21216,4.95,20
12477,543737,2011/2/11,12:45,35810B,2.1,6
12477,543737,2011/2/11,12:45,22482,1.25,12
12477,543737,2011/2/11,12:45,22900,2.95,6
12477,543737,2011/2/11,12:45,84968A,12.75,5
12477,543737,2011/2/11,12:45,84968D,12.75,10
12477,543737,2011/2/11,12:45,84968F,12.75,5
12477,543737,2011/2/11,12:45,84997B,3.75,6
12477,543737,2011/2/11,12:45,22260,0.85,12
12477,543737,2011/2/11,12:45,22262,0.85,12
12477,543737,2011/2/11,12:45,21564,2.95,36
12477,543737,2011/2/11,12:45,21563,2.95,12
12477,543737,2011/2/11,12:45,21485,4.95,21
12477,543737,2011/2/11,12:45,21935,1.65,10
12477,543737,2011/2/11,12:45,22449,3.35,6
12477,543737,2011/2/11,12:45,21706,4.95,4
12477,543737,2011/2/11,12:45,22168,8.5,2
12477,543737,2011/2/11,12:45,21668,1.25,12
12477,543737,2011/2/11,12:45,21669,1.25,12
12507,543822,2011/2/14,9:24,22139,4.95,6
12507,543822,2011/2/14,9:24,20973,0.65,24
12507,543822,2011/2/14,9:24,22585,1.25,24
12507,543822,2011/2/14,9:24,22960,3.75,24
12507,543822,2011/2/14,9:24,84380,1.25,12
12507,543822,2011/2/14,9:24,84378,1.25,12
12507,543822,2011/2/14,9:24,22965,2.1,12
12507,543822,2011/2/14,9:24,84375,2.1,12
12507,543822,2011/2/14,9:24,22955,2.1,12
12507,543822,2011/2/14,9:24,22956,2.1,12
12507,543822,2011/2/14,9:24,22937,2.55,18
12507,543822,2011/2/14,9:24,22893,0.42,48
12507,543822,2011/2/14,9:24,POST,28,3
12476,543833,2011/2/14,10:24,22788,9.95,4
12476,543833,2011/2/14,10:24,22957,2.95,6
12476,543833,2011/2/14,10:24,21621,8.5,2
12476,543833,2011/2/14,10:24,22722,3.95,4
12476,543833,2011/2/14,10:24,22384,1.65,10
12476,543833,2011/2/14,10:24,21791,1.25,12
12476,543833,2011/2/14,10:24,21716,2.55,8
12476,543833,2011/2/14,10:24,POST,18,1
12621,543900,2011/2/14,12:11,22355,0.85,10
12621,543900,2011/2/14,12:11,20719,0.85,20
12621,543900,2011/2/14,12:11,20723,0.85,10
12621,543900,2011/2/14,12:11,17003,0.29,36
12621,543900,2011/2/14,12:11,22331,1.65,8
12621,543900,2011/2/14,12:11,22385,1.95,10
12621,543900,2011/2/14,12:11,84569B,1.25,12
12621,543900,2011/2/14,12:11,21915,1.25,12
12621,543900,2011/2/14,12:11,22560,1.25,24
12621,543900,2011/2/14,12:11,21914,1.25,12
12621,543900,2011/2/14,12:11,22957,2.95,18
12621,543900,2011/2/14,12:11,22077,1.65,12
12621,543900,2011/2/14,12:11,21937,2.95,5
12621,543900,2011/2/14,12:11,22711,0.42,25
12621,543900,2011/2/14,12:11,22630,1.95,12
12621,543900,2011/2/14,12:11,20726,1.65,20
12621,543900,2011/2/14,12:11,20728,1.65,10
12621,543900,2011/2/14,12:11,22326,2.95,6
12621,543900,2011/2/14,12:11,22383,1.65,10
12621,543900,2011/2/14,12:11,22662,1.65,10
12621,543900,2011/2/14,12:11,22813,1.95,24
12621,543900,2011/2/14,12:11,22729,3.75,8
12621,543900,2011/2/14,12:11,22727,3.75,16
12621,543900,2011/2/14,12:11,22725,3.75,4
12621,543900,2011/2/14,12:11,22860,1.65,6
12621,543900,2011/2/14,12:11,22857,0.85,12
12621,543900,2011/2/14,12:11,22661,0.85,20
12621,543900,2011/2/14,12:11,23233,0.42,25
12621,543900,2011/2/14,12:11,22966,1.25,12
12621,543900,2011/2/14,12:11,POST,18,3
12415,543989,2011/2/15,9:52,23231,0.34,200
12415,543989,2011/2/15,9:52,23230,0.34,200
12415,543989,2011/2/15,9:52,23233,0.42,100
12415,543989,2011/2/15,9:52,22989,2.75,200
12415,543989,2011/2/15,9:52,22990,4.25,100
12415,543989,2011/2/15,9:52,22969,1.25,480
12415,543989,2011/2/15,9:52,22962,0.72,384
12415,543989,2011/2/15,9:52,22963,0.72,240
12415,543989,2011/2/15,9:52,22960,3.75,96
12415,543989,2011/2/15,9:52,22666,2.55,96
12415,543989,2011/2/15,9:52,22907,0.72,96
12415,543989,2011/2/15,9:52,22722,3.45,48
12415,543989,2011/2/15,9:52,22968,8.5,48
12415,543989,2011/2/15,9:52,22652,1.45,200
12415,543989,2011/2/15,9:52,22654,4.95,80
12415,543989,2011/2/15,9:52,22653,1.95,100
12415,543989,2011/2/15,9:52,22651,0.72,288
12415,543989,2011/2/15,9:52,22630,1.65,256
12415,543989,2011/2/15,9:52,22662,1.45,200
12415,543989,2011/2/15,9:52,22635,8.5,16
12415,543989,2011/2/15,9:52,22029,0.36,144
12415,543989,2011/2/15,9:52,22382,1.45,100
12415,543989,2011/2/15,9:52,22544,0.36,240
12415,543989,2011/2/15,9:52,22613,0.72,96
12415,543989,2011/2/15,9:52,22629,1.65,192
12415,543989,2011/2/15,9:52,22617,4.25,72
12415,543989,2011/2/15,9:52,22634,8.5,24
12415,543989,2011/2/15,9:52,22417,0.42,120
12415,543989,2011/2/15,9:52,22631,1.65,128
12415,543989,2011/2/15,9:52,22556,1.45,96
12415,543989,2011/2/15,9:52,22716,0.36,144
12415,543989,2011/2/15,9:52,22636,7.65,24
12415,543989,2011/2/15,9:52,22423,10.95,64
12415,543989,2011/2/15,9:52,22699,2.55,72
12415,543989,2011/2/15,9:52,22698,2.55,72
12415,543989,2011/2/15,9:52,22697,2.55,72
12415,543989,2011/2/15,9:52,84997B,3.75,72
12415,543989,2011/2/15,9:52,21080,0.72,192
12415,543989,2011/2/15,9:52,21086,0.53,216
12415,543989,2011/2/15,9:52,21094,0.64,288
12415,543989,2011/2/15,9:52,21210,1.25,192
12415,543989,2011/2/15,9:52,21216,4.25,72
12415,543989,2011/2/15,9:52,21212,0.42,120
12415,543989,2011/2/15,9:52,21217,8.95,48
12415,543989,2011/2/15,9:52,21880,0.65,72
12415,543989,2011/2/15,9:52,22139,4.25,96
12415,543989,2011/2/15,9:52,22333,1.45,192
12415,543989,2011/2/15,9:52,22329,1.45,144
12415,543989,2011/2/15,9:52,22505,4.25,24
12415,543989,2011/2/15,9:52,22628,4.25,120
12415,543989,2011/2/15,9:52,22667,2.55,24
12415,543989,2011/2/15,9:52,21218,3.25,96
12415,543989,2011/2/15,9:52,22840,6.95,12
12415,543989,2011/2/15,9:52,22841,6.95,12
12415,543989,2011/2/15,9:52,22842,5.95,12
12415,543989,2011/2/15,9:52,22843,5.95,12
12415,543989,2011/2/15,9:52,21164,2.55,72
12415,543989,2011/2/15,9:52,21249,2.55,60
12415,543989,2011/2/15,9:52,20726,1.45,100
12415,543989,2011/2/15,9:52,22331,1.45,144
12415,543989,2011/2/15,9:52,20973,0.55,384
12415,543989,2011/2/15,9:52,22326,2.55,96
12415,543989,2011/2/15,9:52,21058,0.72,144
12415,543989,2011/2/15,9:52,22835,4.65,8
12415,543989,2011/2/15,9:52,84029G,3.75,8
12415,543989,2011/2/15,9:52,21195,1.69,48
12415,543989,2011/2/15,9:52,21191,1.69,48
12415,543989,2011/2/15,9:52,21192,1.45,48
12415,543989,2011/2/15,9:52,21977,0.42,120
12616,544069,2011/2/15,14:17,22554,1.65,12
12616,544069,2011/2/15,14:17,20981,0.85,12
12616,544069,2011/2/15,14:17,22326,2.95,6
12616,544069,2011/2/15,14:17,20750,7.95,8
12616,544069,2011/2/15,14:17,20983,0.85,12
12616,544069,2011/2/15,14:17,22628,4.95,4
12616,544069,2011/2/15,14:17,22328,2.95,6
12616,544069,2011/2/15,14:17,22555,1.65,12
12616,544069,2011/2/15,14:17,22549,1.45,12
12616,544069,2011/2/15,14:17,22659,1.95,12
12616,544069,2011/2/15,14:17,POST,18,2
12455,544097,2011/2/16,9:56,22914,4.95,3
12455,544097,2011/2/16,9:56,22913,4.95,3
12455,544097,2011/2/16,9:56,22804,2.55,32
12455,544097,2011/2/16,9:56,71459,0.72,96
12455,544097,2011/2/16,9:56,84755,0.65,64
12455,544097,2011/2/16,9:56,84970S,0.85,48
12455,544097,2011/2/16,9:56,84950,0.55,96
12455,544097,2011/2/16,9:56,84843,5.95,2
12455,544097,2011/2/16,9:56,84356,6.95,4
12455,544097,2011/2/16,9:56,22227,0.65,48
12455,544097,2011/2/16,9:56,22335,0.55,288
12455,544097,2011/2/16,9:56,22595,0.85,48
12455,544097,2011/2/16,9:56,22597,0.85,48
12455,544097,2011/2/16,9:56,84988,1.45,12
12455,544097,2011/2/16,9:56,84279P,3.75,8
12455,544097,2011/2/16,9:56,84279B,3.75,8
12455,544097,2011/2/16,9:56,22151,0.42,72
12455,544097,2011/2/16,9:56,47580,2.55,6
12455,544097,2011/2/16,9:56,22189,3.95,12
12455,544097,2011/2/16,9:56,22188,3.95,4
12455,544097,2011/2/16,9:56,21974,1.45,12
12455,544097,2011/2/16,9:56,85123A,2.55,32
12455,544097,2011/2/16,9:56,21326,0.65,72
12455,544097,2011/2/16,9:56,37449,8.5,8
12455,544097,2011/2/16,9:56,22252,1.06,96
12455,544097,2011/2/16,9:56,20702,4.25,6
12455,544097,2011/2/16,9:56,22317,2.95,6
12455,544097,2011/2/16,9:56,21194,2.1,24
12455,544097,2011/2/16,9:56,21195,2.1,24
12455,544097,2011/2/16,9:56,21208,1.65,24
12455,544097,2011/2/16,9:56,21209,1.65,24
12455,544097,2011/2/16,9:56,21200,1.65,12
12455,544097,2011/2/16,9:56,37450,2.95,6
12455,544097,2011/2/16,9:56,21947,1.25,12
12455,544097,2011/2/16,9:56,21948,1.25,12
12455,544097,2011/2/16,9:56,84510A,1.25,10
12455,544097,2011/2/16,9:56,22602,0.85,48
12455,544097,2011/2/16,9:56,22855,1.06,48
12455,544097,2011/2/16,9:56,84836,1.25,48
12455,544097,2011/2/16,9:56,85061W,0.85,48
12455,544097,2011/2/16,9:56,85131A,1.25,48
12653,544108,2011/2/16,10:53,22245,0.85,24
12653,544108,2011/2/16,10:53,22244,1.95,12
12653,544108,2011/2/16,10:53,22243,1.65,12
12653,544108,2011/2/16,10:53,22399,1.25,36
12653,544108,2011/2/16,10:53,22629,1.95,24
12653,544108,2011/2/16,10:53,22630,1.95,36
12653,544108,2011/2/16,10:53,22326,2.55,48
12653,544108,2011/2/16,10:53,22423,10.95,16
12653,544108,2011/2/16,10:53,22192,7.65,12
12653,544108,2011/2/16,10:53,22193,7.65,12
12653,544108,2011/2/16,10:53,22433,1.95,6
12653,544108,2011/2/16,10:53,22432,1.95,6
12653,544108,2011/2/16,10:53,22431,1.95,12
12653,544108,2011/2/16,10:53,20724,0.85,10
12653,544108,2011/2/16,10:53,20719,0.85,10
12653,544108,2011/2/16,10:53,22661,0.85,10
12841,544109,2011/2/16,10:56,22090,2.95,8
12841,544109,2011/2/16,10:56,84033,1.65,4
12841,544109,2011/2/16,10:56,21213,0.55,24
12841,544109,2011/2/16,10:56,84692,0.42,25
12841,544109,2011/2/16,10:56,21457,1.25,3
12841,544109,2011/2/16,10:56,84231,0.65,4
12841,544109,2011/2/16,10:56,77101A,1.25,4
12841,544109,2011/2/16,10:56,22087,2.95,14
12841,544109,2011/2/16,10:56,22233,1.65,3
12841,544109,2011/2/16,10:56,21034,0.95,1
12727,544115,2011/2/16,11:45,22436,0.65,20
12727,544115,2011/2/16,11:45,22437,0.85,20
12727,544115,2011/2/16,11:45,21506,0.42,12
12727,544115,2011/2/16,11:45,22029,0.42,12
12727,544115,2011/2/16,11:45,22027,0.42,12
12727,544115,2011/2/16,11:45,22209,1.65,12
12727,544115,2011/2/16,11:45,21059,0.85,24
12727,544115,2011/2/16,11:45,21062,0.85,24
12727,544115,2011/2/16,11:45,21063,0.85,24
12727,544115,2011/2/16,11:45,20974,0.65,24
12727,544115,2011/2/16,11:45,20975,0.65,24
12727,544115,2011/2/16,11:45,22418,0.85,24
12727,544115,2011/2/16,11:45,21558,2.55,6
12727,544115,2011/2/16,11:45,21559,2.55,6
12727,544115,2011/2/16,11:45,22621,1.45,12
12727,544115,2011/2/16,11:45,21094,0.85,12
12727,544115,2011/2/16,11:45,21080,0.85,12
12727,544115,2011/2/16,11:45,21086,0.65,12
12727,544115,2011/2/16,11:45,21988,0.85,12
12727,544115,2011/2/16,11:45,21989,0.85,12
12727,544115,2011/2/16,11:45,21987,0.65,12
12727,544115,2011/2/16,11:45,22332,1.65,24
12727,544115,2011/2/16,11:45,22333,1.65,24
12727,544115,2011/2/16,11:45,22334,1.65,24
12727,544115,2011/2/16,11:45,47599A,2.1,24
12727,544115,2011/2/16,11:45,21224,1.25,20
12727,544115,2011/2/16,11:45,22544,0.42,24
12727,544115,2011/2/16,11:45,22539,0.42,24
12727,544115,2011/2/16,11:45,22650,1.45,12
12727,544115,2011/2/16,11:45,22551,1.65,12
12727,544115,2011/2/16,11:45,22553,1.65,12
12727,544115,2011/2/16,11:45,22557,1.65,12
12727,544115,2011/2/16,11:45,22748,2.1,12
12727,544115,2011/2/16,11:45,22747,2.1,6
12727,544115,2011/2/16,11:45,21703,0.42,24
12727,544115,2011/2/16,11:45,21890,2.95,6
12727,544115,2011/2/16,11:45,21891,1.25,12
12727,544115,2011/2/16,11:45,22620,1.25,12
12727,544115,2011/2/16,11:45,22523,0.85,12
12727,544115,2011/2/16,11:45,22520,0.85,12
12727,544115,2011/2/16,11:45,22521,0.85,12
12727,544115,2011/2/16,11:45,22522,0.85,12
12727,544115,2011/2/16,11:45,22492,0.65,36
12727,544115,2011/2/16,11:45,21354,1.25,12
12727,544115,2011/2/16,11:45,21544,0.85,24
12727,544115,2011/2/16,11:45,22434,1.95,16
12727,544115,2011/2/16,11:45,22435,1.25,24
12727,544115,2011/2/16,11:45,POST,18,5
12823,544155,2011/2/16,12:15,48138,7.65,40
12352,544156,2011/2/16,12:33,21380,2.95,6
12352,544156,2011/2/16,12:33,22064,1.65,12
12352,544156,2011/2/16,12:33,21232,1.25,12
12352,544156,2011/2/16,12:33,22646,1.45,12
12352,544156,2011/2/16,12:33,22779,4.25,4
12352,544156,2011/2/16,12:33,22423,12.75,3
12352,544156,2011/2/16,12:33,22654,5.95,3
12352,544156,2011/2/16,12:33,22120,9.95,3
12352,544156,2011/2/16,12:33,21755,5.95,3
12352,544156,2011/2/16,12:33,21756,5.95,3
12352,544156,2011/2/16,12:33,21754,5.95,3
12352,544156,2011/2/16,12:33,22853,3.25,6
12352,544156,2011/2/16,12:33,21700,0.85,12
12352,544156,2011/2/16,12:33,22630,1.95,12
12352,544156,2011/2/16,12:33,22780,4.25,4
12372,544157,2011/2/16,12:46,22659,1.95,12
12372,544157,2011/2/16,12:46,22630,1.95,12
12372,544157,2011/2/16,12:46,22631,1.95,12
12372,544157,2011/2/16,12:46,22326,2.95,12
12372,544157,2011/2/16,12:46,22328,2.95,6
12372,544157,2011/2/16,12:46,21452,2.95,6
12372,544157,2011/2/16,12:46,22539,0.42,24
12372,544157,2011/2/16,12:46,22538,0.42,24
12372,544157,2011/2/16,12:46,22544,0.42,24
12372,544157,2011/2/16,12:46,22540,0.42,24
12372,544157,2011/2/16,12:46,22556,1.65,12
12372,544157,2011/2/16,12:46,21791,1.25,12
12372,544157,2011/2/16,12:46,22550,3.75,4
12372,544157,2011/2/16,12:46,21578,2.25,6
12372,544157,2011/2/16,12:46,21577,2.25,6
12372,544157,2011/2/16,12:46,20750,7.95,6
12372,544157,2011/2/16,12:46,22376,4.25,4
12372,544157,2011/2/16,12:46,22374,4.25,4
12372,544157,2011/2/16,12:46,22629,1.95,12
12372,544157,2011/2/16,12:46,POST,18,2
12431,544193,2011/2/17,8:23,22382,1.65,10
12431,544193,2011/2/17,8:23,22326,2.95,6
12431,544193,2011/2/17,8:23,21080,0.85,12
12431,544193,2011/2/17,8:23,22131,1.95,6
12431,544193,2011/2/17,8:23,21527,7.95,2
12431,544193,2011/2/17,8:23,21537,4.25,4
12431,544193,2011/2/17,8:23,22328,2.95,6
12431,544193,2011/2/17,8:23,22329,1.65,12
12431,544193,2011/2/17,8:23,22352,2.55,6
12431,544193,2011/2/17,8:23,22951,0.55,24
12431,544193,2011/2/17,8:23,21240,0.85,8
12431,544193,2011/2/17,8:23,21524,7.95,2
12431,544193,2011/2/17,8:23,22204,3.75,4
12431,544193,2011/2/17,8:23,21217,9.95,1
12431,544193,2011/2/17,8:23,85232D,4.95,3
12431,544193,2011/2/17,8:23,85232A,4.95,3
12431,544193,2011/2/17,8:23,21428,4.25,4
12431,544193,2011/2/17,8:23,85184C,2.95,6
12431,544193,2011/2/17,8:23,22354,3.75,5
12431,544193,2011/2/17,8:23,21533,4.95,6
12431,544193,2011/2/17,8:23,21239,0.85,8
12431,544193,2011/2/17,8:23,20677,1.25,8
12431,544193,2011/2/17,8:23,20675,1.25,8
12431,544193,2011/2/17,8:23,22975,1.25,12
12431,544193,2011/2/17,8:23,22976,1.25,12
12431,544193,2011/2/17,8:23,22977,1.25,12
12431,544193,2011/2/17,8:23,22988,1.25,12
12431,544193,2011/2/17,8:23,47504K,1.95,12
12431,544193,2011/2/17,8:23,22846,16.95,1
12431,544193,2011/2/17,8:23,22971,2.55,6
12431,544193,2011/2/17,8:23,22629,1.95,12
12431,544193,2011/2/17,8:23,22631,1.95,12
12431,544193,2011/2/17,8:23,22356,0.85,10
12431,544193,2011/2/17,8:23,20724,0.85,10
12431,544193,2011/2/17,8:23,21000,4.25,6
12431,544193,2011/2/17,8:23,21001,5.95,3
12431,544193,2011/2/17,8:23,POST,15,5
12494,544200,2011/2/17,10:08,20725,1.65,10
12494,544200,2011/2/17,10:08,22383,1.65,10
12494,544200,2011/2/17,10:08,21843,10.95,2
12494,544200,2011/2/17,10:08,84997C,4.15,4
12494,544200,2011/2/17,10:08,84997B,4.15,4
12494,544200,2011/2/17,10:08,85169D,1.25,12
12494,544200,2011/2/17,10:08,85170D,2.1,6
12494,544200,2011/2/17,10:08,85173,2.55,6
12494,544200,2011/2/17,10:08,22355,0.85,10
12494,544200,2011/2/17,10:08,22356,0.85,10
12494,544200,2011/2/17,10:08,22661,0.85,10
12494,544200,2011/2/17,10:08,20724,0.85,10
12494,544200,2011/2/17,10:08,21931,1.95,10
12494,544200,2011/2/17,10:08,21936,2.95,5
12494,544200,2011/2/17,10:08,21937,2.95,5
12494,544200,2011/2/17,10:08,POST,18,2
12362,544203,2011/2/17,10:30,21913,3.75,4
12362,544203,2011/2/17,10:30,22431,1.95,6
12362,544203,2011/2/17,10:30,22432,1.95,6
12362,544203,2011/2/17,10:30,21746,1.25,12
12362,544203,2011/2/17,10:30,21747,1.25,12
12362,544203,2011/2/17,10:30,22272,2.95,6
12362,544203,2011/2/17,10:30,22273,2.95,6
12362,544203,2011/2/17,10:30,22565,0.85,12
12362,544203,2011/2/17,10:30,22090,2.95,6
12362,544203,2011/2/17,10:30,47566B,4.95,4
12362,544203,2011/2/17,10:30,84569B,1.25,12
12362,544203,2011/2/17,10:30,84569A,1.25,12
12362,544203,2011/2/17,10:30,21715,2.55,8
12362,544203,2011/2/17,10:30,21716,2.55,8
12362,544203,2011/2/17,10:30,21718,1.25,12
12362,544203,2011/2/17,10:30,22551,1.65,12
12362,544203,2011/2/17,10:30,22554,1.65,12
12362,544203,2011/2/17,10:30,20694,3.75,4
12362,544203,2011/2/17,10:30,20699,2.55,6
12362,544203,2011/2/17,10:30,20728,1.65,10
12362,544203,2011/2/17,10:30,20726,1.65,10
12362,544203,2011/2/17,10:30,20725,1.65,10
12362,544203,2011/2/17,10:30,21561,2.55,6
12362,544203,2011/2/17,10:30,21559,2.55,6
12362,544203,2011/2/17,10:30,22629,1.95,12
12362,544203,2011/2/17,10:30,22630,1.95,12
12362,544203,2011/2/17,10:30,POST,15,3
12500,544281,2011/2/17,12:23,22585,1.06,288
12500,544281,2011/2/17,12:23,22366,7.95,2
12500,544281,2011/2/17,12:23,22931,2.55,6
12500,544281,2011/2/17,12:23,22936,3.25,6
12500,544281,2011/2/17,12:23,POST,18,1
12654,544302,2011/2/17,13:16,20719,0.85,10
12654,544302,2011/2/17,13:16,22326,2.95,6
12654,544302,2011/2/17,13:16,21578,2.25,6
12654,544302,2011/2/17,13:16,22629,1.95,12
12654,544302,2011/2/17,13:16,22433,1.95,6
12654,544302,2011/2/17,13:16,22431,1.95,6
12654,544302,2011/2/17,13:16,22432,1.95,6
12654,544302,2011/2/17,13:16,21559,2.55,6
12654,544302,2011/2/17,13:16,21558,2.55,6
12654,544302,2011/2/17,13:16,21731,1.65,12
12654,544302,2011/2/17,13:16,POST,18,1
12748,544315,2011/2/17,14:42,21121,1.25,1
12748,544315,2011/2/17,14:42,21124,1.25,1
12748,544315,2011/2/17,14:42,21122,1.25,1
12748,544315,2011/2/17,14:42,21123,1.25,1
12748,544315,2011/2/17,14:42,21125,1.25,1
12748,544315,2011/2/17,14:42,21993,2.95,1
12748,544315,2011/2/17,14:42,21080,0.85,2
12748,544315,2011/2/17,14:42,21039,2.55,1
12748,544315,2011/2/17,14:42,21126,1.25,2
12748,544315,2011/2/17,14:42,20992,0.85,2
12748,544315,2011/2/17,14:42,21086,0.65,2
12748,544315,2011/2/17,14:42,21094,0.85,2
12748,544315,2011/2/17,14:42,22021,1.65,1
12748,544315,2011/2/17,14:42,85206A,1.65,1
12455,544331,2011/2/17,17:05,POST,15,1
12852,544338,2011/2/18,8:47,21210,1.45,12
12852,544338,2011/2/18,8:47,22898,1.95,8
12852,544338,2011/2/18,8:47,22698,2.95,6
12852,544338,2011/2/18,8:47,21211,1.45,12
12852,544338,2011/2/18,8:47,22367,1.95,8
12852,544338,2011/2/18,8:47,22720,4.95,3
12852,544338,2011/2/18,8:47,22644,1.45,24
12852,544338,2011/2/18,8:47,22416,1.45,12
12852,544338,2011/2/18,8:47,21974,1.45,12
12852,544338,2011/2/18,8:47,22697,2.95,6
12852,544338,2011/2/18,8:47,21843,10.95,2
12852,544338,2011/2/18,8:47,22699,2.95,6
12852,544338,2011/2/18,8:47,22138,4.95,3
12852,544338,2011/2/18,8:47,22617,4.95,3
12852,544338,2011/2/18,8:47,20914,2.95,6
12852,544338,2011/2/18,8:47,21975,0.55,24
12852,544338,2011/2/18,8:47,22423,12.75,2
12527,544340,2011/2/18,9:41,72351A,2.1,24
12527,544340,2011/2/18,9:41,72351B,2.1,24
12527,544340,2011/2/18,9:41,85170C,2.1,12
12527,544340,2011/2/18,9:41,21977,0.55,24
12527,544340,2011/2/18,9:41,84991,0.55,24
12714,544355,2011/2/18,10:53,22367,1.95,8
12714,544355,2011/2/18,10:53,22898,1.95,8
12714,544355,2011/2/18,10:53,40016,0.42,24
12714,544355,2011/2/18,10:53,22236,12.75,2
12714,544355,2011/2/18,10:53,21086,0.65,12
12714,544355,2011/2/18,10:53,21987,0.65,12
12714,544355,2011/2/18,10:53,21078,0.85,12
12714,544355,2011/2/18,10:53,21080,0.85,12
12714,544355,2011/2/18,10:53,21989,0.85,12
12714,544355,2011/2/18,10:53,21094,0.85,12
12714,544355,2011/2/18,10:53,21988,0.85,12
12714,544355,2011/2/18,10:53,21154,1.25,10
12714,544355,2011/2/18,10:53,22350,2.55,6
12714,544355,2011/2/18,10:53,21980,0.29,24
12714,544355,2011/2/18,10:53,21981,0.29,24
12714,544355,2011/2/18,10:53,21982,0.29,24
12714,544355,2011/2/18,10:53,22614,0.29,24
12714,544355,2011/2/18,10:53,22615,0.29,24
12714,544355,2011/2/18,10:53,21731,1.65,12
12714,544355,2011/2/18,10:53,22466,1.95,12
12714,544355,2011/2/18,10:53,22637,2.55,8
12714,544355,2011/2/18,10:53,21915,1.25,12
12714,544355,2011/2/18,10:53,20676,1.25,16
12714,544355,2011/2/18,10:53,20677,1.25,8
12714,544355,2011/2/18,10:53,21246,4.95,6
12714,544355,2011/2/18,10:53,22348,0.85,12
12714,544355,2011/2/18,10:53,22072,3.75,8
12714,544355,2011/2/18,10:53,84625A,0.85,24
12714,544355,2011/2/18,10:53,20685,7.95,4
12714,544355,2011/2/18,10:53,22365,7.95,2
12714,544355,2011/2/18,10:53,21524,7.95,2
12714,544355,2011/2/18,10:53,71101E,0.85,12
12714,544355,2011/2/18,10:53,21985,0.29,24
12714,544355,2011/2/18,10:53,84821,0.85,12
12714,544355,2011/2/18,10:53,22567,1.25,12
12714,544355,2011/2/18,10:53,21042,5.95,6
12714,544355,2011/2/18,10:53,21126,1.25,12
12714,544355,2011/2/18,10:53,85039A,1.65,12
12714,544355,2011/2/18,10:53,85040A,1.65,12
12714,544355,2011/2/18,10:53,85230G,0.29,24
12714,544355,2011/2/18,10:53,85230E,0.29,24
12714,544355,2011/2/18,10:53,22029,0.42,12
12714,544355,2011/2/18,10:53,22904,2.95,6
12714,544355,2011/2/18,10:53,22740,0.85,96
12714,544355,2011/2/18,10:53,22741,0.85,48
12714,544355,2011/2/18,10:53,21328,1.65,12
12714,544355,2011/2/18,10:53,20665,2.95,6
12714,544355,2011/2/18,10:53,20686,3.25,6
12714,544355,2011/2/18,10:53,20681,3.25,6
12714,544355,2011/2/18,10:53,20682,3.25,6
12714,544355,2011/2/18,10:53,20684,3.25,6
12714,544355,2011/2/18,10:53,22899,2.1,6
12714,544355,2011/2/18,10:53,POST,18,5
12594,544399,2011/2/18,12:28,22381,2.1,10
12594,544399,2011/2/18,12:28,84375,2.1,12
12594,544399,2011/2/18,12:28,22380,2.1,10
12594,544399,2011/2/18,12:28,22556,1.65,12
12594,544399,2011/2/18,12:28,22898,1.95,8
12594,544399,2011/2/18,12:28,22379,2.1,10
12594,544399,2011/2/18,12:28,22584,2.55,6
12594,544399,2011/2/18,12:28,22583,2.55,6
12594,544399,2011/2/18,12:28,22582,2.55,6
12594,544399,2011/2/18,12:28,20712,1.95,10
12594,544399,2011/2/18,12:28,20713,1.95,10
12594,544399,2011/2/18,12:28,20711,1.95,10
12594,544399,2011/2/18,12:28,POST,28,1
12553,544423,2011/2/18,15:23,79190B,0.42,15
12707,544470,2011/2/21,8:38,22514,2.1,6
12707,544470,2011/2/21,8:38,22515,2.1,6
12707,544470,2011/2/21,8:38,22516,2.1,6
12707,544470,2011/2/21,8:38,22517,2.1,6
12707,544470,2011/2/21,8:38,22518,2.1,6
12707,544470,2011/2/21,8:38,22519,2.1,6
12707,544470,2011/2/21,8:38,22520,0.85,12
12707,544470,2011/2/21,8:38,22521,0.85,12
12707,544470,2011/2/21,8:38,22522,0.85,12
12707,544470,2011/2/21,8:38,22523,0.85,12
12707,544470,2011/2/21,8:38,22524,1.25,10
12707,544470,2011/2/21,8:38,22525,1.25,10
12707,544470,2011/2/21,8:38,22619,3.75,4
12707,544470,2011/2/21,8:38,22605,12.75,4
12707,544470,2011/2/21,8:38,22606,12.75,4
12707,544470,2011/2/21,8:38,22607,8.5,8
12707,544470,2011/2/21,8:38,22713,0.42,12
12707,544470,2011/2/21,8:38,22900,2.95,6
12707,544470,2011/2/21,8:38,22891,4.25,3
12707,544470,2011/2/21,8:38,21527,7.95,2
12707,544470,2011/2/21,8:38,21528,6.95,6
12707,544470,2011/2/21,8:38,22970,2.55,6
12707,544470,2011/2/21,8:38,22971,2.55,6
12707,544470,2011/2/21,8:38,37370,1.25,12
12707,544470,2011/2/21,8:38,22969,1.45,12
12707,544470,2011/2/21,8:38,22084,2.95,6
12707,544470,2011/2/21,8:38,22139,4.95,6
12707,544470,2011/2/21,8:38,22659,1.95,12
12707,544470,2011/2/21,8:38,22922,0.85,12
12707,544470,2011/2/21,8:38,22109,3.75,4
12707,544470,2011/2/21,8:38,22623,4.95,3
12707,544470,2011/2/21,8:38,22037,0.42,12
12707,544470,2011/2/21,8:38,22024,0.42,12
12423,544474,2011/2/21,9:52,20724,0.85,10
12423,544474,2011/2/21,9:52,22907,0.85,12
12423,544474,2011/2/21,9:52,22962,0.85,12
12423,544474,2011/2/21,9:52,22398,1.25,12
12423,544474,2011/2/21,9:52,22252,1.25,12
12423,544474,2011/2/21,9:52,22969,1.45,12
12423,544474,2011/2/21,9:52,85040A,1.65,12
12423,544474,2011/2/21,9:52,85230E,0.29,24
12423,544474,2011/2/21,9:52,85230G,0.29,24
12423,544474,2011/2/21,9:52,22893,0.42,24
12423,544474,2011/2/21,9:52,22326,2.95,6
12423,544474,2011/2/21,9:52,22328,2.95,6
12423,544474,2011/2/21,9:52,22720,4.95,3
12423,544474,2011/2/21,9:52,21980,0.29,24
12423,544474,2011/2/21,9:52,POST,15,1
12524,544483,2011/2/21,10:53,22993,1.06,72
12524,544483,2011/2/21,10:53,21088,0.65,24
12524,544483,2011/2/21,10:53,21086,0.65,24
12524,544483,2011/2/21,10:53,21987,0.65,24
12524,544483,2011/2/21,10:53,84796B,10.95,12
12524,544483,2011/2/21,10:53,22631,1.95,12
12524,544483,2011/2/21,10:53,22659,1.95,12
12524,544483,2011/2/21,10:53,22349,3.75,6
12524,544483,2011/2/21,10:53,22350,2.55,6
12524,544483,2011/2/21,10:53,22894,9.95,2
12524,544483,2011/2/21,10:53,22892,1.06,72
12524,544483,2011/2/21,10:53,POST,18,5
12766,544495,2011/2/21,11:42,23231,0.42,25
12766,544495,2011/2/21,11:42,22637,2.55,8
12766,544495,2011/2/21,11:42,22139,4.95,3
12766,544495,2011/2/21,11:42,21498,0.42,25
12766,544495,2011/2/21,11:42,22937,2.55,6
12766,544495,2011/2/21,11:42,22646,1.45,12
12766,544495,2011/2/21,11:42,21914,1.25,12
12766,544495,2011/2/21,11:42,21500,0.42,25
12766,544495,2011/2/21,11:42,21915,1.25,12
12766,544495,2011/2/21,11:42,21527,7.95,6
12766,544495,2011/2/21,11:42,21125,1.25,12
12766,544495,2011/2/21,11:42,21980,0.29,24
12766,544495,2011/2/21,11:42,22550,3.75,4
12766,544495,2011/2/21,11:42,22457,2.95,12
12766,544495,2011/2/21,11:42,20750,7.95,2
12766,544495,2011/2/21,11:42,21122,1.25,24
12766,544495,2011/2/21,11:42,21124,1.25,24
12766,544495,2011/2/21,11:42,21121,1.25,24
12766,544495,2011/2/21,11:42,21984,0.29,24
12766,544495,2011/2/21,11:42,48184,7.95,2
12766,544495,2011/2/21,11:42,84987,1.45,12
12766,544495,2011/2/21,11:42,84520B,0.85,12
12766,544495,2011/2/21,11:42,21354,1.25,12
12766,544495,2011/2/21,11:42,22073,3.75,4
12766,544495,2011/2/21,11:42,21218,3.75,6
12766,544495,2011/2/21,11:42,22138,4.95,6
12766,544495,2011/2/21,11:42,22662,1.65,10
12766,544495,2011/2/21,11:42,22366,7.95,2
12766,544495,2011/2/21,11:42,22851,0.85,12
12766,544495,2011/2/21,11:42,20685,7.95,2
12766,544495,2011/2/21,11:42,22666,2.95,12
12766,544495,2011/2/21,11:42,21531,2.55,6
12766,544495,2011/2/21,11:42,22472,4.95,3
12766,544495,2011/2/21,11:42,21844,2.95,6
12766,544495,2011/2/21,11:42,22667,2.95,12
12766,544495,2011/2/21,11:42,21906,6.75,4
12766,544495,2011/2/21,11:42,22649,4.95,8
12766,544495,2011/2/21,11:42,37448,1.49,12
12766,544495,2011/2/21,11:42,84509A,3.75,4
12766,544495,2011/2/21,11:42,48129,7.95,2
12766,544495,2011/2/21,11:42,22473,4.95,3
12766,544495,2011/2/21,11:42,21080,0.85,12
12766,544495,2011/2/21,11:42,POST,28,6
12621,544573,2011/2/21,13:40,22423,12.75,1
12621,544573,2011/2/21,13:40,21700,0.85,12
12621,544573,2011/2/21,13:40,22665,2.95,6
12621,544573,2011/2/21,13:40,22961,1.45,24
12621,544573,2011/2/21,13:40,22960,4.25,6
12621,544573,2011/2/21,13:40,22303,2.1,36
12621,544573,2011/2/21,13:40,22302,2.55,12
12621,544573,2011/2/21,13:40,20750,7.95,2
12621,544573,2011/2/21,13:40,22973,1.65,12
12621,544573,2011/2/21,13:40,22636,8.5,4
12621,544573,2011/2/21,13:40,22991,1.65,144
12621,544573,2011/2/21,13:40,20712,1.95,10
12621,544573,2011/2/21,13:40,21931,1.95,10
12621,544573,2011/2/21,13:40,20719,0.85,10
12621,544573,2011/2/21,13:40,22355,0.85,10
12621,544573,2011/2/21,13:40,22748,2.1,6
12621,544573,2011/2/21,13:40,22148,1.65,40
12621,544573,2011/2/21,13:40,22568,3.75,8
12621,544573,2011/2/21,13:40,20973,0.65,144
12621,544573,2011/2/21,13:40,22583,2.55,6
12621,544573,2011/2/21,13:40,22585,1.25,12
12621,544573,2011/2/21,13:40,POST,18,5
12365,544574,2011/2/21,13:51,22128,1.25,12
12365,544574,2011/2/21,13:51,20972,1.25,12
12365,544574,2011/2/21,13:51,22585,1.25,12
12365,544574,2011/2/21,13:51,21107,2.95,6
12365,544574,2011/2/21,13:51,21106,2.95,6
12365,544574,2011/2/21,13:51,21358,1.25,12
12365,544574,2011/2/21,13:51,21356,1.25,12
12365,544574,2011/2/21,13:51,21355,1.25,12
12365,544574,2011/2/21,13:51,22423,12.75,1
12365,544574,2011/2/21,13:51,22699,2.95,6
12365,544574,2011/2/21,13:51,22698,2.95,6
12365,544574,2011/2/21,13:51,84987,1.45,12
12365,544574,2011/2/21,13:51,21974,1.45,12
12365,544574,2011/2/21,13:51,21408,4.25,3
12365,544574,2011/2/21,13:51,22915,0.42,12
12365,544574,2011/2/21,13:51,72807A,4.25,4
12365,544574,2011/2/21,13:51,22478,1.25,10
12365,544574,2011/2/21,13:51,22224,2.95,6
12365,544574,2011/2/21,13:51,84884A,3.95,5
12365,544574,2011/2/21,13:51,22697,2.95,6
12365,544574,2011/2/21,13:51,21651,1.65,6
12365,544578,2011/2/21,14:04,M,320.69,1
12523,544585,2011/2/21,14:58,23231,0.42,25
12523,544585,2011/2/21,14:58,22891,4.25,3
12523,544585,2011/2/21,14:58,22354,3.75,5
12523,544585,2011/2/21,14:58,22282,12.75,2
12523,544585,2011/2/21,14:58,22861,1.65,12
12523,544585,2011/2/21,14:58,22857,0.85,24
12523,544585,2011/2/21,14:58,22957,2.95,6
12523,544585,2011/2/21,14:58,POST,18,1
12845,544662,2011/2/22,14:10,21915,1.25,1
12845,544662,2011/2/22,14:10,21716,2.55,1
12845,544662,2011/2/22,14:10,21715,2.55,1
12845,544662,2011/2/22,14:10,22094,1.25,1
12845,544662,2011/2/22,14:10,20679,5.95,1
12845,544662,2011/2/22,14:10,85014B,5.95,1
12845,544662,2011/2/22,14:10,22499,5.95,1
12845,544662,2011/2/22,14:10,21216,4.95,1
12845,544662,2011/2/22,14:10,22558,1.49,1
12845,544662,2011/2/22,14:10,22315,1.25,1
12845,544662,2011/2/22,14:10,20914,2.95,1
12845,544662,2011/2/22,14:10,20983,0.85,1
12845,544662,2011/2/22,14:10,20979,1.25,1
12845,544662,2011/2/22,14:10,20975,0.65,1
12845,544662,2011/2/22,14:10,20682,3.25,1
12845,544662,2011/2/22,14:10,84378,1.25,1
12845,544662,2011/2/22,14:10,22309,2.55,1
12845,544662,2011/2/22,14:10,21212,0.55,1
12845,544662,2011/2/22,14:10,22329,1.65,1
12845,544662,2011/2/22,14:10,22625,8.5,1
12845,544662,2011/2/22,14:10,22193,8.5,1
12748,544686,2011/2/22,17:20,22385,1.95,1
12748,544686,2011/2/22,17:20,20713,1.95,1
12748,544686,2011/2/22,17:20,21930,1.95,1
12748,544686,2011/2/22,17:20,85099C,1.95,1
12823,544807,2011/2/23,15:03,48138,7.65,30
12471,544811,2011/2/23,15:53,23233,0.42,25
12471,544811,2011/2/23,15:53,23231,0.42,25
12471,544811,2011/2/23,15:53,22992,1.95,12
12471,544811,2011/2/23,15:53,22993,1.25,12
12471,544811,2011/2/23,15:53,84988,1.45,12
12471,544811,2011/2/23,15:53,20719,0.85,10
12471,544811,2011/2/23,15:53,21210,1.45,12
12471,544811,2011/2/23,15:53,22472,4.95,6
12471,544811,2011/2/23,15:53,22445,2.95,12
12471,544811,2011/2/23,15:53,22625,8.5,6
12471,544811,2011/2/23,15:53,22728,3.75,12
12471,544811,2011/2/23,15:53,22741,0.85,48
12471,544811,2011/2/23,15:53,22720,4.95,6
12471,544811,2011/2/23,15:53,POST,18,3
12437,544817,2011/2/23,16:44,22197,0.85,12
12437,544817,2011/2/23,16:44,20676,1.25,8
12437,544817,2011/2/23,16:44,22215,8.5,4
12437,544817,2011/2/23,16:44,22132,0.85,12
12437,544817,2011/2/23,16:44,22133,0.85,12
12437,544817,2011/2/23,16:44,22435,1.25,36
12437,544817,2011/2/23,16:44,21559,2.55,12
12437,544817,2011/2/23,16:44,21509,0.42,12
12437,544817,2011/2/23,16:44,22551,1.65,12
12437,544817,2011/2/23,16:44,22556,1.65,12
12437,544817,2011/2/23,16:44,22693,1.25,24
12437,544817,2011/2/23,16:44,22492,0.65,36
12437,544817,2011/2/23,16:44,21208,1.65,12
12437,544817,2011/2/23,16:44,21209,1.65,12
12437,544817,2011/2/23,16:44,22716,0.42,24
12437,544817,2011/2/23,16:44,22714,0.42,24
12437,544817,2011/2/23,16:44,POST,18,2
12437,544818,2011/2/23,16:45,22893,0.42,48
12437,544818,2011/2/23,16:45,84380,1.25,12
12437,544818,2011/2/23,16:45,21121,1.25,24
12437,544818,2011/2/23,16:45,22352,2.55,12
12748,544819,2011/2/23,17:15,M,5,6
12748,544819,2011/2/23,17:15,84985A,1.45,1
12748,544819,2011/2/23,17:15,21171,1.45,1
12748,544819,2011/2/23,17:15,84988,1.45,1
12748,544819,2011/2/23,17:15,21201,2.55,1
12748,544819,2011/2/23,17:15,22091,1.25,1
12748,544819,2011/2/23,17:15,82552,1.45,1
12748,544819,2011/2/23,17:15,40016,0.42,12
12748,544819,2011/2/23,17:15,21743,2.95,2
12748,544819,2011/2/23,17:15,21713,2.1,3
12748,544819,2011/2/23,17:15,21201,2.55,3
12748,544819,2011/2/23,17:15,20828,2.55,2
12565,544838,2011/2/24,10:34,22915,0.42,12
12565,544838,2011/2/24,10:34,22363,2.95,6
12565,544838,2011/2/24,10:34,22362,2.95,6
12565,544838,2011/2/24,10:34,22361,2.95,6
12565,544838,2011/2/24,10:34,22553,1.65,12
12565,544838,2011/2/24,10:34,22555,1.65,12
12565,544838,2011/2/24,10:34,22556,1.65,12
12565,544838,2011/2/24,10:34,20781,5.49,2
12565,544838,2011/2/24,10:34,22969,1.45,12
12582,544886,2011/2/24,11:42,21238,0.85,16
12582,544886,2011/2/24,11:42,21239,0.85,16
12582,544886,2011/2/24,11:42,21240,0.85,16
12582,544886,2011/2/24,11:42,21242,1.69,8
12582,544886,2011/2/24,11:42,21243,1.69,8
12582,544886,2011/2/24,11:42,21244,1.69,8
12582,544886,2011/2/24,11:42,20675,1.25,8
12582,544886,2011/2/24,11:42,20676,1.25,8
12582,544886,2011/2/24,11:42,20677,1.25,16
12582,544886,2011/2/24,11:42,21212,0.55,24
12582,544886,2011/2/24,11:42,22467,2.55,12
12582,544886,2011/2/24,11:42,POST,40,1
12633,544933,2011/2/25,8:44,10135,1.06,200
12633,544933,2011/2/25,8:44,22343,0.85,24
12633,544933,2011/2/25,8:44,84356,5.95,36
12633,544933,2011/2/25,8:44,22857,0.85,12
12633,544933,2011/2/25,8:44,22858,1.65,6
12633,544933,2011/2/25,8:44,21731,1.65,12
12633,544933,2011/2/25,8:44,22139,4.95,3
12633,544933,2011/2/25,8:44,21915,1.25,12
12633,544933,2011/2/25,8:44,22556,1.65,12
12633,544933,2011/2/25,8:44,22557,1.65,12
12633,544933,2011/2/25,8:44,21980,0.29,24
12633,544933,2011/2/25,8:44,21985,0.29,24
12633,544933,2011/2/25,8:44,22704,0.42,25
12633,544933,2011/2/25,8:44,22302,2.55,6
12633,544933,2011/2/25,8:44,22303,2.55,6
12633,544933,2011/2/25,8:44,22895,2.95,6
12633,544933,2011/2/25,8:44,22897,1.45,10
12633,544933,2011/2/25,8:44,22908,0.85,12
12633,544933,2011/2/25,8:44,20718,1.25,10
12633,544933,2011/2/25,8:44,20754,2.1,6
12633,544933,2011/2/25,8:44,21041,2.95,6
12633,544933,2011/2/25,8:44,21531,2.55,6
12633,544933,2011/2/25,8:44,21533,4.95,3
12633,544933,2011/2/25,8:44,21121,1.25,24
12633,544933,2011/2/25,8:44,85099B,1.95,10
12633,544933,2011/2/25,8:44,21929,1.95,10
12633,544933,2011/2/25,8:44,21212,0.55,24
12633,544933,2011/2/25,8:44,22326,2.95,6
12633,544933,2011/2/25,8:44,21559,2.55,6
12633,544933,2011/2/25,8:44,21558,2.55,6
12633,544933,2011/2/25,8:44,22328,2.95,6
12633,544933,2011/2/25,8:44,22352,2.55,6
12633,544933,2011/2/25,8:44,22892,1.25,12
12633,544933,2011/2/25,8:44,POST,18,6
12839,544937,2011/2/25,10:09,20712,1.95,10
12839,544937,2011/2/25,10:09,21931,1.95,10
12839,544937,2011/2/25,10:09,22663,1.95,10
12839,544937,2011/2/25,10:09,85099C,1.95,10
12839,544937,2011/2/25,10:09,85099F,1.95,10
12839,544937,2011/2/25,10:09,22355,0.85,10
12839,544937,2011/2/25,10:09,20723,0.85,10
12839,544937,2011/2/25,10:09,20724,0.85,10
12839,544937,2011/2/25,10:09,22661,0.85,10
12839,544937,2011/2/25,10:09,21164,2.95,6
12839,544937,2011/2/25,10:09,21232,1.25,12
12839,544937,2011/2/25,10:09,21231,1.25,12
12839,544937,2011/2/25,10:09,22059,1.49,12
12839,544937,2011/2/25,10:09,37448,1.49,12
12839,544937,2011/2/25,10:09,82482,2.55,6
12839,544937,2011/2/25,10:09,82483,6.95,2
12839,544937,2011/2/25,10:09,22693,1.25,24
12839,544937,2011/2/25,10:09,22189,3.95,12
12839,544937,2011/2/25,10:09,22197,0.85,12
12839,544937,2011/2/25,10:09,22064,1.65,12
12841,544941,2011/2/25,10:25,47566,4.95,4
12841,544941,2011/2/25,10:25,47590A,5.45,2
12841,544941,2011/2/25,10:25,22321,0.85,12
12841,544941,2011/2/25,10:25,22322,0.85,24
12841,544941,2011/2/25,10:25,21447,1.25,12
12841,544941,2011/2/25,10:25,84231,0.65,4
12841,544941,2011/2/25,10:25,15036,0.75,36
12841,544941,2011/2/25,10:25,84228,0.42,2
12841,544941,2011/2/25,10:25,84378,1.25,2
12841,544941,2011/2/25,10:25,22230,0.85,2
12841,544941,2011/2/25,10:25,22087,2.95,20
12474,544996,2011/2/25,11:53,21456,1.25,12
12474,544996,2011/2/25,11:53,22326,2.95,12
12474,544996,2011/2/25,11:53,22555,1.65,12
12474,544996,2011/2/25,11:53,22556,1.65,12
12474,544996,2011/2/25,11:53,22553,1.65,12
12474,544996,2011/2/25,11:53,22716,0.42,12
12474,544996,2011/2/25,11:53,22814,0.42,12
12474,544996,2011/2/25,11:53,22824,35.95,1
12474,544996,2011/2/25,11:53,21458,1.25,12
12474,544996,2011/2/25,11:53,22328,2.95,12
12474,544996,2011/2/25,11:53,22957,2.95,12
12474,544996,2011/2/25,11:53,22487,9.95,1
12474,544996,2011/2/25,11:53,POST,18,2
12361,545017,2011/2/25,13:51,22630,1.95,12
12361,545017,2011/2/25,13:51,22326,2.95,6
12361,545017,2011/2/25,13:51,20726,1.65,10
12361,545017,2011/2/25,13:51,20725,1.65,10
12361,545017,2011/2/25,13:51,22328,2.95,6
12361,545017,2011/2/25,13:51,22382,1.65,10
12361,545017,2011/2/25,13:51,22629,1.95,12
12361,545017,2011/2/25,13:51,22631,1.95,12
12361,545017,2011/2/25,13:51,22555,1.65,12
12361,545017,2011/2/25,13:51,POST,15,1
12599,545051,2011/2/27,11:58,21122,1.25,24
12599,545051,2011/2/27,11:58,21124,1.25,24
12599,545051,2011/2/27,11:58,20676,1.25,16
12599,545051,2011/2/27,11:58,22964,2.1,6
12599,545051,2011/2/27,11:58,POST,18,1
12748,545062,2011/2/27,14:07,22781,7.65,1
12748,545062,2011/2/27,14:07,22168,8.5,2
12748,545062,2011/2/27,14:07,22760,12.75,1
12748,545062,2011/2/27,14:07,22838,14.95,1
12748,545062,2011/2/27,14:07,22842,6.75,1
12748,545062,2011/2/27,14:07,22427,5.95,1
12748,545062,2011/2/27,14:07,22192,8.5,1
12748,545062,2011/2/27,14:07,22926,5.95,1
12748,545062,2011/2/27,14:07,21877,1.25,2
12748,545062,2011/2/27,14:07,21069,1.25,2
12748,545062,2011/2/27,14:07,21876,1.25,2
12748,545062,2011/2/27,14:07,21873,1.25,1
12748,545062,2011/2/27,14:07,37370,1.25,2
12748,545062,2011/2/27,14:07,21868,1.25,2
12748,545062,2011/2/27,14:07,22550,3.75,1
12748,545062,2011/2/27,14:07,21912,3.75,1
12748,545062,2011/2/27,14:07,21790,0.85,2
12748,545062,2011/2/27,14:07,21915,1.25,1
12748,545062,2011/2/27,14:07,22467,2.55,2
12748,545062,2011/2/27,14:07,21787,0.85,1
12748,545062,2011/2/27,14:07,35241,4.95,1
12748,545062,2011/2/27,14:07,22567,1.25,1
12748,545062,2011/2/27,14:07,21089,0.65,2
12748,545062,2011/2/27,14:07,22268,0.85,2
12748,545062,2011/2/27,14:07,22269,1.25,2
12748,545062,2011/2/27,14:07,16016,0.85,12
12748,545062,2011/2/27,14:07,22407,1.25,1
12748,545062,2011/2/27,14:07,22409,1.25,1
12748,545062,2011/2/27,14:07,84847,3.75,1
12748,545062,2011/2/27,14:07,21166,2.08,1
12748,545062,2011/2/27,14:07,21775,1.25,1
12748,545062,2011/2/27,14:07,22727,3.75,1
12748,545062,2011/2/27,14:07,22430,4.95,1
12748,545062,2011/2/27,14:07,21774,1.25,1
12748,545062,2011/2/27,14:07,85152,2.1,1
12748,545062,2011/2/27,14:07,21174,2.08,1
12748,545062,2011/2/27,14:07,20770,2.55,1
12748,545062,2011/2/27,14:07,20764,3.75,1
12748,545062,2011/2/27,14:07,85059,3.75,2
12748,545062,2011/2/27,14:07,22429,4.25,1
12748,545062,2011/2/27,14:07,22429,4.25,1
12748,545062,2011/2/27,14:07,22771,1.25,4
12748,545062,2011/2/27,14:07,22723,3.95,1
12748,545062,2011/2/27,14:07,22495,2.95,1
12748,545062,2011/2/27,14:07,22621,1.45,1
12748,545062,2011/2/27,14:07,22496,2.95,1
12748,545062,2011/2/27,14:07,79403,0.85,2
12748,545062,2011/2/27,14:07,82552,1.45,1
12748,545062,2011/2/27,14:07,22726,3.75,1
12748,545062,2011/2/27,14:07,22729,3.75,1
12748,545062,2011/2/27,14:07,84763,1.25,2
12748,545062,2011/2/27,14:07,22963,0.85,1
12748,545062,2011/2/27,14:07,22362,2.95,1
12748,545062,2011/2/27,14:07,22360,2.95,1
12748,545062,2011/2/27,14:07,22364,2.95,1
12748,545062,2011/2/27,14:07,22359,2.95,1
12748,545062,2011/2/27,14:07,22963,0.85,1
12748,545062,2011/2/27,14:07,22424,12.75,1
12748,545062,2011/2/27,14:07,22359,2.95,1
12748,545062,2011/2/27,14:07,84882,3.75,2
12748,545062,2011/2/27,14:07,22186,2.95,1
12748,545062,2011/2/27,14:07,21240,0.85,6
12748,545062,2011/2/27,14:07,22625,8.5,1
12748,545062,2011/2/27,14:07,22630,1.95,1
12748,545062,2011/2/27,14:07,35004B,5.45,1
12748,545062,2011/2/27,14:07,75131,1.69,1
12748,545062,2011/2/27,14:07,85054,2.95,2
12431,545065,2011/2/27,14:43,22992,1.95,24
12431,545065,2011/2/27,14:43,21731,1.45,144
12431,545065,2011/2/27,14:43,22505,4.95,4
12431,545065,2011/2/27,14:43,21937,2.95,5
12431,545065,2011/2/27,14:43,21936,2.95,5
12431,545065,2011/2/27,14:43,22785,6.75,4
12431,545065,2011/2/27,14:43,22786,5.95,2
12431,545065,2011/2/27,14:43,21933,2.95,5
12431,545065,2011/2/27,14:43,21555,2.55,12
12431,545065,2011/2/27,14:43,22466,1.95,12
12781,545072,2011/2/28,8:43,22930,2.55,18
12781,545072,2011/2/28,8:43,84755,0.65,48
12781,545072,2011/2/28,8:43,22216,0.85,24
12781,545072,2011/2/28,8:43,21791,1.25,12
12781,545072,2011/2/28,8:43,22231,1.45,36
12781,545072,2011/2/28,8:43,22250,0.85,32
12781,545072,2011/2/28,8:43,84459A,1.49,24
12781,545072,2011/2/28,8:43,20972,1.25,24
12781,545072,2011/2/28,8:43,22326,2.95,24
12781,545072,2011/2/28,8:43,21428,4.25,12
12781,545072,2011/2/28,8:43,22587,0.85,24
12781,545072,2011/2/28,8:43,47594B,1.95,24
12781,545072,2011/2/28,8:43,85206A,1.65,24
12781,545072,2011/2/28,8:43,22244,1.95,12
12781,545072,2011/2/28,8:43,22505,4.95,8
12458,545084,2011/2/28,10:55,21829,0.21,72
12458,545084,2011/2/28,10:55,20726,1.65,20
12458,545084,2011/2/28,10:55,20728,1.65,30
12458,545084,2011/2/28,10:55,22662,1.65,10
12458,545084,2011/2/28,10:55,22630,1.95,24
12458,545084,2011/2/28,10:55,21441,0.85,12
12458,545084,2011/2/28,10:55,20819,3.75,4
12458,545084,2011/2/28,10:55,22318,2.95,6
12458,545084,2011/2/28,10:55,22317,2.95,6
12458,545084,2011/2/28,10:55,20681,3.25,6
12458,545084,2011/2/28,10:55,22326,2.95,12
12458,545084,2011/2/28,10:55,22329,1.65,12
12458,545084,2011/2/28,10:55,22261,0.85,12
12458,545084,2011/2/28,10:55,85206A,1.65,6
12458,545084,2011/2/28,10:55,22321,0.85,12
12458,545084,2011/2/28,10:55,22322,0.85,12
12458,545084,2011/2/28,10:55,22747,2.1,6
12458,545084,2011/2/28,10:55,22745,2.1,6
12458,545084,2011/2/28,10:55,POST,40,2
12678,545086,2011/2/28,11:43,22893,0.42,24
12678,545086,2011/2/28,11:43,21977,0.55,24
12678,545086,2011/2/28,11:43,21212,0.55,24
12678,545086,2011/2/28,11:43,22138,4.95,9
12678,545086,2011/2/28,11:43,21535,2.55,18
12678,545086,2011/2/28,11:43,22073,3.75,12
12678,545086,2011/2/28,11:43,22964,2.1,12
12678,545086,2011/2/28,11:43,84375,2.1,36
12678,545086,2011/2/28,11:43,22736,1.65,10
12678,545086,2011/2/28,11:43,22737,1.65,10
12678,545086,2011/2/28,11:43,22739,1.65,10
12678,545086,2011/2/28,11:43,21976,0.55,24
12678,545086,2011/2/28,11:43,POST,18,1
12598,545105,2011/2/28,11:58,22367,1.95,8
12598,545105,2011/2/28,11:58,22382,1.65,10
12598,545105,2011/2/28,11:58,22629,1.95,24
12598,545105,2011/2/28,11:58,22544,0.42,24
12598,545105,2011/2/28,11:58,22303,2.55,6
12598,545105,2011/2/28,11:58,20665,2.95,12
12598,545105,2011/2/28,11:58,20724,0.85,10
12598,545105,2011/2/28,11:58,22352,2.55,6
12598,545105,2011/2/28,11:58,21559,2.55,6
12598,545105,2011/2/28,11:58,22659,1.95,24
12598,545105,2011/2/28,11:58,22902,2.1,12
12598,545105,2011/2/28,11:58,22970,2.55,12
12598,545105,2011/2/28,11:58,21700,0.85,12
12598,545105,2011/2/28,11:58,22390,2.55,6
12598,545105,2011/2/28,11:58,48138,7.95,8
12598,545105,2011/2/28,11:58,22539,0.42,24
12598,545105,2011/2/28,11:58,22899,2.1,12
12598,545105,2011/2/28,11:58,22630,1.95,12
12598,545105,2011/2/28,11:58,22661,0.85,10
12598,545105,2011/2/28,11:58,22181,0.85,24
12598,545105,2011/2/28,11:58,22551,1.65,12
12598,545105,2011/2/28,11:58,22556,1.65,12
12598,545105,2011/2/28,11:58,22554,1.65,12
12598,545105,2011/2/28,11:58,22660,7.95,6
12598,545105,2011/2/28,11:58,22366,7.95,6
12598,545105,2011/2/28,11:58,POST,18,6
12464,545140,2011/2/28,12:08,POST,15,2
12464,545140,2011/2/28,12:08,22467,2.55,6
12464,545140,2011/2/28,12:08,22846,14.95,7
12748,545159,2011/2/28,13:31,22382,1.65,1
12748,545159,2011/2/28,13:31,22662,1.65,1
12748,545159,2011/2/28,13:31,20975,0.65,5
12748,545159,2011/2/28,13:31,20974,0.65,10
12728,545180,2011/2/28,14:42,20750,7.95,2
12728,545180,2011/2/28,14:42,22747,2.1,6
12728,545180,2011/2/28,14:42,22748,2.1,6
12728,545180,2011/2/28,14:42,22467,2.55,6
12728,545180,2011/2/28,14:42,22781,7.65,2
12728,545180,2011/2/28,14:42,22435,1.25,12
12728,545180,2011/2/28,14:42,22961,1.45,12
12728,545180,2011/2/28,14:42,22352,2.55,6
12728,545180,2011/2/28,14:42,21242,1.69,8
12728,545180,2011/2/28,14:42,84997B,4.15,6
12728,545180,2011/2/28,14:42,84997C,4.15,6
12728,545180,2011/2/28,14:42,POST,18,1
12509,545181,2011/2/28,14:45,47566,4.95,10
12509,545181,2011/2/28,14:45,47566B,4.95,10
12509,545181,2011/2/28,14:45,22356,0.85,10
12509,545181,2011/2/28,14:45,22355,0.85,10
12509,545181,2011/2/28,14:45,20723,0.85,10
12509,545181,2011/2/28,14:45,22752,8.5,4
12509,545181,2011/2/28,14:45,POST,18,1
12811,545191,2011/2/28,15:39,20725,1.65,10
12811,545191,2011/2/28,15:39,22662,1.65,10
12811,545191,2011/2/28,15:39,22859,1.65,6
12811,545191,2011/2/28,15:39,22858,1.65,6
12811,545191,2011/2/28,15:39,22957,2.95,6
12811,545191,2011/2/28,15:39,22663,1.95,10
12811,545191,2011/2/28,15:39,21929,1.95,10
12811,545191,2011/2/28,15:39,85099B,1.95,10
12811,545191,2011/2/28,15:39,21928,1.95,10
12811,545191,2011/2/28,15:39,22411,1.95,10
12811,545191,2011/2/28,15:39,21932,2.95,5
12811,545191,2011/2/28,15:39,21933,2.95,5
12811,545191,2011/2/28,15:39,21936,2.95,5
12811,545191,2011/2/28,15:39,POST,28,1
